opened device DISK:/home/jacob/models/Qwen3.8-27B-UD-Q4_K_XL.gguf from pid:25531
opened device PYTHON from pid:25531
am usb:2-5: product string: 'custom ed4e39b7-CLEAN'
opened device CPU from pid:25531
am usb:2-5: Malformed state. Issuing a full reset.
am usb:2-5: mode1 reset
am usb:2-5: AM_SOC initialized
am usb:2-5: AM_GMC initialized
am usb:2-5: AM_IH initialized
am usb:2-5: loading sos component: PSP_FW_TYPE_PSP_KDB
am usb:2-5: loading sos component: PSP_FW_TYPE_PSP_KDB
am usb:2-5: loading sos component: PSP_FW_TYPE_PSP_SYS_DRV
am usb:2-5: loading sos component: PSP_FW_TYPE_PSP_SOS
am usb:2-5: loading fw: GFX_FW_TYPE_SMU
am usb:2-5: loading fw: GFX_FW_TYPE_SDMA_UCODE_TH1
am usb:2-5: loading fw: GFX_FW_TYPE_SDMA_UCODE_TH0
am usb:2-5: loading fw: GFX_FW_TYPE_RS64_MEC
am usb:2-5: loading fw: GFX_FW_TYPE_RS64_MEC_P0_STACK
am usb:2-5: loading fw: GFX_FW_TYPE_IMU_I
am usb:2-5: loading fw: GFX_FW_TYPE_IMU_D
am usb:2-5: loading fw: GFX_FW_TYPE_RLC_IRAM
am usb:2-5: loading fw: GFX_FW_TYPE_RLC_DRAM_BOOT
am usb:2-5: loading fw: GFX_FW_TYPE_RLC_P
am usb:2-5: loading fw: GFX_FW_TYPE_RLC_V
am usb:2-5: loading fw: GFX_FW_TYPE_RLC_G
am usb:2-5: AM_PSP initialized
am usb:2-5: AM_SMU initialized
am usb:2-5: AM_GFX initialized
am usb:2-5: AM_SDMA initialized
am usb:2-5: boot done
AMDDevice: opening 0 with target (11, 0, 0) arch gfx1100
opened device AMD from pid:25531
[32m*** AMD        1[0m [33mcopy   16.34 GB,     AMD <- DISK:/h[0m            arg  2 mem  17.55 GB tm [33m    49.60s [0m/ 49603.94ms (      0 GFLOPS    0|0      GB/s)
scheduled   456 kernels in  1495.77 ms | CACHE MISS 9eec5655 |   39167 uops in cache | <frozen runpy>:88
compiling:   0%|                                          | 0/6 [00:00<?, ?it/s]compiling E[90m_[0m[34m480[0m[90m_[0m[36m16[0m[90m_[0m[36m8[0m[90m_[0m[33m4[0m                            :  17%|▏| 1/6 [00:00<00:01,  3.18it/s]compiling E[90m_[0m[34m3[0m[90m_[0m[36m4[0m[90m_[0m[33m4[0m                                 :  33%|▎| 2/6 [00:00<00:00,  6.10it/s]compiling E[90m_[0m[34m2[0m[90m_[0m[36m32[0m[90m_[0m[33m4[0m                                :  50%|▌| 3/6 [00:00<00:00,  7.48it/s]compiling E[90m_[0m[34m320[0m[90m_[0m[36m32[0m[90m_[0m[33m4[0m                              :  67%|▋| 4/6 [00:00<00:00,  9.76it/s]compiling E[90m_[0m[34m40[0m[90m_[0m[36m32[0m[90m_[0m[33m4[0m                               :  83%|▊| 5/6 [00:00<00:00, 11.78it/s]compiling E[90m_[0m[36m32[0m[90m_[0m[33m4[0m                                  : 100%|█| 6/6 [00:00<00:00, 13.98it/s]compiling E[90m_[0m[36m32[0m[90m_[0m[33m4[0m                                  : 100%|█| 6/6 [00:00<00:00, 13.97it/s]
[32m*** AMD        2[0m E[90m_[0m[34m40[0m[90m_[0m[36m32[0m[90m_[0m[33m4[0m                                      arg  2 mem  17.55 GB tm      4.68us/ 49603.94ms (      7 GFLOPS    7|7      GB/s)
*** AMD        3 E[90m_[0m[34m40[0m[90m_[0m[36m32[0m[90m_[0m[33m4[0m                                      arg  2 mem  17.55 GB tm      2.80us/ 49603.95ms (     11 GFLOPS   11|11     GB/s)
[32m*** AMD        4[0m E[90m_[0m[34m480[0m[90m_[0m[36m16[0m[90m_[0m[36m8[0m[90m_[0m[33m4[0m                                   arg  2 mem  17.55 GB tm      3.36us/ 49603.95ms (    110 GFLOPS  224|256    GB/s)
*** AMD        5 E[90m_[0m[34m480[0m[90m_[0m[36m16[0m[90m_[0m[36m8[0m[90m_[0m[33m4[0m                                   arg  2 mem  17.55 GB tm      3.24us/ 49603.95ms (    114 GFLOPS  232|265    GB/s)
[32m*** AMD        6[0m E[90m_[0m[34m320[0m[90m_[0m[36m32[0m[90m_[0m[33m4[0m                                     arg  2 mem  17.55 GB tm      2.80us/ 49603.95ms (     88 GFLOPS   88|88     GB/s)
[32m*** AMD        7[0m E[90m_[0m[34m3[0m[90m_[0m[36m4[0m[90m_[0m[33m4[0m                                        arg  2 mem  17.55 GB tm      2.60us/ 49603.96ms (      0 GFLOPS    0|0      GB/s)
*** AMD        8 E[90m_[0m[34m3[0m[90m_[0m[36m4[0m[90m_[0m[33m4[0m                                        arg  2 mem  17.55 GB tm      2.56us/ 49603.96ms (      0 GFLOPS    0|0      GB/s)
[32m*** AMD        9[0m E[90m_[0m[36m32[0m[90m_[0m[33m4[0m                                         arg  2 mem  17.55 GB tm      2.48us/ 49603.96ms (      0 GFLOPS    0|0      GB/s)
*** AMD       10 E[90m_[0m[34m40[0m[90m_[0m[36m32[0m[90m_[0m[33m4[0m                                      arg  2 mem  17.55 GB tm      2.80us/ 49603.97ms (     11 GFLOPS   11|11     GB/s)
*** AMD       11 E[90m_[0m[34m40[0m[90m_[0m[36m32[0m[90m_[0m[33m4[0m                                      arg  2 mem  17.55 GB tm      2.84us/ 49603.97ms (     11 GFLOPS   11|11     GB/s)
*** AMD       12 E[90m_[0m[34m480[0m[90m_[0m[36m16[0m[90m_[0m[36m8[0m[90m_[0m[33m4[0m                                   arg  2 mem  17.55 GB tm      3.36us/ 49603.97ms (    110 GFLOPS  224|256    GB/s)
*** AMD       13 E[90m_[0m[34m480[0m[90m_[0m[36m16[0m[90m_[0m[36m8[0m[90m_[0m[33m4[0m                                   arg  2 mem  17.55 GB tm      3.24us/ 49603.97ms (    114 GFLOPS  232|265    GB/s)
*** AMD       14 E[90m_[0m[34m320[0m[90m_[0m[36m32[0m[90m_[0m[33m4[0m                                     arg  2 mem  17.55 GB tm      2.76us/ 49603.98ms (     89 GFLOPS   89|89     GB/s)
*** AMD       15 E[90m_[0m[34m3[0m[90m_[0m[36m4[0m[90m_[0m[33m4[0m                                        arg  2 mem  17.55 GB tm      2.60us/ 49603.98ms (      0 GFLOPS    0|0      GB/s)
*** AMD       16 E[90m_[0m[34m3[0m[90m_[0m[36m4[0m[90m_[0m[33m4[0m                                        arg  2 mem  17.55 GB tm      2.60us/ 49603.98ms (      0 GFLOPS    0|0      GB/s)
*** AMD       17 E[90m_[0m[36m32[0m[90m_[0m[33m4[0m                                         arg  2 mem  17.55 GB tm      2.44us/ 49603.99ms (      0 GFLOPS    0|0      GB/s)
*** AMD       18 E[90m_[0m[34m40[0m[90m_[0m[36m32[0m[90m_[0m[33m4[0m                                      arg  2 mem  17.55 GB tm      2.84us/ 49603.99ms (     11 GFLOPS   11|11     GB/s)
*** AMD       19 E[90m_[0m[34m40[0m[90m_[0m[36m32[0m[90m_[0m[33m4[0m                                      arg  2 mem  17.55 GB tm      2.84us/ 49603.99ms (     11 GFLOPS   11|11     GB/s)
*** AMD       20 E[90m_[0m[34m480[0m[90m_[0m[36m16[0m[90m_[0m[36m8[0m[90m_[0m[33m4[0m                                   arg  2 mem  17.55 GB tm      3.36us/ 49603.99ms (    110 GFLOPS  224|256    GB/s)
*** AMD       21 E[90m_[0m[34m480[0m[90m_[0m[36m16[0m[90m_[0m[36m8[0m[90m_[0m[33m4[0m                                   arg  2 mem  17.55 GB tm      3.28us/ 49604.00ms (    112 GFLOPS  229|262    GB/s)
*** AMD       22 E[90m_[0m[34m320[0m[90m_[0m[36m32[0m[90m_[0m[33m4[0m                                     arg  2 mem  17.55 GB tm      2.76us/ 49604.00ms (     89 GFLOPS   89|89     GB/s)
*** AMD       23 E[90m_[0m[34m3[0m[90m_[0m[36m4[0m[90m_[0m[33m4[0m                                        arg  2 mem  17.55 GB tm      2.56us/ 49604.00ms (      0 GFLOPS    0|0      GB/s)
*** AMD       24 E[90m_[0m[34m3[0m[90m_[0m[36m4[0m[90m_[0m[33m4[0m                                        arg  2 mem  17.55 GB tm      2.64us/ 49604.01ms (      0 GFLOPS    0|0      GB/s)
*** AMD       25 E[90m_[0m[36m32[0m[90m_[0m[33m4[0m                                         arg  2 mem  17.55 GB tm      2.48us/ 49604.01ms (      0 GFLOPS    0|0      GB/s)
*** AMD       26 E[90m_[0m[34m40[0m[90m_[0m[36m32[0m[90m_[0m[33m4[0m                                      arg  2 mem  17.55 GB tm      2.80us/ 49604.01ms (     11 GFLOPS   11|11     GB/s)
*** AMD       27 E[90m_[0m[34m40[0m[90m_[0m[36m32[0m[90m_[0m[33m4[0m                                      arg  2 mem  17.55 GB tm      2.80us/ 49604.01ms (     11 GFLOPS   11|11     GB/s)
[32m*** AMD       28[0m E[90m_[0m[34m2[0m[90m_[0m[36m32[0m[90m_[0m[33m4[0m                                       arg  2 mem  17.55 GB tm      2.80us/ 49604.02ms (      1 GFLOPS    1|1      GB/s)
*** AMD       29 E[90m_[0m[34m2[0m[90m_[0m[36m32[0m[90m_[0m[33m4[0m                                       arg  2 mem  17.55 GB tm      2.52us/ 49604.02ms (      1 GFLOPS    1|1      GB/s)
*** AMD       30 E[90m_[0m[34m40[0m[90m_[0m[36m32[0m[90m_[0m[33m4[0m                                      arg  2 mem  17.55 GB tm      2.80us/ 49604.02ms (     11 GFLOPS   11|11     GB/s)
*** AMD       31 E[90m_[0m[34m40[0m[90m_[0m[36m32[0m[90m_[0m[33m4[0m                                      arg  2 mem  17.55 GB tm      2.84us/ 49604.02ms (     11 GFLOPS   11|11     GB/s)
*** AMD       32 E[90m_[0m[34m480[0m[90m_[0m[36m16[0m[90m_[0m[36m8[0m[90m_[0m[33m4[0m                                   arg  2 mem  17.55 GB tm      3.40us/ 49604.03ms (    108 GFLOPS  221|253    GB/s)
*** AMD       33 E[90m_[0m[34m480[0m[90m_[0m[36m16[0m[90m_[0m[36m8[0m[90m_[0m[33m4[0m                                   arg  2 mem  17.55 GB tm      3.24us/ 49604.03ms (    114 GFLOPS  232|265    GB/s)
*** AMD       34 E[90m_[0m[34m320[0m[90m_[0m[36m32[0m[90m_[0m[33m4[0m                                     arg  2 mem  17.55 GB tm      2.84us/ 49604.03ms (     87 GFLOPS   87|87     GB/s)
*** AMD       35 E[90m_[0m[34m3[0m[90m_[0m[36m4[0m[90m_[0m[33m4[0m                                        arg  2 mem  17.55 GB tm      2.68us/ 49604.04ms (      0 GFLOPS    0|0      GB/s)
*** AMD       36 E[90m_[0m[34m3[0m[90m_[0m[36m4[0m[90m_[0m[33m4[0m                                        arg  2 mem  17.55 GB tm      2.64us/ 49604.04ms (      0 GFLOPS    0|0      GB/s)
*** AMD       37 E[90m_[0m[36m32[0m[90m_[0m[33m4[0m                                         arg  2 mem  17.55 GB tm      2.48us/ 49604.04ms (      0 GFLOPS    0|0      GB/s)
*** AMD       38 E[90m_[0m[34m40[0m[90m_[0m[36m32[0m[90m_[0m[33m4[0m                                      arg  2 mem  17.55 GB tm      2.92us/ 49604.04ms (     11 GFLOPS   11|11     GB/s)
*** AMD       39 E[90m_[0m[34m40[0m[90m_[0m[36m32[0m[90m_[0m[33m4[0m                                      arg  2 mem  17.55 GB tm      2.84us/ 49604.05ms (     11 GFLOPS   11|11     GB/s)
*** AMD       40 E[90m_[0m[34m480[0m[90m_[0m[36m16[0m[90m_[0m[36m8[0m[90m_[0m[33m4[0m                                   arg  2 mem  17.55 GB tm      3.52us/ 49604.05ms (    105 GFLOPS  214|244    GB/s)
*** AMD       41 E[90m_[0m[34m480[0m[90m_[0m[36m16[0m[90m_[0m[36m8[0m[90m_[0m[33m4[0m                                   arg  2 mem  17.55 GB tm      3.28us/ 49604.05ms (    112 GFLOPS  229|262    GB/s)
*** AMD       42 E[90m_[0m[34m320[0m[90m_[0m[36m32[0m[90m_[0m[33m4[0m                                     arg  2 mem  17.55 GB tm      2.84us/ 49604.06ms (     87 GFLOPS   87|87     GB/s)
*** AMD       43 E[90m_[0m[34m3[0m[90m_[0m[36m4[0m[90m_[0m[33m4[0m                                        arg  2 mem  17.55 GB tm      2.64us/ 49604.06ms (      0 GFLOPS    0|0      GB/s)
*** AMD       44 E[90m_[0m[34m3[0m[90m_[0m[36m4[0m[90m_[0m[33m4[0m                                        arg  2 mem  17.55 GB tm      2.68us/ 49604.06ms (      0 GFLOPS    0|0      GB/s)
*** AMD       45 E[90m_[0m[36m32[0m[90m_[0m[33m4[0m                                         arg  2 mem  17.55 GB tm      2.48us/ 49604.06ms (      0 GFLOPS    0|0      GB/s)
*** AMD       46 E[90m_[0m[34m40[0m[90m_[0m[36m32[0m[90m_[0m[33m4[0m                                      arg  2 mem  17.55 GB tm      2.84us/ 49604.07ms (     11 GFLOPS   11|11     GB/s)
*** AMD       47 E[90m_[0m[34m40[0m[90m_[0m[36m32[0m[90m_[0m[33m4[0m                                      arg  2 mem  17.55 GB tm      2.84us/ 49604.07ms (     11 GFLOPS   11|11     GB/s)
*** AMD       48 E[90m_[0m[34m480[0m[90m_[0m[36m16[0m[90m_[0m[36m8[0m[90m_[0m[33m4[0m                                   arg  2 mem  17.55 GB tm      3.36us/ 49604.07ms (    110 GFLOPS  224|256    GB/s)
*** AMD       49 E[90m_[0m[34m480[0m[90m_[0m[36m16[0m[90m_[0m[36m8[0m[90m_[0m[33m4[0m                                   arg  2 mem  17.55 GB tm      3.24us/ 49604.08ms (    114 GFLOPS  232|265    GB/s)
*** AMD       50 E[90m_[0m[34m320[0m[90m_[0m[36m32[0m[90m_[0m[33m4[0m                                     arg  2 mem  17.55 GB tm      2.84us/ 49604.08ms (     87 GFLOPS   87|87     GB/s)
*** AMD       51 E[90m_[0m[34m3[0m[90m_[0m[36m4[0m[90m_[0m[33m4[0m                                        arg  2 mem  17.55 GB tm      2.64us/ 49604.08ms (      0 GFLOPS    0|0      GB/s)
*** AMD       52 E[90m_[0m[34m3[0m[90m_[0m[36m4[0m[90m_[0m[33m4[0m                                        arg  2 mem  17.55 GB tm      2.56us/ 49604.09ms (      0 GFLOPS    0|0      GB/s)
*** AMD       53 E[90m_[0m[36m32[0m[90m_[0m[33m4[0m                                         arg  2 mem  17.55 GB tm      2.48us/ 49604.09ms (      0 GFLOPS    0|0      GB/s)
*** AMD       54 E[90m_[0m[34m40[0m[90m_[0m[36m32[0m[90m_[0m[33m4[0m                                      arg  2 mem  17.55 GB tm      2.72us/ 49604.09ms (     11 GFLOPS   11|11     GB/s)
*** AMD       55 E[90m_[0m[34m40[0m[90m_[0m[36m32[0m[90m_[0m[33m4[0m                                      arg  2 mem  17.55 GB tm      2.84us/ 49604.09ms (     11 GFLOPS   11|11     GB/s)
*** AMD       56 E[90m_[0m[34m2[0m[90m_[0m[36m32[0m[90m_[0m[33m4[0m                                       arg  2 mem  17.55 GB tm      2.84us/ 49604.10ms (      1 GFLOPS    1|1      GB/s)
*** AMD       57 E[90m_[0m[34m2[0m[90m_[0m[36m32[0m[90m_[0m[33m4[0m                                       arg  2 mem  17.55 GB tm      2.48us/ 49604.10ms (      1 GFLOPS    1|1      GB/s)
*** AMD       58 E[90m_[0m[34m40[0m[90m_[0m[36m32[0m[90m_[0m[33m4[0m                                      arg  2 mem  17.55 GB tm      2.80us/ 49604.10ms (     11 GFLOPS   11|11     GB/s)
*** AMD       59 E[90m_[0m[34m40[0m[90m_[0m[36m32[0m[90m_[0m[33m4[0m                                      arg  2 mem  17.55 GB tm      2.92us/ 49604.10ms (     11 GFLOPS   11|11     GB/s)
*** AMD       60 E[90m_[0m[34m480[0m[90m_[0m[36m16[0m[90m_[0m[36m8[0m[90m_[0m[33m4[0m                                   arg  2 mem  17.56 GB tm      3.40us/ 49604.11ms (    108 GFLOPS  221|253    GB/s)
*** AMD       61 E[90m_[0m[34m480[0m[90m_[0m[36m16[0m[90m_[0m[36m8[0m[90m_[0m[33m4[0m                                   arg  2 mem  17.56 GB tm      3.36us/ 49604.11ms (    110 GFLOPS  224|256    GB/s)
*** AMD       62 E[90m_[0m[34m320[0m[90m_[0m[36m32[0m[90m_[0m[33m4[0m                                     arg  2 mem  17.56 GB tm      2.84us/ 49604.11ms (     87 GFLOPS   87|87     GB/s)
*** AMD       63 E[90m_[0m[34m3[0m[90m_[0m[36m4[0m[90m_[0m[33m4[0m                                        arg  2 mem  17.56 GB tm      2.68us/ 49604.12ms (      0 GFLOPS    0|0      GB/s)
*** AMD       64 E[90m_[0m[34m3[0m[90m_[0m[36m4[0m[90m_[0m[33m4[0m                                        arg  2 mem  17.56 GB tm      2.68us/ 49604.12ms (      0 GFLOPS    0|0      GB/s)
*** AMD       65 E[90m_[0m[36m32[0m[90m_[0m[33m4[0m                                         arg  2 mem  17.56 GB tm      2.48us/ 49604.12ms (      0 GFLOPS    0|0      GB/s)
*** AMD       66 E[90m_[0m[34m40[0m[90m_[0m[36m32[0m[90m_[0m[33m4[0m                                      arg  2 mem  17.56 GB tm      2.84us/ 49604.12ms (     11 GFLOPS   11|11     GB/s)
*** AMD       67 E[90m_[0m[34m40[0m[90m_[0m[36m32[0m[90m_[0m[33m4[0m                                      arg  2 mem  17.56 GB tm      2.84us/ 49604.13ms (     11 GFLOPS   11|11     GB/s)
*** AMD       68 E[90m_[0m[34m480[0m[90m_[0m[36m16[0m[90m_[0m[36m8[0m[90m_[0m[33m4[0m                                   arg  2 mem  17.56 GB tm      3.36us/ 49604.13ms (    110 GFLOPS  224|256    GB/s)
*** AMD       69 E[90m_[0m[34m480[0m[90m_[0m[36m16[0m[90m_[0m[36m8[0m[90m_[0m[33m4[0m                                   arg  2 mem  17.56 GB tm      3.24us/ 49604.13ms (    114 GFLOPS  232|265    GB/s)
*** AMD       70 E[90m_[0m[34m320[0m[90m_[0m[36m32[0m[90m_[0m[33m4[0m                                     arg  2 mem  17.56 GB tm      2.80us/ 49604.14ms (     88 GFLOPS   88|88     GB/s)
*** AMD       71 E[90m_[0m[34m3[0m[90m_[0m[36m4[0m[90m_[0m[33m4[0m                                        arg  2 mem  17.56 GB tm      2.64us/ 49604.14ms (      0 GFLOPS    0|0      GB/s)
*** AMD       72 E[90m_[0m[34m3[0m[90m_[0m[36m4[0m[90m_[0m[33m4[0m                                        arg  2 mem  17.56 GB tm      2.60us/ 49604.14ms (      0 GFLOPS    0|0      GB/s)
*** AMD       73 E[90m_[0m[36m32[0m[90m_[0m[33m4[0m                                         arg  2 mem  17.56 GB tm      2.44us/ 49604.14ms (      0 GFLOPS    0|0      GB/s)
*** AMD       74 E[90m_[0m[34m40[0m[90m_[0m[36m32[0m[90m_[0m[33m4[0m                                      arg  2 mem  17.56 GB tm      2.88us/ 49604.15ms (     11 GFLOPS   11|11     GB/s)
*** AMD       75 E[90m_[0m[34m40[0m[90m_[0m[36m32[0m[90m_[0m[33m4[0m                                      arg  2 mem  17.56 GB tm      2.84us/ 49604.15ms (     11 GFLOPS   11|11     GB/s)
*** AMD       76 E[90m_[0m[34m480[0m[90m_[0m[36m16[0m[90m_[0m[36m8[0m[90m_[0m[33m4[0m                                   arg  2 mem  17.56 GB tm      3.36us/ 49604.15ms (    110 GFLOPS  224|256    GB/s)
*** AMD       77 E[90m_[0m[34m480[0m[90m_[0m[36m16[0m[90m_[0m[36m8[0m[90m_[0m[33m4[0m                                   arg  2 mem  17.56 GB tm      3.24us/ 49604.16ms (    114 GFLOPS  232|265    GB/s)
*** AMD       78 E[90m_[0m[34m320[0m[90m_[0m[36m32[0m[90m_[0m[33m4[0m                                     arg  2 mem  17.56 GB tm      2.80us/ 49604.16ms (     88 GFLOPS   88|88     GB/s)
*** AMD       79 E[90m_[0m[34m3[0m[90m_[0m[36m4[0m[90m_[0m[33m4[0m                                        arg  2 mem  17.56 GB tm      2.68us/ 49604.16ms (      0 GFLOPS    0|0      GB/s)
*** AMD       80 E[90m_[0m[34m3[0m[90m_[0m[36m4[0m[90m_[0m[33m4[0m                                        arg  2 mem  17.56 GB tm      2.64us/ 49604.16ms (      0 GFLOPS    0|0      GB/s)
*** AMD       81 E[90m_[0m[36m32[0m[90m_[0m[33m4[0m                                         arg  2 mem  17.56 GB tm      2.44us/ 49604.17ms (      0 GFLOPS    0|0      GB/s)
*** AMD       82 E[90m_[0m[34m40[0m[90m_[0m[36m32[0m[90m_[0m[33m4[0m                                      arg  2 mem  17.56 GB tm      2.68us/ 49604.17ms (     11 GFLOPS   11|11     GB/s)
*** AMD       83 E[90m_[0m[34m40[0m[90m_[0m[36m32[0m[90m_[0m[33m4[0m                                      arg  2 mem  17.56 GB tm      2.80us/ 49604.17ms (     11 GFLOPS   11|11     GB/s)
*** AMD       84 E[90m_[0m[34m2[0m[90m_[0m[36m32[0m[90m_[0m[33m4[0m                                       arg  2 mem  17.56 GB tm      2.80us/ 49604.18ms (      1 GFLOPS    1|1      GB/s)
*** AMD       85 E[90m_[0m[34m2[0m[90m_[0m[36m32[0m[90m_[0m[33m4[0m                                       arg  2 mem  17.56 GB tm      2.52us/ 49604.18ms (      1 GFLOPS    1|1      GB/s)
*** AMD       86 E[90m_[0m[34m40[0m[90m_[0m[36m32[0m[90m_[0m[33m4[0m                                      arg  2 mem  17.56 GB tm      2.84us/ 49604.18ms (     11 GFLOPS   11|11     GB/s)
*** AMD       87 E[90m_[0m[34m40[0m[90m_[0m[36m32[0m[90m_[0m[33m4[0m                                      arg  2 mem  17.56 GB tm      2.80us/ 49604.18ms (     11 GFLOPS   11|11     GB/s)
*** AMD       88 E[90m_[0m[34m480[0m[90m_[0m[36m16[0m[90m_[0m[36m8[0m[90m_[0m[33m4[0m                                   arg  2 mem  17.56 GB tm      3.40us/ 49604.19ms (    108 GFLOPS  221|253    GB/s)
*** AMD       89 E[90m_[0m[34m480[0m[90m_[0m[36m16[0m[90m_[0m[36m8[0m[90m_[0m[33m4[0m                                   arg  2 mem  17.56 GB tm      3.20us/ 49604.19ms (    115 GFLOPS  235|269    GB/s)
*** AMD       90 E[90m_[0m[34m320[0m[90m_[0m[36m32[0m[90m_[0m[33m4[0m                                     arg  2 mem  17.56 GB tm      2.84us/ 49604.19ms (     87 GFLOPS   87|87     GB/s)
*** AMD       91 E[90m_[0m[34m3[0m[90m_[0m[36m4[0m[90m_[0m[33m4[0m                                        arg  2 mem  17.56 GB tm      2.64us/ 49604.20ms (      0 GFLOPS    0|0      GB/s)
*** AMD       92 E[90m_[0m[34m3[0m[90m_[0m[36m4[0m[90m_[0m[33m4[0m                                        arg  2 mem  17.56 GB tm      2.68us/ 49604.20ms (      0 GFLOPS    0|0      GB/s)
*** AMD       93 E[90m_[0m[36m32[0m[90m_[0m[33m4[0m                                         arg  2 mem  17.56 GB tm      2.48us/ 49604.20ms (      0 GFLOPS    0|0      GB/s)
*** AMD       94 E[90m_[0m[34m40[0m[90m_[0m[36m32[0m[90m_[0m[33m4[0m                                      arg  2 mem  17.56 GB tm      2.84us/ 49604.20ms (     11 GFLOPS   11|11     GB/s)
*** AMD       95 E[90m_[0m[34m40[0m[90m_[0m[36m32[0m[90m_[0m[33m4[0m                                      arg  2 mem  17.56 GB tm      2.84us/ 49604.21ms (     11 GFLOPS   11|11     GB/s)
*** AMD       96 E[90m_[0m[34m480[0m[90m_[0m[36m16[0m[90m_[0m[36m8[0m[90m_[0m[33m4[0m                                   arg  2 mem  17.56 GB tm      3.44us/ 49604.21ms (    107 GFLOPS  219|250    GB/s)
*** AMD       97 E[90m_[0m[34m480[0m[90m_[0m[36m16[0m[90m_[0m[36m8[0m[90m_[0m[33m4[0m                                   arg  2 mem  17.56 GB tm      3.24us/ 49604.21ms (    114 GFLOPS  232|265    GB/s)
*** AMD       98 E[90m_[0m[34m320[0m[90m_[0m[36m32[0m[90m_[0m[33m4[0m                                     arg  2 mem  17.56 GB tm      2.80us/ 49604.22ms (     88 GFLOPS   88|88     GB/s)
*** AMD       99 E[90m_[0m[34m3[0m[90m_[0m[36m4[0m[90m_[0m[33m4[0m                                        arg  2 mem  17.56 GB tm      2.64us/ 49604.22ms (      0 GFLOPS    0|0      GB/s)
*** AMD      100 E[90m_[0m[34m3[0m[90m_[0m[36m4[0m[90m_[0m[33m4[0m                                        arg  2 mem  17.56 GB tm      2.60us/ 49604.22ms (      0 GFLOPS    0|0      GB/s)
*** AMD      101 E[90m_[0m[36m32[0m[90m_[0m[33m4[0m                                         arg  2 mem  17.56 GB tm      2.56us/ 49604.22ms (      0 GFLOPS    0|0      GB/s)
*** AMD      102 E[90m_[0m[34m40[0m[90m_[0m[36m32[0m[90m_[0m[33m4[0m                                      arg  2 mem  17.56 GB tm      2.84us/ 49604.23ms (     11 GFLOPS   11|11     GB/s)
*** AMD      103 E[90m_[0m[34m40[0m[90m_[0m[36m32[0m[90m_[0m[33m4[0m                                      arg  2 mem  17.56 GB tm      2.88us/ 49604.23ms (     11 GFLOPS   11|11     GB/s)
*** AMD      104 E[90m_[0m[34m480[0m[90m_[0m[36m16[0m[90m_[0m[36m8[0m[90m_[0m[33m4[0m                                   arg  2 mem  17.56 GB tm      3.36us/ 49604.23ms (    110 GFLOPS  224|256    GB/s)
*** AMD      105 E[90m_[0m[34m480[0m[90m_[0m[36m16[0m[90m_[0m[36m8[0m[90m_[0m[33m4[0m                                   arg  2 mem  17.56 GB tm      3.24us/ 49604.24ms (    114 GFLOPS  232|265    GB/s)
*** AMD      106 E[90m_[0m[34m320[0m[90m_[0m[36m32[0m[90m_[0m[33m4[0m                                     arg  2 mem  17.56 GB tm      2.80us/ 49604.24ms (     88 GFLOPS   88|88     GB/s)
*** AMD      107 E[90m_[0m[34m3[0m[90m_[0m[36m4[0m[90m_[0m[33m4[0m                                        arg  2 mem  17.56 GB tm      2.64us/ 49604.24ms (      0 GFLOPS    0|0      GB/s)
*** AMD      108 E[90m_[0m[34m3[0m[90m_[0m[36m4[0m[90m_[0m[33m4[0m                                        arg  2 mem  17.56 GB tm      2.64us/ 49604.24ms (      0 GFLOPS    0|0      GB/s)
*** AMD      109 E[90m_[0m[36m32[0m[90m_[0m[33m4[0m                                         arg  2 mem  17.56 GB tm      2.48us/ 49604.25ms (      0 GFLOPS    0|0      GB/s)
*** AMD      110 E[90m_[0m[34m40[0m[90m_[0m[36m32[0m[90m_[0m[33m4[0m                                      arg  2 mem  17.56 GB tm      2.84us/ 49604.25ms (     11 GFLOPS   11|11     GB/s)
*** AMD      111 E[90m_[0m[34m40[0m[90m_[0m[36m32[0m[90m_[0m[33m4[0m                                      arg  2 mem  17.56 GB tm      2.84us/ 49604.25ms (     11 GFLOPS   11|11     GB/s)
*** AMD      112 E[90m_[0m[34m2[0m[90m_[0m[36m32[0m[90m_[0m[33m4[0m                                       arg  2 mem  17.56 GB tm      2.84us/ 49604.26ms (      1 GFLOPS    1|1      GB/s)
*** AMD      113 E[90m_[0m[34m2[0m[90m_[0m[36m32[0m[90m_[0m[33m4[0m                                       arg  2 mem  17.56 GB tm      2.52us/ 49604.26ms (      1 GFLOPS    1|1      GB/s)
*** AMD      114 E[90m_[0m[34m40[0m[90m_[0m[36m32[0m[90m_[0m[33m4[0m                                      arg  2 mem  17.56 GB tm      2.76us/ 49604.26ms (     11 GFLOPS   11|11     GB/s)
*** AMD      115 E[90m_[0m[34m40[0m[90m_[0m[36m32[0m[90m_[0m[33m4[0m                                      arg  2 mem  17.56 GB tm      2.84us/ 49604.26ms (     11 GFLOPS   11|11     GB/s)
*** AMD      116 E[90m_[0m[34m480[0m[90m_[0m[36m16[0m[90m_[0m[36m8[0m[90m_[0m[33m4[0m                                   arg  2 mem  17.56 GB tm      3.36us/ 49604.27ms (    110 GFLOPS  224|256    GB/s)
*** AMD      117 E[90m_[0m[34m480[0m[90m_[0m[36m16[0m[90m_[0m[36m8[0m[90m_[0m[33m4[0m                                   arg  2 mem  17.56 GB tm      3.20us/ 49604.27ms (    115 GFLOPS  235|269    GB/s)
*** AMD      118 E[90m_[0m[34m320[0m[90m_[0m[36m32[0m[90m_[0m[33m4[0m                                     arg  2 mem  17.56 GB tm      2.80us/ 49604.27ms (     88 GFLOPS   88|88     GB/s)
*** AMD      119 E[90m_[0m[34m3[0m[90m_[0m[36m4[0m[90m_[0m[33m4[0m                                        arg  2 mem  17.56 GB tm      2.68us/ 49604.28ms (      0 GFLOPS    0|0      GB/s)
*** AMD      120 E[90m_[0m[34m3[0m[90m_[0m[36m4[0m[90m_[0m[33m4[0m                                        arg  2 mem  17.56 GB tm      2.64us/ 49604.28ms (      0 GFLOPS    0|0      GB/s)
*** AMD      121 E[90m_[0m[36m32[0m[90m_[0m[33m4[0m                                         arg  2 mem  17.56 GB tm      2.40us/ 49604.28ms (      0 GFLOPS    0|0      GB/s)
*** AMD      122 E[90m_[0m[34m40[0m[90m_[0m[36m32[0m[90m_[0m[33m4[0m                                      arg  2 mem  17.56 GB tm      2.84us/ 49604.28ms (     11 GFLOPS   11|11     GB/s)
*** AMD      123 E[90m_[0m[34m40[0m[90m_[0m[36m32[0m[90m_[0m[33m4[0m                                      arg  2 mem  17.56 GB tm      2.84us/ 49604.29ms (     11 GFLOPS   11|11     GB/s)
*** AMD      124 E[90m_[0m[34m480[0m[90m_[0m[36m16[0m[90m_[0m[36m8[0m[90m_[0m[33m4[0m                                   arg  2 mem  17.56 GB tm      3.36us/ 49604.29ms (    110 GFLOPS  224|256    GB/s)
*** AMD      125 E[90m_[0m[34m480[0m[90m_[0m[36m16[0m[90m_[0m[36m8[0m[90m_[0m[33m4[0m                                   arg  2 mem  17.56 GB tm      3.24us/ 49604.29ms (    114 GFLOPS  232|265    GB/s)
*** AMD      126 E[90m_[0m[34m320[0m[90m_[0m[36m32[0m[90m_[0m[33m4[0m                                     arg  2 mem  17.56 GB tm      2.80us/ 49604.30ms (     88 GFLOPS   88|88     GB/s)
*** AMD      127 E[90m_[0m[34m3[0m[90m_[0m[36m4[0m[90m_[0m[33m4[0m                                        arg  2 mem  17.56 GB tm      2.64us/ 49604.30ms (      0 GFLOPS    0|0      GB/s)
*** AMD      128 E[90m_[0m[34m3[0m[90m_[0m[36m4[0m[90m_[0m[33m4[0m                                        arg  2 mem  17.56 GB tm      2.64us/ 49604.30ms (      0 GFLOPS    0|0      GB/s)
*** AMD      129 E[90m_[0m[36m32[0m[90m_[0m[33m4[0m                                         arg  2 mem  17.56 GB tm      2.44us/ 49604.30ms (      0 GFLOPS    0|0      GB/s)
*** AMD      130 E[90m_[0m[34m40[0m[90m_[0m[36m32[0m[90m_[0m[33m4[0m                                      arg  2 mem  17.56 GB tm      2.84us/ 49604.31ms (     11 GFLOPS   11|11     GB/s)
*** AMD      131 E[90m_[0m[34m40[0m[90m_[0m[36m32[0m[90m_[0m[33m4[0m                                      arg  2 mem  17.56 GB tm      2.80us/ 49604.31ms (     11 GFLOPS   11|11     GB/s)
*** AMD      132 E[90m_[0m[34m480[0m[90m_[0m[36m16[0m[90m_[0m[36m8[0m[90m_[0m[33m4[0m                                   arg  2 mem  17.56 GB tm      3.40us/ 49604.31ms (    108 GFLOPS  221|253    GB/s)
*** AMD      133 E[90m_[0m[34m480[0m[90m_[0m[36m16[0m[90m_[0m[36m8[0m[90m_[0m[33m4[0m                                   arg  2 mem  17.56 GB tm      3.20us/ 49604.32ms (    115 GFLOPS  235|269    GB/s)
*** AMD      134 E[90m_[0m[34m320[0m[90m_[0m[36m32[0m[90m_[0m[33m4[0m                                     arg  2 mem  17.56 GB tm      2.80us/ 49604.32ms (     88 GFLOPS   88|88     GB/s)
*** AMD      135 E[90m_[0m[34m3[0m[90m_[0m[36m4[0m[90m_[0m[33m4[0m                                        arg  2 mem  17.56 GB tm      2.68us/ 49604.32ms (      0 GFLOPS    0|0      GB/s)
*** AMD      136 E[90m_[0m[34m3[0m[90m_[0m[36m4[0m[90m_[0m[33m4[0m                                        arg  2 mem  17.56 GB tm      2.60us/ 49604.32ms (      0 GFLOPS    0|0      GB/s)
*** AMD      137 E[90m_[0m[36m32[0m[90m_[0m[33m4[0m                                         arg  2 mem  17.56 GB tm      2.48us/ 49604.33ms (      0 GFLOPS    0|0      GB/s)
*** AMD      138 E[90m_[0m[34m40[0m[90m_[0m[36m32[0m[90m_[0m[33m4[0m                                      arg  2 mem  17.56 GB tm      2.64us/ 49604.33ms (     12 GFLOPS   12|12     GB/s)
*** AMD      139 E[90m_[0m[34m40[0m[90m_[0m[36m32[0m[90m_[0m[33m4[0m                                      arg  2 mem  17.56 GB tm      2.80us/ 49604.33ms (     11 GFLOPS   11|11     GB/s)
*** AMD      140 E[90m_[0m[34m2[0m[90m_[0m[36m32[0m[90m_[0m[33m4[0m                                       arg  2 mem  17.56 GB tm      2.80us/ 49604.33ms (      1 GFLOPS    1|1      GB/s)
*** AMD      141 E[90m_[0m[34m2[0m[90m_[0m[36m32[0m[90m_[0m[33m4[0m                                       arg  2 mem  17.56 GB tm      2.48us/ 49604.34ms (      1 GFLOPS    1|1      GB/s)
*** AMD      142 E[90m_[0m[34m40[0m[90m_[0m[36m32[0m[90m_[0m[33m4[0m                                      arg  2 mem  17.56 GB tm      2.84us/ 49604.34ms (     11 GFLOPS   11|11     GB/s)
*** AMD      143 E[90m_[0m[34m40[0m[90m_[0m[36m32[0m[90m_[0m[33m4[0m                                      arg  2 mem  17.56 GB tm      2.80us/ 49604.34ms (     11 GFLOPS   11|11     GB/s)
*** AMD      144 E[90m_[0m[34m480[0m[90m_[0m[36m16[0m[90m_[0m[36m8[0m[90m_[0m[33m4[0m                                   arg  2 mem  17.57 GB tm      3.36us/ 49604.35ms (    110 GFLOPS  224|256    GB/s)
*** AMD      145 E[90m_[0m[34m480[0m[90m_[0m[36m16[0m[90m_[0m[36m8[0m[90m_[0m[33m4[0m                                   arg  2 mem  17.57 GB tm      3.24us/ 49604.35ms (    114 GFLOPS  232|265    GB/s)
*** AMD      146 E[90m_[0m[34m320[0m[90m_[0m[36m32[0m[90m_[0m[33m4[0m                                     arg  2 mem  17.57 GB tm      2.80us/ 49604.35ms (     88 GFLOPS   88|88     GB/s)
*** AMD      147 E[90m_[0m[34m3[0m[90m_[0m[36m4[0m[90m_[0m[33m4[0m                                        arg  2 mem  17.57 GB tm      2.64us/ 49604.35ms (      0 GFLOPS    0|0      GB/s)
*** AMD      148 E[90m_[0m[34m3[0m[90m_[0m[36m4[0m[90m_[0m[33m4[0m                                        arg  2 mem  17.57 GB tm      2.60us/ 49604.36ms (      0 GFLOPS    0|0      GB/s)
*** AMD      149 E[90m_[0m[36m32[0m[90m_[0m[33m4[0m                                         arg  2 mem  17.57 GB tm      2.44us/ 49604.36ms (      0 GFLOPS    0|0      GB/s)
*** AMD      150 E[90m_[0m[34m40[0m[90m_[0m[36m32[0m[90m_[0m[33m4[0m                                      arg  2 mem  17.57 GB tm      2.80us/ 49604.36ms (     11 GFLOPS   11|11     GB/s)
*** AMD      151 E[90m_[0m[34m40[0m[90m_[0m[36m32[0m[90m_[0m[33m4[0m                                      arg  2 mem  17.57 GB tm      2.80us/ 49604.37ms (     11 GFLOPS   11|11     GB/s)
*** AMD      152 E[90m_[0m[34m480[0m[90m_[0m[36m16[0m[90m_[0m[36m8[0m[90m_[0m[33m4[0m                                   arg  2 mem  17.57 GB tm      3.40us/ 49604.37ms (    108 GFLOPS  221|253    GB/s)
*** AMD      153 E[90m_[0m[34m480[0m[90m_[0m[36m16[0m[90m_[0m[36m8[0m[90m_[0m[33m4[0m                                   arg  2 mem  17.57 GB tm      3.24us/ 49604.37ms (    114 GFLOPS  232|265    GB/s)
*** AMD      154 E[90m_[0m[34m320[0m[90m_[0m[36m32[0m[90m_[0m[33m4[0m                                     arg  2 mem  17.57 GB tm      2.80us/ 49604.37ms (     88 GFLOPS   88|88     GB/s)
*** AMD      155 E[90m_[0m[34m3[0m[90m_[0m[36m4[0m[90m_[0m[33m4[0m                                        arg  2 mem  17.57 GB tm      2.60us/ 49604.38ms (      0 GFLOPS    0|0      GB/s)
*** AMD      156 E[90m_[0m[34m3[0m[90m_[0m[36m4[0m[90m_[0m[33m4[0m                                        arg  2 mem  17.57 GB tm      2.60us/ 49604.38ms (      0 GFLOPS    0|0      GB/s)
*** AMD      157 E[90m_[0m[36m32[0m[90m_[0m[33m4[0m                                         arg  2 mem  17.57 GB tm      2.48us/ 49604.38ms (      0 GFLOPS    0|0      GB/s)
*** AMD      158 E[90m_[0m[34m40[0m[90m_[0m[36m32[0m[90m_[0m[33m4[0m                                      arg  2 mem  17.57 GB tm      2.80us/ 49604.39ms (     11 GFLOPS   11|11     GB/s)
*** AMD      159 E[90m_[0m[34m40[0m[90m_[0m[36m32[0m[90m_[0m[33m4[0m                                      arg  2 mem  17.57 GB tm      2.80us/ 49604.39ms (     11 GFLOPS   11|11     GB/s)
*** AMD      160 E[90m_[0m[34m480[0m[90m_[0m[36m16[0m[90m_[0m[36m8[0m[90m_[0m[33m4[0m                                   arg  2 mem  17.57 GB tm      3.44us/ 49604.39ms (    107 GFLOPS  219|250    GB/s)
*** AMD      161 E[90m_[0m[34m480[0m[90m_[0m[36m16[0m[90m_[0m[36m8[0m[90m_[0m[33m4[0m                                   arg  2 mem  17.57 GB tm      3.20us/ 49604.39ms (    115 GFLOPS  235|269    GB/s)
*** AMD      162 E[90m_[0m[34m320[0m[90m_[0m[36m32[0m[90m_[0m[33m4[0m                                     arg  2 mem  17.57 GB tm      2.84us/ 49604.40ms (     87 GFLOPS   87|87     GB/s)
*** AMD      163 E[90m_[0m[34m3[0m[90m_[0m[36m4[0m[90m_[0m[33m4[0m                                        arg  2 mem  17.57 GB tm      2.60us/ 49604.40ms (      0 GFLOPS    0|0      GB/s)
*** AMD      164 E[90m_[0m[34m3[0m[90m_[0m[36m4[0m[90m_[0m[33m4[0m                                        arg  2 mem  17.57 GB tm      2.68us/ 49604.40ms (      0 GFLOPS    0|0      GB/s)
*** AMD      165 E[90m_[0m[36m32[0m[90m_[0m[33m4[0m                                         arg  2 mem  17.57 GB tm      2.52us/ 49604.41ms (      0 GFLOPS    0|0      GB/s)
*** AMD      166 E[90m_[0m[34m40[0m[90m_[0m[36m32[0m[90m_[0m[33m4[0m                                      arg  2 mem  17.57 GB tm      2.72us/ 49604.41ms (     11 GFLOPS   11|11     GB/s)
*** AMD      167 E[90m_[0m[34m40[0m[90m_[0m[36m32[0m[90m_[0m[33m4[0m                                      arg  2 mem  17.57 GB tm      2.96us/ 49604.41ms (     10 GFLOPS   10|10     GB/s)
*** AMD      168 E[90m_[0m[34m2[0m[90m_[0m[36m32[0m[90m_[0m[33m4[0m                                       arg  2 mem  17.57 GB tm      2.76us/ 49604.41ms (      1 GFLOPS    1|1      GB/s)
*** AMD      169 E[90m_[0m[34m2[0m[90m_[0m[36m32[0m[90m_[0m[33m4[0m                                       arg  2 mem  17.57 GB tm      2.56us/ 49604.42ms (      1 GFLOPS    1|1      GB/s)
*** AMD      170 E[90m_[0m[34m40[0m[90m_[0m[36m32[0m[90m_[0m[33m4[0m                                      arg  2 mem  17.57 GB tm      2.88us/ 49604.42ms (     11 GFLOPS   11|11     GB/s)
*** AMD      171 E[90m_[0m[34m40[0m[90m_[0m[36m32[0m[90m_[0m[33m4[0m                                      arg  2 mem  17.57 GB tm      2.84us/ 49604.42ms (     11 GFLOPS   11|11     GB/s)
*** AMD      172 E[90m_[0m[34m480[0m[90m_[0m[36m16[0m[90m_[0m[36m8[0m[90m_[0m[33m4[0m                                   arg  2 mem  17.57 GB tm      3.32us/ 49604.43ms (    111 GFLOPS  227|259    GB/s)
*** AMD      173 E[90m_[0m[34m480[0m[90m_[0m[36m16[0m[90m_[0m[36m8[0m[90m_[0m[33m4[0m                                   arg  2 mem  17.57 GB tm      3.36us/ 49604.43ms (    110 GFLOPS  224|256    GB/s)
*** AMD      174 E[90m_[0m[34m320[0m[90m_[0m[36m32[0m[90m_[0m[33m4[0m                                     arg  2 mem  17.57 GB tm      2.92us/ 49604.43ms (     84 GFLOPS   84|84     GB/s)
*** AMD      175 E[90m_[0m[34m3[0m[90m_[0m[36m4[0m[90m_[0m[33m4[0m                                        arg  2 mem  17.57 GB tm      2.60us/ 49604.43ms (      0 GFLOPS    0|0      GB/s)
*** AMD      176 E[90m_[0m[34m3[0m[90m_[0m[36m4[0m[90m_[0m[33m4[0m                                        arg  2 mem  17.57 GB tm      2.68us/ 49604.44ms (      0 GFLOPS    0|0      GB/s)
*** AMD      177 E[90m_[0m[36m32[0m[90m_[0m[33m4[0m                                         arg  2 mem  17.57 GB tm      2.44us/ 49604.44ms (      0 GFLOPS    0|0      GB/s)
*** AMD      178 E[90m_[0m[34m40[0m[90m_[0m[36m32[0m[90m_[0m[33m4[0m                                      arg  2 mem  17.57 GB tm      2.88us/ 49604.44ms (     11 GFLOPS   11|11     GB/s)
*** AMD      179 E[90m_[0m[34m40[0m[90m_[0m[36m32[0m[90m_[0m[33m4[0m                                      arg  2 mem  17.57 GB tm      2.84us/ 49604.45ms (     11 GFLOPS   11|11     GB/s)
*** AMD      180 E[90m_[0m[34m480[0m[90m_[0m[36m16[0m[90m_[0m[36m8[0m[90m_[0m[33m4[0m                                   arg  2 mem  17.57 GB tm      3.56us/ 49604.45ms (    104 GFLOPS  211|242    GB/s)
*** AMD      181 E[90m_[0m[34m480[0m[90m_[0m[36m16[0m[90m_[0m[36m8[0m[90m_[0m[33m4[0m                                   arg  2 mem  17.57 GB tm      3.24us/ 49604.45ms (    114 GFLOPS  232|265    GB/s)
*** AMD      182 E[90m_[0m[34m320[0m[90m_[0m[36m32[0m[90m_[0m[33m4[0m                                     arg  2 mem  17.57 GB tm      2.80us/ 49604.45ms (     88 GFLOPS   88|88     GB/s)
*** AMD      183 E[90m_[0m[34m3[0m[90m_[0m[36m4[0m[90m_[0m[33m4[0m                                        arg  2 mem  17.57 GB tm      2.68us/ 49604.46ms (      0 GFLOPS    0|0      GB/s)
*** AMD      184 E[90m_[0m[34m3[0m[90m_[0m[36m4[0m[90m_[0m[33m4[0m                                        arg  2 mem  17.57 GB tm      2.60us/ 49604.46ms (      0 GFLOPS    0|0      GB/s)
*** AMD      185 E[90m_[0m[36m32[0m[90m_[0m[33m4[0m                                         arg  2 mem  17.57 GB tm      2.48us/ 49604.46ms (      0 GFLOPS    0|0      GB/s)
*** AMD      186 E[90m_[0m[34m40[0m[90m_[0m[36m32[0m[90m_[0m[33m4[0m                                      arg  2 mem  17.57 GB tm      2.84us/ 49604.47ms (     11 GFLOPS   11|11     GB/s)
*** AMD      187 E[90m_[0m[34m40[0m[90m_[0m[36m32[0m[90m_[0m[33m4[0m                                      arg  2 mem  17.57 GB tm      2.84us/ 49604.47ms (     11 GFLOPS   11|11     GB/s)
*** AMD      188 E[90m_[0m[34m480[0m[90m_[0m[36m16[0m[90m_[0m[36m8[0m[90m_[0m[33m4[0m                                   arg  2 mem  17.57 GB tm      3.36us/ 49604.47ms (    110 GFLOPS  224|256    GB/s)
*** AMD      189 E[90m_[0m[34m480[0m[90m_[0m[36m16[0m[90m_[0m[36m8[0m[90m_[0m[33m4[0m                                   arg  2 mem  17.57 GB tm      3.28us/ 49604.47ms (    112 GFLOPS  229|262    GB/s)
*** AMD      190 E[90m_[0m[34m320[0m[90m_[0m[36m32[0m[90m_[0m[33m4[0m                                     arg  2 mem  17.57 GB tm      2.84us/ 49604.48ms (     87 GFLOPS   87|87     GB/s)
*** AMD      191 E[90m_[0m[34m3[0m[90m_[0m[36m4[0m[90m_[0m[33m4[0m                                        arg  2 mem  17.57 GB tm      2.60us/ 49604.48ms (      0 GFLOPS    0|0      GB/s)
*** AMD      192 E[90m_[0m[34m3[0m[90m_[0m[36m4[0m[90m_[0m[33m4[0m                                        arg  2 mem  17.57 GB tm      2.68us/ 49604.48ms (      0 GFLOPS    0|0      GB/s)
*** AMD      193 E[90m_[0m[36m32[0m[90m_[0m[33m4[0m                                         arg  2 mem  17.57 GB tm      2.48us/ 49604.49ms (      0 GFLOPS    0|0      GB/s)
*** AMD      194 E[90m_[0m[34m40[0m[90m_[0m[36m32[0m[90m_[0m[33m4[0m                                      arg  2 mem  17.57 GB tm      2.84us/ 49604.49ms (     11 GFLOPS   11|11     GB/s)
*** AMD      195 E[90m_[0m[34m40[0m[90m_[0m[36m32[0m[90m_[0m[33m4[0m                                      arg  2 mem  17.57 GB tm      2.80us/ 49604.49ms (     11 GFLOPS   11|11     GB/s)
*** AMD      196 E[90m_[0m[34m2[0m[90m_[0m[36m32[0m[90m_[0m[33m4[0m                                       arg  2 mem  17.57 GB tm      2.76us/ 49604.49ms (      1 GFLOPS    1|1      GB/s)
*** AMD      197 E[90m_[0m[34m2[0m[90m_[0m[36m32[0m[90m_[0m[33m4[0m                                       arg  2 mem  17.57 GB tm      2.48us/ 49604.50ms (      1 GFLOPS    1|1      GB/s)
*** AMD      198 E[90m_[0m[34m40[0m[90m_[0m[36m32[0m[90m_[0m[33m4[0m                                      arg  2 mem  17.57 GB tm      2.80us/ 49604.50ms (     11 GFLOPS   11|11     GB/s)
*** AMD      199 E[90m_[0m[34m40[0m[90m_[0m[36m32[0m[90m_[0m[33m4[0m                                      arg  2 mem  17.57 GB tm      2.80us/ 49604.50ms (     11 GFLOPS   11|11     GB/s)
*** AMD      200 E[90m_[0m[34m480[0m[90m_[0m[36m16[0m[90m_[0m[36m8[0m[90m_[0m[33m4[0m                                   arg  2 mem  17.57 GB tm      3.36us/ 49604.51ms (    110 GFLOPS  224|256    GB/s)
*** AMD      201 E[90m_[0m[34m480[0m[90m_[0m[36m16[0m[90m_[0m[36m8[0m[90m_[0m[33m4[0m                                   arg  2 mem  17.57 GB tm      3.24us/ 49604.51ms (    114 GFLOPS  232|265    GB/s)
*** AMD      202 E[90m_[0m[34m320[0m[90m_[0m[36m32[0m[90m_[0m[33m4[0m                                     arg  2 mem  17.57 GB tm      2.92us/ 49604.51ms (     84 GFLOPS   84|84     GB/s)
*** AMD      203 E[90m_[0m[34m3[0m[90m_[0m[36m4[0m[90m_[0m[33m4[0m                                        arg  2 mem  17.57 GB tm      2.64us/ 49604.51ms (      0 GFLOPS    0|0      GB/s)
*** AMD      204 E[90m_[0m[34m3[0m[90m_[0m[36m4[0m[90m_[0m[33m4[0m                                        arg  2 mem  17.57 GB tm      2.60us/ 49604.52ms (      0 GFLOPS    0|0      GB/s)
*** AMD      205 E[90m_[0m[36m32[0m[90m_[0m[33m4[0m                                         arg  2 mem  17.57 GB tm      2.44us/ 49604.52ms (      0 GFLOPS    0|0      GB/s)
*** AMD      206 E[90m_[0m[34m40[0m[90m_[0m[36m32[0m[90m_[0m[33m4[0m                                      arg  2 mem  17.57 GB tm      2.80us/ 49604.52ms (     11 GFLOPS   11|11     GB/s)
*** AMD      207 E[90m_[0m[34m40[0m[90m_[0m[36m32[0m[90m_[0m[33m4[0m                                      arg  2 mem  17.57 GB tm      2.84us/ 49604.52ms (     11 GFLOPS   11|11     GB/s)
*** AMD      208 E[90m_[0m[34m480[0m[90m_[0m[36m16[0m[90m_[0m[36m8[0m[90m_[0m[33m4[0m                                   arg  2 mem  17.57 GB tm      3.40us/ 49604.53ms (    108 GFLOPS  221|253    GB/s)
*** AMD      209 E[90m_[0m[34m480[0m[90m_[0m[36m16[0m[90m_[0m[36m8[0m[90m_[0m[33m4[0m                                   arg  2 mem  17.57 GB tm      3.24us/ 49604.53ms (    114 GFLOPS  232|265    GB/s)
*** AMD      210 E[90m_[0m[34m320[0m[90m_[0m[36m32[0m[90m_[0m[33m4[0m                                     arg  2 mem  17.57 GB tm      2.80us/ 49604.53ms (     88 GFLOPS   88|88     GB/s)
*** AMD      211 E[90m_[0m[34m3[0m[90m_[0m[36m4[0m[90m_[0m[33m4[0m                                        arg  2 mem  17.57 GB tm      2.64us/ 49604.54ms (      0 GFLOPS    0|0      GB/s)
*** AMD      212 E[90m_[0m[34m3[0m[90m_[0m[36m4[0m[90m_[0m[33m4[0m                                        arg  2 mem  17.57 GB tm      2.64us/ 49604.54ms (      0 GFLOPS    0|0      GB/s)
*** AMD      213 E[90m_[0m[36m32[0m[90m_[0m[33m4[0m                                         arg  2 mem  17.57 GB tm      2.48us/ 49604.54ms (      0 GFLOPS    0|0      GB/s)
*** AMD      214 E[90m_[0m[34m40[0m[90m_[0m[36m32[0m[90m_[0m[33m4[0m                                      arg  2 mem  17.57 GB tm      2.84us/ 49604.54ms (     11 GFLOPS   11|11     GB/s)
*** AMD      215 E[90m_[0m[34m40[0m[90m_[0m[36m32[0m[90m_[0m[33m4[0m                                      arg  2 mem  17.57 GB tm      2.92us/ 49604.55ms (     11 GFLOPS   11|11     GB/s)
*** AMD      216 E[90m_[0m[34m480[0m[90m_[0m[36m16[0m[90m_[0m[36m8[0m[90m_[0m[33m4[0m                                   arg  2 mem  17.57 GB tm      3.40us/ 49604.55ms (    108 GFLOPS  221|253    GB/s)
*** AMD      217 E[90m_[0m[34m480[0m[90m_[0m[36m16[0m[90m_[0m[36m8[0m[90m_[0m[33m4[0m                                   arg  2 mem  17.57 GB tm      3.24us/ 49604.55ms (    114 GFLOPS  232|265    GB/s)
*** AMD      218 E[90m_[0m[34m320[0m[90m_[0m[36m32[0m[90m_[0m[33m4[0m                                     arg  2 mem  17.57 GB tm      2.84us/ 49604.56ms (     87 GFLOPS   87|87     GB/s)
*** AMD      219 E[90m_[0m[34m3[0m[90m_[0m[36m4[0m[90m_[0m[33m4[0m                                        arg  2 mem  17.57 GB tm      2.60us/ 49604.56ms (      0 GFLOPS    0|0      GB/s)
*** AMD      220 E[90m_[0m[34m3[0m[90m_[0m[36m4[0m[90m_[0m[33m4[0m                                        arg  2 mem  17.57 GB tm      2.56us/ 49604.56ms (      0 GFLOPS    0|0      GB/s)
*** AMD      221 E[90m_[0m[36m32[0m[90m_[0m[33m4[0m                                         arg  2 mem  17.57 GB tm      2.48us/ 49604.56ms (      0 GFLOPS    0|0      GB/s)
*** AMD      222 E[90m_[0m[34m40[0m[90m_[0m[36m32[0m[90m_[0m[33m4[0m                                      arg  2 mem  17.57 GB tm      2.84us/ 49604.57ms (     11 GFLOPS   11|11     GB/s)
*** AMD      223 E[90m_[0m[34m40[0m[90m_[0m[36m32[0m[90m_[0m[33m4[0m                                      arg  2 mem  17.57 GB tm      2.72us/ 49604.57ms (     11 GFLOPS   11|11     GB/s)
*** AMD      224 E[90m_[0m[34m2[0m[90m_[0m[36m32[0m[90m_[0m[33m4[0m                                       arg  2 mem  17.57 GB tm      2.84us/ 49604.57ms (      1 GFLOPS    1|1      GB/s)
*** AMD      225 E[90m_[0m[34m2[0m[90m_[0m[36m32[0m[90m_[0m[33m4[0m                                       arg  2 mem  17.57 GB tm      2.52us/ 49604.58ms (      1 GFLOPS    1|1      GB/s)
*** AMD      226 E[90m_[0m[34m40[0m[90m_[0m[36m32[0m[90m_[0m[33m4[0m                                      arg  2 mem  17.57 GB tm      2.72us/ 49604.58ms (     11 GFLOPS   11|11     GB/s)
*** AMD      227 E[90m_[0m[34m40[0m[90m_[0m[36m32[0m[90m_[0m[33m4[0m                                      arg  2 mem  17.57 GB tm      2.68us/ 49604.58ms (     11 GFLOPS   11|11     GB/s)
*** AMD      228 E[90m_[0m[34m480[0m[90m_[0m[36m16[0m[90m_[0m[36m8[0m[90m_[0m[33m4[0m                                   arg  2 mem  17.57 GB tm      3.36us/ 49604.58ms (    110 GFLOPS  224|256    GB/s)
*** AMD      229 E[90m_[0m[34m480[0m[90m_[0m[36m16[0m[90m_[0m[36m8[0m[90m_[0m[33m4[0m                                   arg  2 mem  17.58 GB tm      3.20us/ 49604.59ms (    115 GFLOPS  235|269    GB/s)
*** AMD      230 E[90m_[0m[34m320[0m[90m_[0m[36m32[0m[90m_[0m[33m4[0m                                     arg  2 mem  17.58 GB tm      2.80us/ 49604.59ms (     88 GFLOPS   88|88     GB/s)
*** AMD      231 E[90m_[0m[34m3[0m[90m_[0m[36m4[0m[90m_[0m[33m4[0m                                        arg  2 mem  17.58 GB tm      2.64us/ 49604.59ms (      0 GFLOPS    0|0      GB/s)
*** AMD      232 E[90m_[0m[34m3[0m[90m_[0m[36m4[0m[90m_[0m[33m4[0m                                        arg  2 mem  17.58 GB tm      2.64us/ 49604.60ms (      0 GFLOPS    0|0      GB/s)
*** AMD      233 E[90m_[0m[36m32[0m[90m_[0m[33m4[0m                                         arg  2 mem  17.58 GB tm      2.44us/ 49604.60ms (      0 GFLOPS    0|0      GB/s)
*** AMD      234 E[90m_[0m[34m40[0m[90m_[0m[36m32[0m[90m_[0m[33m4[0m                                      arg  2 mem  17.58 GB tm      2.72us/ 49604.60ms (     11 GFLOPS   11|11     GB/s)
*** AMD      235 E[90m_[0m[34m40[0m[90m_[0m[36m32[0m[90m_[0m[33m4[0m                                      arg  2 mem  17.58 GB tm      2.76us/ 49604.60ms (     11 GFLOPS   11|11     GB/s)
*** AMD      236 E[90m_[0m[34m480[0m[90m_[0m[36m16[0m[90m_[0m[36m8[0m[90m_[0m[33m4[0m                                   arg  2 mem  17.58 GB tm      3.40us/ 49604.61ms (    108 GFLOPS  221|253    GB/s)
*** AMD      237 E[90m_[0m[34m480[0m[90m_[0m[36m16[0m[90m_[0m[36m8[0m[90m_[0m[33m4[0m                                   arg  2 mem  17.58 GB tm      3.24us/ 49604.61ms (    114 GFLOPS  232|265    GB/s)
*** AMD      238 E[90m_[0m[34m320[0m[90m_[0m[36m32[0m[90m_[0m[33m4[0m                                     arg  2 mem  17.58 GB tm      2.76us/ 49604.61ms (     89 GFLOPS   89|89     GB/s)
*** AMD      239 E[90m_[0m[34m3[0m[90m_[0m[36m4[0m[90m_[0m[33m4[0m                                        arg  2 mem  17.58 GB tm      2.60us/ 49604.62ms (      0 GFLOPS    0|0      GB/s)
*** AMD      240 E[90m_[0m[34m3[0m[90m_[0m[36m4[0m[90m_[0m[33m4[0m                                        arg  2 mem  17.58 GB tm      2.64us/ 49604.62ms (      0 GFLOPS    0|0      GB/s)
*** AMD      241 E[90m_[0m[36m32[0m[90m_[0m[33m4[0m                                         arg  2 mem  17.58 GB tm      2.40us/ 49604.62ms (      0 GFLOPS    0|0      GB/s)
*** AMD      242 E[90m_[0m[34m40[0m[90m_[0m[36m32[0m[90m_[0m[33m4[0m                                      arg  2 mem  17.58 GB tm      2.72us/ 49604.62ms (     11 GFLOPS   11|11     GB/s)
*** AMD      243 E[90m_[0m[34m40[0m[90m_[0m[36m32[0m[90m_[0m[33m4[0m                                      arg  2 mem  17.58 GB tm      2.72us/ 49604.63ms (     11 GFLOPS   11|11     GB/s)
*** AMD      244 E[90m_[0m[34m480[0m[90m_[0m[36m16[0m[90m_[0m[36m8[0m[90m_[0m[33m4[0m                                   arg  2 mem  17.58 GB tm      3.40us/ 49604.63ms (    108 GFLOPS  221|253    GB/s)
*** AMD      245 E[90m_[0m[34m480[0m[90m_[0m[36m16[0m[90m_[0m[36m8[0m[90m_[0m[33m4[0m                                   arg  2 mem  17.58 GB tm      3.32us/ 49604.63ms (    111 GFLOPS  227|259    GB/s)
*** AMD      246 E[90m_[0m[34m320[0m[90m_[0m[36m32[0m[90m_[0m[33m4[0m                                     arg  2 mem  17.58 GB tm      2.80us/ 49604.64ms (     88 GFLOPS   88|88     GB/s)
*** AMD      247 E[90m_[0m[34m3[0m[90m_[0m[36m4[0m[90m_[0m[33m4[0m                                        arg  2 mem  17.58 GB tm      2.64us/ 49604.64ms (      0 GFLOPS    0|0      GB/s)
*** AMD      248 E[90m_[0m[34m3[0m[90m_[0m[36m4[0m[90m_[0m[33m4[0m                                        arg  2 mem  17.58 GB tm      2.64us/ 49604.64ms (      0 GFLOPS    0|0      GB/s)
*** AMD      249 E[90m_[0m[36m32[0m[90m_[0m[33m4[0m                                         arg  2 mem  17.58 GB tm      2.48us/ 49604.64ms (      0 GFLOPS    0|0      GB/s)
*** AMD      250 E[90m_[0m[34m40[0m[90m_[0m[36m32[0m[90m_[0m[33m4[0m                                      arg  2 mem  17.58 GB tm      2.76us/ 49604.65ms (     11 GFLOPS   11|11     GB/s)
*** AMD      251 E[90m_[0m[34m40[0m[90m_[0m[36m32[0m[90m_[0m[33m4[0m                                      arg  2 mem  17.58 GB tm      2.68us/ 49604.65ms (     11 GFLOPS   11|11     GB/s)
*** AMD      252 E[90m_[0m[34m2[0m[90m_[0m[36m32[0m[90m_[0m[33m4[0m                                       arg  2 mem  17.58 GB tm      2.64us/ 49604.65ms (      1 GFLOPS    1|1      GB/s)
*** AMD      253 E[90m_[0m[34m2[0m[90m_[0m[36m32[0m[90m_[0m[33m4[0m                                       arg  2 mem  17.58 GB tm      2.52us/ 49604.65ms (      1 GFLOPS    1|1      GB/s)
*** AMD      254 E[90m_[0m[34m40[0m[90m_[0m[36m32[0m[90m_[0m[33m4[0m                                      arg  2 mem  17.58 GB tm      2.72us/ 49604.66ms (     11 GFLOPS   11|11     GB/s)
*** AMD      255 E[90m_[0m[34m40[0m[90m_[0m[36m32[0m[90m_[0m[33m4[0m                                      arg  2 mem  17.58 GB tm      2.72us/ 49604.66ms (     11 GFLOPS   11|11     GB/s)
*** AMD      256 E[90m_[0m[34m480[0m[90m_[0m[36m16[0m[90m_[0m[36m8[0m[90m_[0m[33m4[0m                                   arg  2 mem  17.58 GB tm      3.40us/ 49604.66ms (    108 GFLOPS  221|253    GB/s)
*** AMD      257 E[90m_[0m[34m480[0m[90m_[0m[36m16[0m[90m_[0m[36m8[0m[90m_[0m[33m4[0m                                   arg  2 mem  17.58 GB tm      3.24us/ 49604.67ms (    114 GFLOPS  232|265    GB/s)
*** AMD      258 E[90m_[0m[34m320[0m[90m_[0m[36m32[0m[90m_[0m[33m4[0m                                     arg  2 mem  17.58 GB tm      2.80us/ 49604.67ms (     88 GFLOPS   88|88     GB/s)
*** AMD      259 E[90m_[0m[34m3[0m[90m_[0m[36m4[0m[90m_[0m[33m4[0m                                        arg  2 mem  17.58 GB tm      2.60us/ 49604.67ms (      0 GFLOPS    0|0      GB/s)
*** AMD      260 E[90m_[0m[34m3[0m[90m_[0m[36m4[0m[90m_[0m[33m4[0m                                        arg  2 mem  17.58 GB tm      2.60us/ 49604.67ms (      0 GFLOPS    0|0      GB/s)
*** AMD      261 E[90m_[0m[36m32[0m[90m_[0m[33m4[0m                                         arg  2 mem  17.58 GB tm      2.44us/ 49604.68ms (      0 GFLOPS    0|0      GB/s)
*** AMD      262 E[90m_[0m[34m40[0m[90m_[0m[36m32[0m[90m_[0m[33m4[0m                                      arg  2 mem  17.58 GB tm      2.72us/ 49604.68ms (     11 GFLOPS   11|11     GB/s)
*** AMD      263 E[90m_[0m[34m40[0m[90m_[0m[36m32[0m[90m_[0m[33m4[0m                                      arg  2 mem  17.58 GB tm      2.68us/ 49604.68ms (     11 GFLOPS   11|11     GB/s)
*** AMD      264 E[90m_[0m[34m480[0m[90m_[0m[36m16[0m[90m_[0m[36m8[0m[90m_[0m[33m4[0m                                   arg  2 mem  17.58 GB tm      3.36us/ 49604.69ms (    110 GFLOPS  224|256    GB/s)
*** AMD      265 E[90m_[0m[34m480[0m[90m_[0m[36m16[0m[90m_[0m[36m8[0m[90m_[0m[33m4[0m                                   arg  2 mem  17.58 GB tm      3.20us/ 49604.69ms (    115 GFLOPS  235|269    GB/s)
*** AMD      266 E[90m_[0m[34m320[0m[90m_[0m[36m32[0m[90m_[0m[33m4[0m                                     arg  2 mem  17.58 GB tm      2.88us/ 49604.69ms (     85 GFLOPS   85|85     GB/s)
*** AMD      267 E[90m_[0m[34m3[0m[90m_[0m[36m4[0m[90m_[0m[33m4[0m                                        arg  2 mem  17.58 GB tm      2.60us/ 49604.69ms (      0 GFLOPS    0|0      GB/s)
*** AMD      268 E[90m_[0m[34m3[0m[90m_[0m[36m4[0m[90m_[0m[33m4[0m                                        arg  2 mem  17.58 GB tm      2.60us/ 49604.70ms (      0 GFLOPS    0|0      GB/s)
*** AMD      269 E[90m_[0m[36m32[0m[90m_[0m[33m4[0m                                         arg  2 mem  17.58 GB tm      2.48us/ 49604.70ms (      0 GFLOPS    0|0      GB/s)
*** AMD      270 E[90m_[0m[34m40[0m[90m_[0m[36m32[0m[90m_[0m[33m4[0m                                      arg  2 mem  17.58 GB tm      2.72us/ 49604.70ms (     11 GFLOPS   11|11     GB/s)
*** AMD      271 E[90m_[0m[34m40[0m[90m_[0m[36m32[0m[90m_[0m[33m4[0m                                      arg  2 mem  17.58 GB tm      2.72us/ 49604.70ms (     11 GFLOPS   11|11     GB/s)
*** AMD      272 E[90m_[0m[34m480[0m[90m_[0m[36m16[0m[90m_[0m[36m8[0m[90m_[0m[33m4[0m                                   arg  2 mem  17.58 GB tm      3.36us/ 49604.71ms (    110 GFLOPS  224|256    GB/s)
*** AMD      273 E[90m_[0m[34m480[0m[90m_[0m[36m16[0m[90m_[0m[36m8[0m[90m_[0m[33m4[0m                                   arg  2 mem  17.58 GB tm      3.24us/ 49604.71ms (    114 GFLOPS  232|265    GB/s)
*** AMD      274 E[90m_[0m[34m320[0m[90m_[0m[36m32[0m[90m_[0m[33m4[0m                                     arg  2 mem  17.58 GB tm      2.80us/ 49604.71ms (     88 GFLOPS   88|88     GB/s)
*** AMD      275 E[90m_[0m[34m3[0m[90m_[0m[36m4[0m[90m_[0m[33m4[0m                                        arg  2 mem  17.58 GB tm      2.64us/ 49604.72ms (      0 GFLOPS    0|0      GB/s)
*** AMD      276 E[90m_[0m[34m3[0m[90m_[0m[36m4[0m[90m_[0m[33m4[0m                                        arg  2 mem  17.58 GB tm      2.60us/ 49604.72ms (      0 GFLOPS    0|0      GB/s)
*** AMD      277 E[90m_[0m[36m32[0m[90m_[0m[33m4[0m                                         arg  2 mem  17.58 GB tm      2.44us/ 49604.72ms (      0 GFLOPS    0|0      GB/s)
*** AMD      278 E[90m_[0m[34m40[0m[90m_[0m[36m32[0m[90m_[0m[33m4[0m                                      arg  2 mem  17.58 GB tm      2.68us/ 49604.72ms (     11 GFLOPS   11|11     GB/s)
*** AMD      279 E[90m_[0m[34m40[0m[90m_[0m[36m32[0m[90m_[0m[33m4[0m                                      arg  2 mem  17.58 GB tm      2.72us/ 49604.73ms (     11 GFLOPS   11|11     GB/s)
*** AMD      280 E[90m_[0m[34m2[0m[90m_[0m[36m32[0m[90m_[0m[33m4[0m                                       arg  2 mem  17.58 GB tm      2.68us/ 49604.73ms (      1 GFLOPS    1|1      GB/s)
*** AMD      281 E[90m_[0m[34m2[0m[90m_[0m[36m32[0m[90m_[0m[33m4[0m                                       arg  2 mem  17.58 GB tm      2.52us/ 49604.73ms (      1 GFLOPS    1|1      GB/s)
*** AMD      282 E[90m_[0m[34m40[0m[90m_[0m[36m32[0m[90m_[0m[33m4[0m                                      arg  2 mem  17.58 GB tm      2.68us/ 49604.73ms (     11 GFLOPS   11|11     GB/s)
*** AMD      283 E[90m_[0m[34m40[0m[90m_[0m[36m32[0m[90m_[0m[33m4[0m                                      arg  2 mem  17.58 GB tm      2.72us/ 49604.74ms (     11 GFLOPS   11|11     GB/s)
*** AMD      284 E[90m_[0m[34m480[0m[90m_[0m[36m16[0m[90m_[0m[36m8[0m[90m_[0m[33m4[0m                                   arg  2 mem  17.58 GB tm      3.36us/ 49604.74ms (    110 GFLOPS  224|256    GB/s)
*** AMD      285 E[90m_[0m[34m480[0m[90m_[0m[36m16[0m[90m_[0m[36m8[0m[90m_[0m[33m4[0m                                   arg  2 mem  17.58 GB tm      3.20us/ 49604.74ms (    115 GFLOPS  235|269    GB/s)
*** AMD      286 E[90m_[0m[34m320[0m[90m_[0m[36m32[0m[90m_[0m[33m4[0m                                     arg  2 mem  17.58 GB tm      2.80us/ 49604.75ms (     88 GFLOPS   88|88     GB/s)
*** AMD      287 E[90m_[0m[34m3[0m[90m_[0m[36m4[0m[90m_[0m[33m4[0m                                        arg  2 mem  17.58 GB tm      2.64us/ 49604.75ms (      0 GFLOPS    0|0      GB/s)
*** AMD      288 E[90m_[0m[34m3[0m[90m_[0m[36m4[0m[90m_[0m[33m4[0m                                        arg  2 mem  17.58 GB tm      2.60us/ 49604.75ms (      0 GFLOPS    0|0      GB/s)
*** AMD      289 E[90m_[0m[36m32[0m[90m_[0m[33m4[0m                                         arg  2 mem  17.58 GB tm      2.48us/ 49604.75ms (      0 GFLOPS    0|0      GB/s)
*** AMD      290 E[90m_[0m[34m40[0m[90m_[0m[36m32[0m[90m_[0m[33m4[0m                                      arg  2 mem  17.58 GB tm      2.72us/ 49604.76ms (     11 GFLOPS   11|11     GB/s)
*** AMD      291 E[90m_[0m[34m40[0m[90m_[0m[36m32[0m[90m_[0m[33m4[0m                                      arg  2 mem  17.58 GB tm      2.68us/ 49604.76ms (     11 GFLOPS   11|11     GB/s)
*** AMD      292 E[90m_[0m[34m480[0m[90m_[0m[36m16[0m[90m_[0m[36m8[0m[90m_[0m[33m4[0m                                   arg  2 mem  17.58 GB tm      3.36us/ 49604.76ms (    110 GFLOPS  224|256    GB/s)
*** AMD      293 E[90m_[0m[34m480[0m[90m_[0m[36m16[0m[90m_[0m[36m8[0m[90m_[0m[33m4[0m                                   arg  2 mem  17.58 GB tm      3.24us/ 49604.77ms (    114 GFLOPS  232|265    GB/s)
*** AMD      294 E[90m_[0m[34m320[0m[90m_[0m[36m32[0m[90m_[0m[33m4[0m                                     arg  2 mem  17.58 GB tm      2.84us/ 49604.77ms (     87 GFLOPS   87|87     GB/s)
*** AMD      295 E[90m_[0m[34m3[0m[90m_[0m[36m4[0m[90m_[0m[33m4[0m                                        arg  2 mem  17.58 GB tm      2.60us/ 49604.77ms (      0 GFLOPS    0|0      GB/s)
*** AMD      296 E[90m_[0m[34m3[0m[90m_[0m[36m4[0m[90m_[0m[33m4[0m                                        arg  2 mem  17.58 GB tm      2.60us/ 49604.77ms (      0 GFLOPS    0|0      GB/s)
*** AMD      297 E[90m_[0m[36m32[0m[90m_[0m[33m4[0m                                         arg  2 mem  17.58 GB tm      2.48us/ 49604.78ms (      0 GFLOPS    0|0      GB/s)
*** AMD      298 E[90m_[0m[34m40[0m[90m_[0m[36m32[0m[90m_[0m[33m4[0m                                      arg  2 mem  17.58 GB tm      2.68us/ 49604.78ms (     11 GFLOPS   11|11     GB/s)
*** AMD      299 E[90m_[0m[34m40[0m[90m_[0m[36m32[0m[90m_[0m[33m4[0m                                      arg  2 mem  17.58 GB tm      2.72us/ 49604.78ms (     11 GFLOPS   11|11     GB/s)
*** AMD      300 E[90m_[0m[34m480[0m[90m_[0m[36m16[0m[90m_[0m[36m8[0m[90m_[0m[33m4[0m                                   arg  2 mem  17.58 GB tm      3.36us/ 49604.79ms (    110 GFLOPS  224|256    GB/s)
*** AMD      301 E[90m_[0m[34m480[0m[90m_[0m[36m16[0m[90m_[0m[36m8[0m[90m_[0m[33m4[0m                                   arg  2 mem  17.58 GB tm      3.20us/ 49604.79ms (    115 GFLOPS  235|269    GB/s)
*** AMD      302 E[90m_[0m[34m320[0m[90m_[0m[36m32[0m[90m_[0m[33m4[0m                                     arg  2 mem  17.58 GB tm      2.84us/ 49604.79ms (     87 GFLOPS   87|87     GB/s)
*** AMD      303 E[90m_[0m[34m3[0m[90m_[0m[36m4[0m[90m_[0m[33m4[0m                                        arg  2 mem  17.58 GB tm      2.68us/ 49604.79ms (      0 GFLOPS    0|0      GB/s)
*** AMD      304 E[90m_[0m[34m3[0m[90m_[0m[36m4[0m[90m_[0m[33m4[0m                                        arg  2 mem  17.58 GB tm      2.64us/ 49604.80ms (      0 GFLOPS    0|0      GB/s)
*** AMD      305 E[90m_[0m[36m32[0m[90m_[0m[33m4[0m                                         arg  2 mem  17.58 GB tm      2.44us/ 49604.80ms (      0 GFLOPS    0|0      GB/s)
*** AMD      306 E[90m_[0m[34m40[0m[90m_[0m[36m32[0m[90m_[0m[33m4[0m                                      arg  2 mem  17.58 GB tm      2.72us/ 49604.80ms (     11 GFLOPS   11|11     GB/s)
*** AMD      307 E[90m_[0m[34m40[0m[90m_[0m[36m32[0m[90m_[0m[33m4[0m                                      arg  2 mem  17.58 GB tm      2.68us/ 49604.81ms (     11 GFLOPS   11|11     GB/s)
*** AMD      308 E[90m_[0m[34m2[0m[90m_[0m[36m32[0m[90m_[0m[33m4[0m                                       arg  2 mem  17.58 GB tm      2.68us/ 49604.81ms (      1 GFLOPS    1|1      GB/s)
*** AMD      309 E[90m_[0m[34m2[0m[90m_[0m[36m32[0m[90m_[0m[33m4[0m                                       arg  2 mem  17.58 GB tm      2.52us/ 49604.81ms (      1 GFLOPS    1|1      GB/s)
*** AMD      310 E[90m_[0m[34m40[0m[90m_[0m[36m32[0m[90m_[0m[33m4[0m                                      arg  2 mem  17.58 GB tm      2.68us/ 49604.81ms (     11 GFLOPS   11|11     GB/s)
*** AMD      311 E[90m_[0m[34m40[0m[90m_[0m[36m32[0m[90m_[0m[33m4[0m                                      arg  2 mem  17.58 GB tm      2.68us/ 49604.82ms (     11 GFLOPS   11|11     GB/s)
*** AMD      312 E[90m_[0m[34m480[0m[90m_[0m[36m16[0m[90m_[0m[36m8[0m[90m_[0m[33m4[0m                                   arg  2 mem  17.58 GB tm      3.40us/ 49604.82ms (    108 GFLOPS  221|253    GB/s)
*** AMD      313 E[90m_[0m[34m480[0m[90m_[0m[36m16[0m[90m_[0m[36m8[0m[90m_[0m[33m4[0m                                   arg  2 mem  17.59 GB tm      3.24us/ 49604.82ms (    114 GFLOPS  232|265    GB/s)
*** AMD      314 E[90m_[0m[34m320[0m[90m_[0m[36m32[0m[90m_[0m[33m4[0m                                     arg  2 mem  17.59 GB tm      2.84us/ 49604.83ms (     87 GFLOPS   87|87     GB/s)
*** AMD      315 E[90m_[0m[34m3[0m[90m_[0m[36m4[0m[90m_[0m[33m4[0m                                        arg  2 mem  17.59 GB tm      2.64us/ 49604.83ms (      0 GFLOPS    0|0      GB/s)
*** AMD      316 E[90m_[0m[34m3[0m[90m_[0m[36m4[0m[90m_[0m[33m4[0m                                        arg  2 mem  17.59 GB tm      2.64us/ 49604.83ms (      0 GFLOPS    0|0      GB/s)
*** AMD      317 E[90m_[0m[36m32[0m[90m_[0m[33m4[0m                                         arg  2 mem  17.59 GB tm      2.48us/ 49604.83ms (      0 GFLOPS    0|0      GB/s)
*** AMD      318 E[90m_[0m[34m40[0m[90m_[0m[36m32[0m[90m_[0m[33m4[0m                                      arg  2 mem  17.59 GB tm      2.84us/ 49604.84ms (     11 GFLOPS   11|11     GB/s)
*** AMD      319 E[90m_[0m[34m40[0m[90m_[0m[36m32[0m[90m_[0m[33m4[0m                                      arg  2 mem  17.59 GB tm      2.72us/ 49604.84ms (     11 GFLOPS   11|11     GB/s)
*** AMD      320 E[90m_[0m[34m480[0m[90m_[0m[36m16[0m[90m_[0m[36m8[0m[90m_[0m[33m4[0m                                   arg  2 mem  17.59 GB tm      3.40us/ 49604.84ms (    108 GFLOPS  221|253    GB/s)
*** AMD      321 E[90m_[0m[34m480[0m[90m_[0m[36m16[0m[90m_[0m[36m8[0m[90m_[0m[33m4[0m                                   arg  2 mem  17.59 GB tm      3.24us/ 49604.85ms (    114 GFLOPS  232|265    GB/s)
*** AMD      322 E[90m_[0m[34m320[0m[90m_[0m[36m32[0m[90m_[0m[33m4[0m                                     arg  2 mem  17.59 GB tm      2.80us/ 49604.85ms (     88 GFLOPS   88|88     GB/s)
*** AMD      323 E[90m_[0m[34m3[0m[90m_[0m[36m4[0m[90m_[0m[33m4[0m                                        arg  2 mem  17.59 GB tm      2.60us/ 49604.85ms (      0 GFLOPS    0|0      GB/s)
*** AMD      324 E[90m_[0m[34m3[0m[90m_[0m[36m4[0m[90m_[0m[33m4[0m                                        arg  2 mem  17.59 GB tm      2.64us/ 49604.85ms (      0 GFLOPS    0|0      GB/s)
*** AMD      325 E[90m_[0m[36m32[0m[90m_[0m[33m4[0m                                         arg  2 mem  17.59 GB tm      2.40us/ 49604.86ms (      0 GFLOPS    0|0      GB/s)
*** AMD      326 E[90m_[0m[34m40[0m[90m_[0m[36m32[0m[90m_[0m[33m4[0m                                      arg  2 mem  17.59 GB tm      2.68us/ 49604.86ms (     11 GFLOPS   11|11     GB/s)
*** AMD      327 E[90m_[0m[34m40[0m[90m_[0m[36m32[0m[90m_[0m[33m4[0m                                      arg  2 mem  17.59 GB tm      2.76us/ 49604.86ms (     11 GFLOPS   11|11     GB/s)
*** AMD      328 E[90m_[0m[34m480[0m[90m_[0m[36m16[0m[90m_[0m[36m8[0m[90m_[0m[33m4[0m                                   arg  2 mem  17.59 GB tm      3.36us/ 49604.86ms (    110 GFLOPS  224|256    GB/s)
*** AMD      329 E[90m_[0m[34m480[0m[90m_[0m[36m16[0m[90m_[0m[36m8[0m[90m_[0m[33m4[0m                                   arg  2 mem  17.59 GB tm      3.24us/ 49604.87ms (    114 GFLOPS  232|265    GB/s)
*** AMD      330 E[90m_[0m[34m320[0m[90m_[0m[36m32[0m[90m_[0m[33m4[0m                                     arg  2 mem  17.59 GB tm      2.80us/ 49604.87ms (     88 GFLOPS   88|88     GB/s)
*** AMD      331 E[90m_[0m[34m3[0m[90m_[0m[36m4[0m[90m_[0m[33m4[0m                                        arg  2 mem  17.59 GB tm      2.64us/ 49604.87ms (      0 GFLOPS    0|0      GB/s)
*** AMD      332 E[90m_[0m[34m3[0m[90m_[0m[36m4[0m[90m_[0m[33m4[0m                                        arg  2 mem  17.59 GB tm      2.60us/ 49604.88ms (      0 GFLOPS    0|0      GB/s)
*** AMD      333 E[90m_[0m[36m32[0m[90m_[0m[33m4[0m                                         arg  2 mem  17.59 GB tm      2.52us/ 49604.88ms (      0 GFLOPS    0|0      GB/s)
*** AMD      334 E[90m_[0m[34m40[0m[90m_[0m[36m32[0m[90m_[0m[33m4[0m                                      arg  2 mem  17.59 GB tm      2.64us/ 49604.88ms (     12 GFLOPS   12|12     GB/s)
*** AMD      335 E[90m_[0m[34m40[0m[90m_[0m[36m32[0m[90m_[0m[33m4[0m                                      arg  2 mem  17.59 GB tm      2.72us/ 49604.88ms (     11 GFLOPS   11|11     GB/s)
*** AMD      336 E[90m_[0m[34m2[0m[90m_[0m[36m32[0m[90m_[0m[33m4[0m                                       arg  2 mem  17.59 GB tm      2.68us/ 49604.89ms (      1 GFLOPS    1|1      GB/s)
*** AMD      337 E[90m_[0m[34m2[0m[90m_[0m[36m32[0m[90m_[0m[33m4[0m                                       arg  2 mem  17.59 GB tm      2.48us/ 49604.89ms (      1 GFLOPS    1|1      GB/s)
*** AMD      338 E[90m_[0m[34m40[0m[90m_[0m[36m32[0m[90m_[0m[33m4[0m                                      arg  2 mem  17.59 GB tm      2.68us/ 49604.89ms (     11 GFLOPS   11|11     GB/s)
*** AMD      339 E[90m_[0m[34m40[0m[90m_[0m[36m32[0m[90m_[0m[33m4[0m                                      arg  2 mem  17.59 GB tm      2.72us/ 49604.89ms (     11 GFLOPS   11|11     GB/s)
*** AMD      340 E[90m_[0m[34m480[0m[90m_[0m[36m16[0m[90m_[0m[36m8[0m[90m_[0m[33m4[0m                                   arg  2 mem  17.59 GB tm      3.40us/ 49604.90ms (    108 GFLOPS  221|253    GB/s)
*** AMD      341 E[90m_[0m[34m480[0m[90m_[0m[36m16[0m[90m_[0m[36m8[0m[90m_[0m[33m4[0m                                   arg  2 mem  17.59 GB tm      3.32us/ 49604.90ms (    111 GFLOPS  227|259    GB/s)
*** AMD      342 E[90m_[0m[34m320[0m[90m_[0m[36m32[0m[90m_[0m[33m4[0m                                     arg  2 mem  17.59 GB tm      2.80us/ 49604.90ms (     88 GFLOPS   88|88     GB/s)
*** AMD      343 E[90m_[0m[34m3[0m[90m_[0m[36m4[0m[90m_[0m[33m4[0m                                        arg  2 mem  17.59 GB tm      2.64us/ 49604.91ms (      0 GFLOPS    0|0      GB/s)
*** AMD      344 E[90m_[0m[34m3[0m[90m_[0m[36m4[0m[90m_[0m[33m4[0m                                        arg  2 mem  17.59 GB tm      2.60us/ 49604.91ms (      0 GFLOPS    0|0      GB/s)
*** AMD      345 E[90m_[0m[36m32[0m[90m_[0m[33m4[0m                                         arg  2 mem  17.59 GB tm      2.48us/ 49604.91ms (      0 GFLOPS    0|0      GB/s)
*** AMD      346 E[90m_[0m[34m40[0m[90m_[0m[36m32[0m[90m_[0m[33m4[0m                                      arg  2 mem  17.59 GB tm      2.72us/ 49604.91ms (     11 GFLOPS   11|11     GB/s)
*** AMD      347 E[90m_[0m[34m40[0m[90m_[0m[36m32[0m[90m_[0m[33m4[0m                                      arg  2 mem  17.59 GB tm      2.72us/ 49604.92ms (     11 GFLOPS   11|11     GB/s)
*** AMD      348 E[90m_[0m[34m480[0m[90m_[0m[36m16[0m[90m_[0m[36m8[0m[90m_[0m[33m4[0m                                   arg  2 mem  17.59 GB tm      3.40us/ 49604.92ms (    108 GFLOPS  221|253    GB/s)
*** AMD      349 E[90m_[0m[34m480[0m[90m_[0m[36m16[0m[90m_[0m[36m8[0m[90m_[0m[33m4[0m                                   arg  2 mem  17.59 GB tm      3.24us/ 49604.92ms (    114 GFLOPS  232|265    GB/s)
*** AMD      350 E[90m_[0m[34m320[0m[90m_[0m[36m32[0m[90m_[0m[33m4[0m                                     arg  2 mem  17.59 GB tm      2.84us/ 49604.93ms (     87 GFLOPS   87|87     GB/s)
*** AMD      351 E[90m_[0m[34m3[0m[90m_[0m[36m4[0m[90m_[0m[33m4[0m                                        arg  2 mem  17.59 GB tm      2.64us/ 49604.93ms (      0 GFLOPS    0|0      GB/s)
*** AMD      352 E[90m_[0m[34m3[0m[90m_[0m[36m4[0m[90m_[0m[33m4[0m                                        arg  2 mem  17.59 GB tm      2.64us/ 49604.93ms (      0 GFLOPS    0|0      GB/s)
*** AMD      353 E[90m_[0m[36m32[0m[90m_[0m[33m4[0m                                         arg  2 mem  17.59 GB tm      2.44us/ 49604.93ms (      0 GFLOPS    0|0      GB/s)
*** AMD      354 E[90m_[0m[34m40[0m[90m_[0m[36m32[0m[90m_[0m[33m4[0m                                      arg  2 mem  17.59 GB tm      2.80us/ 49604.94ms (     11 GFLOPS   11|11     GB/s)
*** AMD      355 E[90m_[0m[34m40[0m[90m_[0m[36m32[0m[90m_[0m[33m4[0m                                      arg  2 mem  17.59 GB tm      2.72us/ 49604.94ms (     11 GFLOPS   11|11     GB/s)
*** AMD      356 E[90m_[0m[34m480[0m[90m_[0m[36m16[0m[90m_[0m[36m8[0m[90m_[0m[33m4[0m                                   arg  2 mem  17.59 GB tm      3.36us/ 49604.94ms (    110 GFLOPS  224|256    GB/s)
*** AMD      357 E[90m_[0m[34m480[0m[90m_[0m[36m16[0m[90m_[0m[36m8[0m[90m_[0m[33m4[0m                                   arg  2 mem  17.59 GB tm      3.24us/ 49604.95ms (    114 GFLOPS  232|265    GB/s)
*** AMD      358 E[90m_[0m[34m320[0m[90m_[0m[36m32[0m[90m_[0m[33m4[0m                                     arg  2 mem  17.59 GB tm      2.80us/ 49604.95ms (     88 GFLOPS   88|88     GB/s)
*** AMD      359 E[90m_[0m[34m3[0m[90m_[0m[36m4[0m[90m_[0m[33m4[0m                                        arg  2 mem  17.59 GB tm      2.60us/ 49604.95ms (      0 GFLOPS    0|0      GB/s)
*** AMD      360 E[90m_[0m[34m3[0m[90m_[0m[36m4[0m[90m_[0m[33m4[0m                                        arg  2 mem  17.59 GB tm      2.60us/ 49604.95ms (      0 GFLOPS    0|0      GB/s)
*** AMD      361 E[90m_[0m[36m32[0m[90m_[0m[33m4[0m                                         arg  2 mem  17.59 GB tm      2.44us/ 49604.96ms (      0 GFLOPS    0|0      GB/s)
*** AMD      362 E[90m_[0m[34m40[0m[90m_[0m[36m32[0m[90m_[0m[33m4[0m                                      arg  2 mem  17.59 GB tm      2.68us/ 49604.96ms (     11 GFLOPS   11|11     GB/s)
*** AMD      363 E[90m_[0m[34m40[0m[90m_[0m[36m32[0m[90m_[0m[33m4[0m                                      arg  2 mem  17.59 GB tm      2.72us/ 49604.96ms (     11 GFLOPS   11|11     GB/s)
*** AMD      364 E[90m_[0m[34m2[0m[90m_[0m[36m32[0m[90m_[0m[33m4[0m                                       arg  2 mem  17.59 GB tm      2.68us/ 49604.96ms (      1 GFLOPS    1|1      GB/s)
*** AMD      365 E[90m_[0m[34m2[0m[90m_[0m[36m32[0m[90m_[0m[33m4[0m                                       arg  2 mem  17.59 GB tm      2.52us/ 49604.97ms (      1 GFLOPS    1|1      GB/s)
*** AMD      366 E[90m_[0m[34m40[0m[90m_[0m[36m32[0m[90m_[0m[33m4[0m                                      arg  2 mem  17.59 GB tm      2.72us/ 49604.97ms (     11 GFLOPS   11|11     GB/s)
*** AMD      367 E[90m_[0m[34m40[0m[90m_[0m[36m32[0m[90m_[0m[33m4[0m                                      arg  2 mem  17.59 GB tm      2.68us/ 49604.97ms (     11 GFLOPS   11|11     GB/s)
*** AMD      368 E[90m_[0m[34m480[0m[90m_[0m[36m16[0m[90m_[0m[36m8[0m[90m_[0m[33m4[0m                                   arg  2 mem  17.59 GB tm      3.36us/ 49604.98ms (    110 GFLOPS  224|256    GB/s)
*** AMD      369 E[90m_[0m[34m480[0m[90m_[0m[36m16[0m[90m_[0m[36m8[0m[90m_[0m[33m4[0m                                   arg  2 mem  17.59 GB tm      3.24us/ 49604.98ms (    114 GFLOPS  232|265    GB/s)
*** AMD      370 E[90m_[0m[34m320[0m[90m_[0m[36m32[0m[90m_[0m[33m4[0m                                     arg  2 mem  17.59 GB tm      2.84us/ 49604.98ms (     87 GFLOPS   87|87     GB/s)
*** AMD      371 E[90m_[0m[34m3[0m[90m_[0m[36m4[0m[90m_[0m[33m4[0m                                        arg  2 mem  17.59 GB tm      2.60us/ 49604.98ms (      0 GFLOPS    0|0      GB/s)
*** AMD      372 E[90m_[0m[34m3[0m[90m_[0m[36m4[0m[90m_[0m[33m4[0m                                        arg  2 mem  17.59 GB tm      2.64us/ 49604.99ms (      0 GFLOPS    0|0      GB/s)
*** AMD      373 E[90m_[0m[36m32[0m[90m_[0m[33m4[0m                                         arg  2 mem  17.59 GB tm      2.48us/ 49604.99ms (      0 GFLOPS    0|0      GB/s)
*** AMD      374 E[90m_[0m[34m40[0m[90m_[0m[36m32[0m[90m_[0m[33m4[0m                                      arg  2 mem  17.59 GB tm      2.68us/ 49604.99ms (     11 GFLOPS   11|11     GB/s)
*** AMD      375 E[90m_[0m[34m40[0m[90m_[0m[36m32[0m[90m_[0m[33m4[0m                                      arg  2 mem  17.59 GB tm      2.68us/ 49604.99ms (     11 GFLOPS   11|11     GB/s)
*** AMD      376 E[90m_[0m[34m480[0m[90m_[0m[36m16[0m[90m_[0m[36m8[0m[90m_[0m[33m4[0m                                   arg  2 mem  17.59 GB tm      3.40us/ 49605.00ms (    108 GFLOPS  221|253    GB/s)
*** AMD      377 E[90m_[0m[34m480[0m[90m_[0m[36m16[0m[90m_[0m[36m8[0m[90m_[0m[33m4[0m                                   arg  2 mem  17.59 GB tm      3.28us/ 49605.00ms (    112 GFLOPS  229|262    GB/s)
*** AMD      378 E[90m_[0m[34m320[0m[90m_[0m[36m32[0m[90m_[0m[33m4[0m                                     arg  2 mem  17.59 GB tm      2.84us/ 49605.00ms (     87 GFLOPS   87|87     GB/s)
*** AMD      379 E[90m_[0m[34m3[0m[90m_[0m[36m4[0m[90m_[0m[33m4[0m                                        arg  2 mem  17.59 GB tm      2.64us/ 49605.01ms (      0 GFLOPS    0|0      GB/s)
*** AMD      380 E[90m_[0m[34m3[0m[90m_[0m[36m4[0m[90m_[0m[33m4[0m                                        arg  2 mem  17.59 GB tm      2.60us/ 49605.01ms (      0 GFLOPS    0|0      GB/s)
*** AMD      381 E[90m_[0m[36m32[0m[90m_[0m[33m4[0m                                         arg  2 mem  17.59 GB tm      2.48us/ 49605.01ms (      0 GFLOPS    0|0      GB/s)
*** AMD      382 E[90m_[0m[34m40[0m[90m_[0m[36m32[0m[90m_[0m[33m4[0m                                      arg  2 mem  17.59 GB tm      2.80us/ 49605.02ms (     11 GFLOPS   11|11     GB/s)
*** AMD      383 E[90m_[0m[34m40[0m[90m_[0m[36m32[0m[90m_[0m[33m4[0m                                      arg  2 mem  17.59 GB tm      2.80us/ 49605.02ms (     11 GFLOPS   11|11     GB/s)
*** AMD      384 E[90m_[0m[34m480[0m[90m_[0m[36m16[0m[90m_[0m[36m8[0m[90m_[0m[33m4[0m                                   arg  2 mem  17.59 GB tm      3.44us/ 49605.02ms (    107 GFLOPS  219|250    GB/s)
*** AMD      385 E[90m_[0m[34m480[0m[90m_[0m[36m16[0m[90m_[0m[36m8[0m[90m_[0m[33m4[0m                                   arg  2 mem  17.59 GB tm      3.28us/ 49605.02ms (    112 GFLOPS  229|262    GB/s)
*** AMD      386 E[90m_[0m[34m320[0m[90m_[0m[36m32[0m[90m_[0m[33m4[0m                                     arg  2 mem  17.59 GB tm      2.80us/ 49605.03ms (     88 GFLOPS   88|88     GB/s)
*** AMD      387 E[90m_[0m[34m3[0m[90m_[0m[36m4[0m[90m_[0m[33m4[0m                                        arg  2 mem  17.59 GB tm      2.60us/ 49605.03ms (      0 GFLOPS    0|0      GB/s)
*** AMD      388 E[90m_[0m[34m3[0m[90m_[0m[36m4[0m[90m_[0m[33m4[0m                                        arg  2 mem  17.59 GB tm      2.60us/ 49605.03ms (      0 GFLOPS    0|0      GB/s)
*** AMD      389 E[90m_[0m[36m32[0m[90m_[0m[33m4[0m                                         arg  2 mem  17.59 GB tm      2.44us/ 49605.03ms (      0 GFLOPS    0|0      GB/s)
*** AMD      390 E[90m_[0m[34m40[0m[90m_[0m[36m32[0m[90m_[0m[33m4[0m                                      arg  2 mem  17.59 GB tm      2.60us/ 49605.04ms (     12 GFLOPS   12|12     GB/s)
*** AMD      391 E[90m_[0m[34m40[0m[90m_[0m[36m32[0m[90m_[0m[33m4[0m                                      arg  2 mem  17.59 GB tm      2.68us/ 49605.04ms (     11 GFLOPS   11|11     GB/s)
*** AMD      392 E[90m_[0m[34m2[0m[90m_[0m[36m32[0m[90m_[0m[33m4[0m                                       arg  2 mem  17.59 GB tm      2.68us/ 49605.04ms (      1 GFLOPS    1|1      GB/s)
*** AMD      393 E[90m_[0m[34m2[0m[90m_[0m[36m32[0m[90m_[0m[33m4[0m                                       arg  2 mem  17.59 GB tm      2.52us/ 49605.05ms (      1 GFLOPS    1|1      GB/s)
*** AMD      394 E[90m_[0m[34m40[0m[90m_[0m[36m32[0m[90m_[0m[33m4[0m                                      arg  2 mem  17.59 GB tm      2.68us/ 49605.05ms (     11 GFLOPS   11|11     GB/s)
*** AMD      395 E[90m_[0m[34m40[0m[90m_[0m[36m32[0m[90m_[0m[33m4[0m                                      arg  2 mem  17.59 GB tm      2.72us/ 49605.05ms (     11 GFLOPS   11|11     GB/s)
*** AMD      396 E[90m_[0m[34m480[0m[90m_[0m[36m16[0m[90m_[0m[36m8[0m[90m_[0m[33m4[0m                                   arg  2 mem  17.59 GB tm      3.40us/ 49605.05ms (    108 GFLOPS  221|253    GB/s)
*** AMD      397 E[90m_[0m[34m480[0m[90m_[0m[36m16[0m[90m_[0m[36m8[0m[90m_[0m[33m4[0m                                   arg  2 mem  17.60 GB tm      3.24us/ 49605.06ms (    114 GFLOPS  232|265    GB/s)
*** AMD      398 E[90m_[0m[34m320[0m[90m_[0m[36m32[0m[90m_[0m[33m4[0m                                     arg  2 mem  17.60 GB tm      2.84us/ 49605.06ms (     87 GFLOPS   87|87     GB/s)
*** AMD      399 E[90m_[0m[34m3[0m[90m_[0m[36m4[0m[90m_[0m[33m4[0m                                        arg  2 mem  17.60 GB tm      2.60us/ 49605.06ms (      0 GFLOPS    0|0      GB/s)
*** AMD      400 E[90m_[0m[34m3[0m[90m_[0m[36m4[0m[90m_[0m[33m4[0m                                        arg  2 mem  17.60 GB tm      2.60us/ 49605.07ms (      0 GFLOPS    0|0      GB/s)
*** AMD      401 E[90m_[0m[36m32[0m[90m_[0m[33m4[0m                                         arg  2 mem  17.60 GB tm      2.44us/ 49605.07ms (      0 GFLOPS    0|0      GB/s)
*** AMD      402 E[90m_[0m[34m40[0m[90m_[0m[36m32[0m[90m_[0m[33m4[0m                                      arg  2 mem  17.60 GB tm      2.76us/ 49605.07ms (     11 GFLOPS   11|11     GB/s)
*** AMD      403 E[90m_[0m[34m40[0m[90m_[0m[36m32[0m[90m_[0m[33m4[0m                                      arg  2 mem  17.60 GB tm      2.76us/ 49605.07ms (     11 GFLOPS   11|11     GB/s)
*** AMD      404 E[90m_[0m[34m480[0m[90m_[0m[36m16[0m[90m_[0m[36m8[0m[90m_[0m[33m4[0m                                   arg  2 mem  17.60 GB tm      3.40us/ 49605.08ms (    108 GFLOPS  221|253    GB/s)
*** AMD      405 E[90m_[0m[34m480[0m[90m_[0m[36m16[0m[90m_[0m[36m8[0m[90m_[0m[33m4[0m                                   arg  2 mem  17.60 GB tm      3.24us/ 49605.08ms (    114 GFLOPS  232|265    GB/s)
*** AMD      406 E[90m_[0m[34m320[0m[90m_[0m[36m32[0m[90m_[0m[33m4[0m                                     arg  2 mem  17.60 GB tm      2.80us/ 49605.08ms (     88 GFLOPS   88|88     GB/s)
*** AMD      407 E[90m_[0m[34m3[0m[90m_[0m[36m4[0m[90m_[0m[33m4[0m                                        arg  2 mem  17.60 GB tm      2.64us/ 49605.09ms (      0 GFLOPS    0|0      GB/s)
*** AMD      408 E[90m_[0m[34m3[0m[90m_[0m[36m4[0m[90m_[0m[33m4[0m                                        arg  2 mem  17.60 GB tm      2.64us/ 49605.09ms (      0 GFLOPS    0|0      GB/s)
*** AMD      409 E[90m_[0m[36m32[0m[90m_[0m[33m4[0m                                         arg  2 mem  17.60 GB tm      2.44us/ 49605.09ms (      0 GFLOPS    0|0      GB/s)
*** AMD      410 E[90m_[0m[34m40[0m[90m_[0m[36m32[0m[90m_[0m[33m4[0m                                      arg  2 mem  17.60 GB tm      2.72us/ 49605.09ms (     11 GFLOPS   11|11     GB/s)
*** AMD      411 E[90m_[0m[34m40[0m[90m_[0m[36m32[0m[90m_[0m[33m4[0m                                      arg  2 mem  17.60 GB tm      2.72us/ 49605.10ms (     11 GFLOPS   11|11     GB/s)
*** AMD      412 E[90m_[0m[34m480[0m[90m_[0m[36m16[0m[90m_[0m[36m8[0m[90m_[0m[33m4[0m                                   arg  2 mem  17.60 GB tm      3.44us/ 49605.10ms (    107 GFLOPS  219|250    GB/s)
*** AMD      413 E[90m_[0m[34m480[0m[90m_[0m[36m16[0m[90m_[0m[36m8[0m[90m_[0m[33m4[0m                                   arg  2 mem  17.60 GB tm      3.24us/ 49605.10ms (    114 GFLOPS  232|265    GB/s)
*** AMD      414 E[90m_[0m[34m320[0m[90m_[0m[36m32[0m[90m_[0m[33m4[0m                                     arg  2 mem  17.60 GB tm      2.80us/ 49605.11ms (     88 GFLOPS   88|88     GB/s)
*** AMD      415 E[90m_[0m[34m3[0m[90m_[0m[36m4[0m[90m_[0m[33m4[0m                                        arg  2 mem  17.60 GB tm      2.72us/ 49605.11ms (      0 GFLOPS    0|0      GB/s)
*** AMD      416 E[90m_[0m[34m3[0m[90m_[0m[36m4[0m[90m_[0m[33m4[0m                                        arg  2 mem  17.60 GB tm      2.68us/ 49605.11ms (      0 GFLOPS    0|0      GB/s)
*** AMD      417 E[90m_[0m[36m32[0m[90m_[0m[33m4[0m                                         arg  2 mem  17.60 GB tm      2.48us/ 49605.11ms (      0 GFLOPS    0|0      GB/s)
*** AMD      418 E[90m_[0m[34m40[0m[90m_[0m[36m32[0m[90m_[0m[33m4[0m                                      arg  2 mem  17.60 GB tm      2.72us/ 49605.12ms (     11 GFLOPS   11|11     GB/s)
*** AMD      419 E[90m_[0m[34m40[0m[90m_[0m[36m32[0m[90m_[0m[33m4[0m                                      arg  2 mem  17.60 GB tm      2.72us/ 49605.12ms (     11 GFLOPS   11|11     GB/s)
*** AMD      420 E[90m_[0m[34m2[0m[90m_[0m[36m32[0m[90m_[0m[33m4[0m                                       arg  2 mem  17.60 GB tm      2.68us/ 49605.12ms (      1 GFLOPS    1|1      GB/s)
*** AMD      421 E[90m_[0m[34m2[0m[90m_[0m[36m32[0m[90m_[0m[33m4[0m                                       arg  2 mem  17.60 GB tm      2.56us/ 49605.12ms (      1 GFLOPS    1|1      GB/s)
*** AMD      422 E[90m_[0m[34m40[0m[90m_[0m[36m32[0m[90m_[0m[33m4[0m                                      arg  2 mem  17.60 GB tm      2.64us/ 49605.13ms (     12 GFLOPS   12|12     GB/s)
*** AMD      423 E[90m_[0m[34m40[0m[90m_[0m[36m32[0m[90m_[0m[33m4[0m                                      arg  2 mem  17.60 GB tm      2.72us/ 49605.13ms (     11 GFLOPS   11|11     GB/s)
*** AMD      424 E[90m_[0m[34m480[0m[90m_[0m[36m16[0m[90m_[0m[36m8[0m[90m_[0m[33m4[0m                                   arg  2 mem  17.60 GB tm      3.44us/ 49605.13ms (    107 GFLOPS  219|250    GB/s)
*** AMD      425 E[90m_[0m[34m480[0m[90m_[0m[36m16[0m[90m_[0m[36m8[0m[90m_[0m[33m4[0m                                   arg  2 mem  17.60 GB tm      3.28us/ 49605.14ms (    112 GFLOPS  229|262    GB/s)
*** AMD      426 E[90m_[0m[34m320[0m[90m_[0m[36m32[0m[90m_[0m[33m4[0m                                     arg  2 mem  17.60 GB tm      2.84us/ 49605.14ms (     87 GFLOPS   87|87     GB/s)
*** AMD      427 E[90m_[0m[34m3[0m[90m_[0m[36m4[0m[90m_[0m[33m4[0m                                        arg  2 mem  17.60 GB tm      2.64us/ 49605.14ms (      0 GFLOPS    0|0      GB/s)
*** AMD      428 E[90m_[0m[34m3[0m[90m_[0m[36m4[0m[90m_[0m[33m4[0m                                        arg  2 mem  17.60 GB tm      2.64us/ 49605.14ms (      0 GFLOPS    0|0      GB/s)
*** AMD      429 E[90m_[0m[36m32[0m[90m_[0m[33m4[0m                                         arg  2 mem  17.60 GB tm      2.48us/ 49605.15ms (      0 GFLOPS    0|0      GB/s)
*** AMD      430 E[90m_[0m[34m40[0m[90m_[0m[36m32[0m[90m_[0m[33m4[0m                                      arg  2 mem  17.60 GB tm      2.92us/ 49605.15ms (     11 GFLOPS   11|11     GB/s)
*** AMD      431 E[90m_[0m[34m40[0m[90m_[0m[36m32[0m[90m_[0m[33m4[0m                                      arg  2 mem  17.60 GB tm      2.72us/ 49605.15ms (     11 GFLOPS   11|11     GB/s)
*** AMD      432 E[90m_[0m[34m480[0m[90m_[0m[36m16[0m[90m_[0m[36m8[0m[90m_[0m[33m4[0m                                   arg  2 mem  17.60 GB tm      3.40us/ 49605.16ms (    108 GFLOPS  221|253    GB/s)
*** AMD      433 E[90m_[0m[34m480[0m[90m_[0m[36m16[0m[90m_[0m[36m8[0m[90m_[0m[33m4[0m                                   arg  2 mem  17.60 GB tm      3.28us/ 49605.16ms (    112 GFLOPS  229|262    GB/s)
*** AMD      434 E[90m_[0m[34m320[0m[90m_[0m[36m32[0m[90m_[0m[33m4[0m                                     arg  2 mem  17.60 GB tm      2.76us/ 49605.16ms (     89 GFLOPS   89|89     GB/s)
*** AMD      435 E[90m_[0m[34m3[0m[90m_[0m[36m4[0m[90m_[0m[33m4[0m                                        arg  2 mem  17.60 GB tm      2.64us/ 49605.16ms (      0 GFLOPS    0|0      GB/s)
*** AMD      436 E[90m_[0m[34m3[0m[90m_[0m[36m4[0m[90m_[0m[33m4[0m                                        arg  2 mem  17.60 GB tm      2.60us/ 49605.17ms (      0 GFLOPS    0|0      GB/s)
*** AMD      437 E[90m_[0m[36m32[0m[90m_[0m[33m4[0m                                         arg  2 mem  17.60 GB tm      2.48us/ 49605.17ms (      0 GFLOPS    0|0      GB/s)
*** AMD      438 E[90m_[0m[34m40[0m[90m_[0m[36m32[0m[90m_[0m[33m4[0m                                      arg  2 mem  17.60 GB tm      2.68us/ 49605.17ms (     11 GFLOPS   11|11     GB/s)
*** AMD      439 E[90m_[0m[34m40[0m[90m_[0m[36m32[0m[90m_[0m[33m4[0m                                      arg  2 mem  17.60 GB tm      2.68us/ 49605.17ms (     11 GFLOPS   11|11     GB/s)
*** AMD      440 E[90m_[0m[34m480[0m[90m_[0m[36m16[0m[90m_[0m[36m8[0m[90m_[0m[33m4[0m                                   arg  2 mem  17.60 GB tm      3.44us/ 49605.18ms (    107 GFLOPS  219|250    GB/s)
*** AMD      441 E[90m_[0m[34m480[0m[90m_[0m[36m16[0m[90m_[0m[36m8[0m[90m_[0m[33m4[0m                                   arg  2 mem  17.60 GB tm      3.36us/ 49605.18ms (    110 GFLOPS  224|256    GB/s)
*** AMD      442 E[90m_[0m[34m320[0m[90m_[0m[36m32[0m[90m_[0m[33m4[0m                                     arg  2 mem  17.60 GB tm      2.76us/ 49605.18ms (     89 GFLOPS   89|89     GB/s)
*** AMD      443 E[90m_[0m[34m3[0m[90m_[0m[36m4[0m[90m_[0m[33m4[0m                                        arg  2 mem  17.60 GB tm      2.60us/ 49605.19ms (      0 GFLOPS    0|0      GB/s)
*** AMD      444 E[90m_[0m[34m3[0m[90m_[0m[36m4[0m[90m_[0m[33m4[0m                                        arg  2 mem  17.60 GB tm      2.60us/ 49605.19ms (      0 GFLOPS    0|0      GB/s)
*** AMD      445 E[90m_[0m[36m32[0m[90m_[0m[33m4[0m                                         arg  2 mem  17.60 GB tm      2.44us/ 49605.19ms (      0 GFLOPS    0|0      GB/s)
*** AMD      446 E[90m_[0m[34m40[0m[90m_[0m[36m32[0m[90m_[0m[33m4[0m                                      arg  2 mem  17.60 GB tm      2.68us/ 49605.19ms (     11 GFLOPS   11|11     GB/s)
*** AMD      447 E[90m_[0m[34m40[0m[90m_[0m[36m32[0m[90m_[0m[33m4[0m                                      arg  2 mem  17.60 GB tm      2.68us/ 49605.20ms (     11 GFLOPS   11|11     GB/s)
*** AMD      448 E[90m_[0m[34m2[0m[90m_[0m[36m32[0m[90m_[0m[33m4[0m                                       arg  2 mem  17.60 GB tm      2.64us/ 49605.20ms (      1 GFLOPS    1|1      GB/s)
*** AMD      449 E[90m_[0m[34m2[0m[90m_[0m[36m32[0m[90m_[0m[33m4[0m                                       arg  2 mem  17.60 GB tm      2.48us/ 49605.20ms (      1 GFLOPS    1|1      GB/s)
*** AMD      450 E[90m_[0m[34m40[0m[90m_[0m[36m32[0m[90m_[0m[33m4[0m                                      arg  2 mem  17.60 GB tm      2.92us/ 49605.21ms (     11 GFLOPS   11|11     GB/s)
*** AMD      451 E[90m_[0m[34m40[0m[90m_[0m[36m32[0m[90m_[0m[33m4[0m                                      arg  2 mem  17.60 GB tm      2.80us/ 49605.21ms (     11 GFLOPS   11|11     GB/s)
*** AMD      452 E[90m_[0m[34m40[0m[90m_[0m[36m32[0m[90m_[0m[33m4[0m                                      arg  2 mem  17.60 GB tm      2.60us/ 49605.21ms (     12 GFLOPS   12|12     GB/s)
*** AMD      453 E[90m_[0m[34m2[0m[90m_[0m[36m32[0m[90m_[0m[33m4[0m                                       arg  2 mem  17.60 GB tm      2.52us/ 49605.21ms (      1 GFLOPS    1|1      GB/s)
*** AMD      454 E[90m_[0m[34m2[0m[90m_[0m[36m32[0m[90m_[0m[33m4[0m                                       arg  2 mem  17.60 GB tm      2.60us/ 49605.22ms (      1 GFLOPS    1|1      GB/s)
*** AMD      455 E[90m_[0m[34m40[0m[90m_[0m[36m32[0m[90m_[0m[33m4[0m                                      arg  2 mem  17.60 GB tm      2.68us/ 49605.22ms (     11 GFLOPS   11|11     GB/s)
*** AMD      456 E[90m_[0m[34m40[0m[90m_[0m[36m32[0m[90m_[0m[33m4[0m                                      arg  2 mem  17.60 GB tm      2.68us/ 49605.22ms (     11 GFLOPS   11|11     GB/s)
*** AMD      457 E[90m_[0m[34m40[0m[90m_[0m[36m32[0m[90m_[0m[33m4[0m                                      arg  2 mem  17.60 GB tm      2.52us/ 49605.22ms (     12 GFLOPS   12|12     GB/s)
loaded weights in 7648.98 ms
scheduled   216 kernels in   101.92 ms | CACHE MISS e3e93c71 |   36474 uops in cache | <frozen runpy>:88
compiling:   0%|                                          | 0/3 [00:00<?, ?it/s]compiling E[90m_[0m[36m32[0m[90m_[0m[33m4[0m                                  :  33%|▎| 1/3 [00:00<00:00,  9.07it/s]compiling E[90m_[0m[34m40[0m[90m_[0m[36m32[0m[90m_[0m[33m4[0m                               :  67%|▋| 2/3 [00:00<00:00, 16.30it/s]compiling E[90m_[0m[34m2[0m[90m_[0m[36m32[0m[90m_[0m[33m4[0m                                : 100%|█| 3/3 [00:00<00:00, 17.53it/s]compiling E[90m_[0m[34m2[0m[90m_[0m[36m32[0m[90m_[0m[33m4[0m                                : 100%|█| 3/3 [00:00<00:00, 17.52it/s]
[32m*** AMD      458[0m E[90m_[0m[34m40[0m[90m_[0m[36m32[0m[90m_[0m[33m4[0m                                      arg  2 mem  17.60 GB tm      2.52us/ 49605.23ms (      0 GFLOPS   12|12     GB/s)
*** AMD      459 E[90m_[0m[34m40[0m[90m_[0m[36m32[0m[90m_[0m[33m4[0m                                      arg  2 mem  17.60 GB tm      2.52us/ 49605.23ms (      0 GFLOPS   12|12     GB/s)
[32m*** AMD      460[0m E[90m_[0m[36m32[0m[90m_[0m[33m4[0m                                         arg  2 mem  17.60 GB tm      2.60us/ 49605.23ms (      0 GFLOPS    0|0      GB/s)
*** AMD      461 E[90m_[0m[34m40[0m[90m_[0m[36m32[0m[90m_[0m[33m4[0m                                      arg  2 mem  17.60 GB tm      2.48us/ 49605.23ms (      0 GFLOPS   12|12     GB/s)
*** AMD      462 E[90m_[0m[34m40[0m[90m_[0m[36m32[0m[90m_[0m[33m4[0m                                      arg  2 mem  17.60 GB tm      2.64us/ 49605.24ms (      0 GFLOPS   12|12     GB/s)
*** AMD      463 E[90m_[0m[36m32[0m[90m_[0m[33m4[0m                                         arg  2 mem  17.60 GB tm      2.56us/ 49605.24ms (      0 GFLOPS    0|0      GB/s)
*** AMD      464 E[90m_[0m[34m40[0m[90m_[0m[36m32[0m[90m_[0m[33m4[0m                                      arg  2 mem  17.60 GB tm      2.60us/ 49605.24ms (      0 GFLOPS   12|12     GB/s)
*** AMD      465 E[90m_[0m[34m40[0m[90m_[0m[36m32[0m[90m_[0m[33m4[0m                                      arg  2 mem  17.60 GB tm      2.56us/ 49605.24ms (      0 GFLOPS   12|12     GB/s)
*** AMD      466 E[90m_[0m[36m32[0m[90m_[0m[33m4[0m                                         arg  2 mem  17.60 GB tm      2.52us/ 49605.25ms (      0 GFLOPS    0|0      GB/s)
*** AMD      467 E[90m_[0m[34m40[0m[90m_[0m[36m32[0m[90m_[0m[33m4[0m                                      arg  2 mem  17.60 GB tm      2.56us/ 49605.25ms (      0 GFLOPS   12|12     GB/s)
*** AMD      468 E[90m_[0m[34m40[0m[90m_[0m[36m32[0m[90m_[0m[33m4[0m                                      arg  2 mem  17.60 GB tm      2.56us/ 49605.25ms (      0 GFLOPS   12|12     GB/s)
[32m*** AMD      469[0m E[90m_[0m[34m2[0m[90m_[0m[36m32[0m[90m_[0m[33m4[0m                                       arg  2 mem  17.60 GB tm      2.40us/ 49605.25ms (      0 GFLOPS    1|1      GB/s)
*** AMD      470 E[90m_[0m[34m2[0m[90m_[0m[36m32[0m[90m_[0m[33m4[0m                                       arg  2 mem  17.60 GB tm      2.48us/ 49605.26ms (      0 GFLOPS    1|1      GB/s)
*** AMD      471 E[90m_[0m[34m40[0m[90m_[0m[36m32[0m[90m_[0m[33m4[0m                                      arg  2 mem  17.60 GB tm      2.56us/ 49605.26ms (      0 GFLOPS   12|12     GB/s)
*** AMD      472 E[90m_[0m[34m40[0m[90m_[0m[36m32[0m[90m_[0m[33m4[0m                                      arg  2 mem  17.60 GB tm      2.52us/ 49605.26ms (      0 GFLOPS   12|12     GB/s)
*** AMD      473 E[90m_[0m[36m32[0m[90m_[0m[33m4[0m                                         arg  2 mem  17.60 GB tm      2.36us/ 49605.26ms (      0 GFLOPS    0|0      GB/s)
*** AMD      474 E[90m_[0m[34m40[0m[90m_[0m[36m32[0m[90m_[0m[33m4[0m                                      arg  2 mem  17.60 GB tm      2.56us/ 49605.27ms (      0 GFLOPS   12|12     GB/s)
*** AMD      475 E[90m_[0m[34m40[0m[90m_[0m[36m32[0m[90m_[0m[33m4[0m                                      arg  2 mem  17.60 GB tm      2.56us/ 49605.27ms (      0 GFLOPS   12|12     GB/s)
*** AMD      476 E[90m_[0m[36m32[0m[90m_[0m[33m4[0m                                         arg  2 mem  17.60 GB tm      2.48us/ 49605.27ms (      0 GFLOPS    0|0      GB/s)
*** AMD      477 E[90m_[0m[34m40[0m[90m_[0m[36m32[0m[90m_[0m[33m4[0m                                      arg  2 mem  17.60 GB tm      2.40us/ 49605.27ms (      0 GFLOPS   13|13     GB/s)
*** AMD      478 E[90m_[0m[34m40[0m[90m_[0m[36m32[0m[90m_[0m[33m4[0m                                      arg  2 mem  17.60 GB tm      2.56us/ 49605.28ms (      0 GFLOPS   12|12     GB/s)
*** AMD      479 E[90m_[0m[36m32[0m[90m_[0m[33m4[0m                                         arg  2 mem  17.60 GB tm      2.52us/ 49605.28ms (      0 GFLOPS    0|0      GB/s)
*** AMD      480 E[90m_[0m[34m40[0m[90m_[0m[36m32[0m[90m_[0m[33m4[0m                                      arg  2 mem  17.60 GB tm      2.64us/ 49605.28ms (      0 GFLOPS   12|12     GB/s)
*** AMD      481 E[90m_[0m[34m40[0m[90m_[0m[36m32[0m[90m_[0m[33m4[0m                                      arg  2 mem  17.60 GB tm      2.68us/ 49605.28ms (      0 GFLOPS   11|11     GB/s)
*** AMD      482 E[90m_[0m[34m2[0m[90m_[0m[36m32[0m[90m_[0m[33m4[0m                                       arg  2 mem  17.60 GB tm      2.64us/ 49605.29ms (      0 GFLOPS    1|1      GB/s)
*** AMD      483 E[90m_[0m[34m2[0m[90m_[0m[36m32[0m[90m_[0m[33m4[0m                                       arg  2 mem  17.60 GB tm      2.64us/ 49605.29ms (      0 GFLOPS    1|1      GB/s)
*** AMD      484 E[90m_[0m[34m40[0m[90m_[0m[36m32[0m[90m_[0m[33m4[0m                                      arg  2 mem  17.60 GB tm      2.64us/ 49605.29ms (      0 GFLOPS   12|12     GB/s)
*** AMD      485 E[90m_[0m[34m40[0m[90m_[0m[36m32[0m[90m_[0m[33m4[0m                                      arg  2 mem  17.60 GB tm      2.52us/ 49605.30ms (      0 GFLOPS   12|12     GB/s)
*** AMD      486 E[90m_[0m[36m32[0m[90m_[0m[33m4[0m                                         arg  2 mem  17.60 GB tm      2.52us/ 49605.30ms (      0 GFLOPS    0|0      GB/s)
*** AMD      487 E[90m_[0m[34m40[0m[90m_[0m[36m32[0m[90m_[0m[33m4[0m                                      arg  2 mem  17.60 GB tm      2.60us/ 49605.30ms (      0 GFLOPS   12|12     GB/s)
*** AMD      488 E[90m_[0m[34m40[0m[90m_[0m[36m32[0m[90m_[0m[33m4[0m                                      arg  2 mem  17.60 GB tm      2.56us/ 49605.30ms (      0 GFLOPS   12|12     GB/s)
*** AMD      489 E[90m_[0m[36m32[0m[90m_[0m[33m4[0m                                         arg  2 mem  17.60 GB tm      2.36us/ 49605.31ms (      0 GFLOPS    0|0      GB/s)
*** AMD      490 E[90m_[0m[34m40[0m[90m_[0m[36m32[0m[90m_[0m[33m4[0m                                      arg  2 mem  17.60 GB tm      2.56us/ 49605.31ms (      0 GFLOPS   12|12     GB/s)
*** AMD      491 E[90m_[0m[34m40[0m[90m_[0m[36m32[0m[90m_[0m[33m4[0m                                      arg  2 mem  17.60 GB tm      2.52us/ 49605.31ms (      0 GFLOPS   12|12     GB/s)
*** AMD      492 E[90m_[0m[36m32[0m[90m_[0m[33m4[0m                                         arg  2 mem  17.60 GB tm      2.52us/ 49605.31ms (      0 GFLOPS    0|0      GB/s)
*** AMD      493 E[90m_[0m[34m40[0m[90m_[0m[36m32[0m[90m_[0m[33m4[0m                                      arg  2 mem  17.60 GB tm      2.44us/ 49605.32ms (      0 GFLOPS   13|13     GB/s)
*** AMD      494 E[90m_[0m[34m40[0m[90m_[0m[36m32[0m[90m_[0m[33m4[0m                                      arg  2 mem  17.60 GB tm      2.56us/ 49605.32ms (      0 GFLOPS   12|12     GB/s)
*** AMD      495 E[90m_[0m[34m2[0m[90m_[0m[36m32[0m[90m_[0m[33m4[0m                                       arg  2 mem  17.60 GB tm      2.52us/ 49605.32ms (      0 GFLOPS    1|1      GB/s)
*** AMD      496 E[90m_[0m[34m2[0m[90m_[0m[36m32[0m[90m_[0m[33m4[0m                                       arg  2 mem  17.60 GB tm      2.52us/ 49605.32ms (      0 GFLOPS    1|1      GB/s)
*** AMD      497 E[90m_[0m[34m40[0m[90m_[0m[36m32[0m[90m_[0m[33m4[0m                                      arg  2 mem  17.60 GB tm      2.40us/ 49605.33ms (      0 GFLOPS   13|13     GB/s)
*** AMD      498 E[90m_[0m[34m40[0m[90m_[0m[36m32[0m[90m_[0m[33m4[0m                                      arg  2 mem  17.60 GB tm      2.52us/ 49605.33ms (      0 GFLOPS   12|12     GB/s)
*** AMD      499 E[90m_[0m[36m32[0m[90m_[0m[33m4[0m                                         arg  2 mem  17.60 GB tm      2.48us/ 49605.33ms (      0 GFLOPS    0|0      GB/s)
*** AMD      500 E[90m_[0m[34m40[0m[90m_[0m[36m32[0m[90m_[0m[33m4[0m                                      arg  2 mem  17.60 GB tm      2.52us/ 49605.33ms (      0 GFLOPS   12|12     GB/s)
*** AMD      501 E[90m_[0m[34m40[0m[90m_[0m[36m32[0m[90m_[0m[33m4[0m                                      arg  2 mem  17.60 GB tm      2.40us/ 49605.34ms (      0 GFLOPS   13|13     GB/s)
*** AMD      502 E[90m_[0m[36m32[0m[90m_[0m[33m4[0m                                         arg  2 mem  17.60 GB tm      2.52us/ 49605.34ms (      0 GFLOPS    0|0      GB/s)
*** AMD      503 E[90m_[0m[34m40[0m[90m_[0m[36m32[0m[90m_[0m[33m4[0m                                      arg  2 mem  17.60 GB tm      2.56us/ 49605.34ms (      0 GFLOPS   12|12     GB/s)
*** AMD      504 E[90m_[0m[34m40[0m[90m_[0m[36m32[0m[90m_[0m[33m4[0m                                      arg  2 mem  17.60 GB tm      2.52us/ 49605.34ms (      0 GFLOPS   12|12     GB/s)
*** AMD      505 E[90m_[0m[36m32[0m[90m_[0m[33m4[0m                                         arg  2 mem  17.60 GB tm      2.36us/ 49605.35ms (      0 GFLOPS    0|0      GB/s)
*** AMD      506 E[90m_[0m[34m40[0m[90m_[0m[36m32[0m[90m_[0m[33m4[0m                                      arg  2 mem  17.60 GB tm      2.52us/ 49605.35ms (      0 GFLOPS   12|12     GB/s)
*** AMD      507 E[90m_[0m[34m40[0m[90m_[0m[36m32[0m[90m_[0m[33m4[0m                                      arg  2 mem  17.60 GB tm      2.52us/ 49605.35ms (      0 GFLOPS   12|12     GB/s)
*** AMD      508 E[90m_[0m[34m2[0m[90m_[0m[36m32[0m[90m_[0m[33m4[0m                                       arg  2 mem  17.60 GB tm      2.48us/ 49605.35ms (      0 GFLOPS    1|1      GB/s)
*** AMD      509 E[90m_[0m[34m2[0m[90m_[0m[36m32[0m[90m_[0m[33m4[0m                                       arg  2 mem  17.60 GB tm      2.36us/ 49605.36ms (      0 GFLOPS    1|1      GB/s)
*** AMD      510 E[90m_[0m[34m40[0m[90m_[0m[36m32[0m[90m_[0m[33m4[0m                                      arg  2 mem  17.60 GB tm      2.56us/ 49605.36ms (      0 GFLOPS   12|12     GB/s)
*** AMD      511 E[90m_[0m[34m40[0m[90m_[0m[36m32[0m[90m_[0m[33m4[0m                                      arg  2 mem  17.60 GB tm      2.52us/ 49605.36ms (      0 GFLOPS   12|12     GB/s)
*** AMD      512 E[90m_[0m[36m32[0m[90m_[0m[33m4[0m                                         arg  2 mem  17.60 GB tm      2.48us/ 49605.36ms (      0 GFLOPS    0|0      GB/s)
*** AMD      513 E[90m_[0m[34m40[0m[90m_[0m[36m32[0m[90m_[0m[33m4[0m                                      arg  2 mem  17.60 GB tm      2.40us/ 49605.37ms (      0 GFLOPS   13|13     GB/s)
*** AMD      514 E[90m_[0m[34m40[0m[90m_[0m[36m32[0m[90m_[0m[33m4[0m                                      arg  2 mem  17.60 GB tm      2.52us/ 49605.37ms (      0 GFLOPS   12|12     GB/s)
*** AMD      515 E[90m_[0m[36m32[0m[90m_[0m[33m4[0m                                         arg  2 mem  17.60 GB tm      2.48us/ 49605.37ms (      0 GFLOPS    0|0      GB/s)
*** AMD      516 E[90m_[0m[34m40[0m[90m_[0m[36m32[0m[90m_[0m[33m4[0m                                      arg  2 mem  17.60 GB tm      2.56us/ 49605.37ms (      0 GFLOPS   12|12     GB/s)
*** AMD      517 E[90m_[0m[34m40[0m[90m_[0m[36m32[0m[90m_[0m[33m4[0m                                      arg  2 mem  17.60 GB tm      2.40us/ 49605.38ms (      0 GFLOPS   13|13     GB/s)
*** AMD      518 E[90m_[0m[36m32[0m[90m_[0m[33m4[0m                                         arg  2 mem  17.60 GB tm      2.44us/ 49605.38ms (      0 GFLOPS    0|0      GB/s)
*** AMD      519 E[90m_[0m[34m40[0m[90m_[0m[36m32[0m[90m_[0m[33m4[0m                                      arg  2 mem  17.60 GB tm      2.52us/ 49605.38ms (      0 GFLOPS   12|12     GB/s)
*** AMD      520 E[90m_[0m[34m40[0m[90m_[0m[36m32[0m[90m_[0m[33m4[0m                                      arg  2 mem  17.60 GB tm      2.52us/ 49605.38ms (      0 GFLOPS   12|12     GB/s)
*** AMD      521 E[90m_[0m[34m2[0m[90m_[0m[36m32[0m[90m_[0m[33m4[0m                                       arg  2 mem  17.60 GB tm      2.36us/ 49605.38ms (      0 GFLOPS    1|1      GB/s)
*** AMD      522 E[90m_[0m[34m2[0m[90m_[0m[36m32[0m[90m_[0m[33m4[0m                                       arg  2 mem  17.60 GB tm      2.52us/ 49605.39ms (      0 GFLOPS    1|1      GB/s)
*** AMD      523 E[90m_[0m[34m40[0m[90m_[0m[36m32[0m[90m_[0m[33m4[0m                                      arg  2 mem  17.60 GB tm      2.52us/ 49605.39ms (      0 GFLOPS   12|12     GB/s)
*** AMD      524 E[90m_[0m[34m40[0m[90m_[0m[36m32[0m[90m_[0m[33m4[0m                                      arg  2 mem  17.60 GB tm      2.52us/ 49605.39ms (      0 GFLOPS   12|12     GB/s)
*** AMD      525 E[90m_[0m[36m32[0m[90m_[0m[33m4[0m                                         arg  2 mem  17.60 GB tm      2.32us/ 49605.39ms (      0 GFLOPS    0|0      GB/s)
*** AMD      526 E[90m_[0m[34m40[0m[90m_[0m[36m32[0m[90m_[0m[33m4[0m                                      arg  2 mem  17.60 GB tm      2.52us/ 49605.40ms (      0 GFLOPS   12|12     GB/s)
*** AMD      527 E[90m_[0m[34m40[0m[90m_[0m[36m32[0m[90m_[0m[33m4[0m                                      arg  2 mem  17.60 GB tm      2.52us/ 49605.40ms (      0 GFLOPS   12|12     GB/s)
*** AMD      528 E[90m_[0m[36m32[0m[90m_[0m[33m4[0m                                         arg  2 mem  17.60 GB tm      2.48us/ 49605.40ms (      0 GFLOPS    0|0      GB/s)
*** AMD      529 E[90m_[0m[34m40[0m[90m_[0m[36m32[0m[90m_[0m[33m4[0m                                      arg  2 mem  17.60 GB tm      2.36us/ 49605.40ms (      0 GFLOPS   13|13     GB/s)
*** AMD      530 E[90m_[0m[34m40[0m[90m_[0m[36m32[0m[90m_[0m[33m4[0m                                      arg  2 mem  17.60 GB tm      2.52us/ 49605.41ms (      0 GFLOPS   12|12     GB/s)
*** AMD      531 E[90m_[0m[36m32[0m[90m_[0m[33m4[0m                                         arg  2 mem  17.60 GB tm      2.48us/ 49605.41ms (      0 GFLOPS    0|0      GB/s)
*** AMD      532 E[90m_[0m[34m40[0m[90m_[0m[36m32[0m[90m_[0m[33m4[0m                                      arg  2 mem  17.60 GB tm      2.52us/ 49605.41ms (      0 GFLOPS   12|12     GB/s)
*** AMD      533 E[90m_[0m[34m40[0m[90m_[0m[36m32[0m[90m_[0m[33m4[0m                                      arg  2 mem  17.60 GB tm      2.40us/ 49605.41ms (      0 GFLOPS   13|13     GB/s)
*** AMD      534 E[90m_[0m[34m2[0m[90m_[0m[36m32[0m[90m_[0m[33m4[0m                                       arg  2 mem  17.60 GB tm      2.48us/ 49605.42ms (      0 GFLOPS    1|1      GB/s)
*** AMD      535 E[90m_[0m[34m2[0m[90m_[0m[36m32[0m[90m_[0m[33m4[0m                                       arg  2 mem  17.60 GB tm      2.56us/ 49605.42ms (      0 GFLOPS    1|1      GB/s)
*** AMD      536 E[90m_[0m[34m40[0m[90m_[0m[36m32[0m[90m_[0m[33m4[0m                                      arg  2 mem  17.60 GB tm      2.52us/ 49605.42ms (      0 GFLOPS   12|12     GB/s)
*** AMD      537 E[90m_[0m[34m40[0m[90m_[0m[36m32[0m[90m_[0m[33m4[0m                                      arg  2 mem  17.60 GB tm      2.40us/ 49605.42ms (      0 GFLOPS   13|13     GB/s)
*** AMD      538 E[90m_[0m[36m32[0m[90m_[0m[33m4[0m                                         arg  2 mem  17.60 GB tm      2.44us/ 49605.43ms (      0 GFLOPS    0|0      GB/s)
*** AMD      539 E[90m_[0m[34m40[0m[90m_[0m[36m32[0m[90m_[0m[33m4[0m                                      arg  2 mem  17.60 GB tm      2.52us/ 49605.43ms (      0 GFLOPS   12|12     GB/s)
*** AMD      540 E[90m_[0m[34m40[0m[90m_[0m[36m32[0m[90m_[0m[33m4[0m                                      arg  2 mem  17.60 GB tm      2.52us/ 49605.43ms (      0 GFLOPS   12|12     GB/s)
*** AMD      541 E[90m_[0m[36m32[0m[90m_[0m[33m4[0m                                         arg  2 mem  17.60 GB tm      2.32us/ 49605.43ms (      0 GFLOPS    0|0      GB/s)
*** AMD      542 E[90m_[0m[34m40[0m[90m_[0m[36m32[0m[90m_[0m[33m4[0m                                      arg  2 mem  17.60 GB tm      2.52us/ 49605.44ms (      0 GFLOPS   12|12     GB/s)
*** AMD      543 E[90m_[0m[34m40[0m[90m_[0m[36m32[0m[90m_[0m[33m4[0m                                      arg  2 mem  17.60 GB tm      2.56us/ 49605.44ms (      0 GFLOPS   12|12     GB/s)
*** AMD      544 E[90m_[0m[36m32[0m[90m_[0m[33m4[0m                                         arg  2 mem  17.60 GB tm      2.48us/ 49605.44ms (      0 GFLOPS    0|0      GB/s)
*** AMD      545 E[90m_[0m[34m40[0m[90m_[0m[36m32[0m[90m_[0m[33m4[0m                                      arg  2 mem  17.60 GB tm      2.40us/ 49605.44ms (      0 GFLOPS   13|13     GB/s)
*** AMD      546 E[90m_[0m[34m40[0m[90m_[0m[36m32[0m[90m_[0m[33m4[0m                                      arg  2 mem  17.60 GB tm      2.56us/ 49605.45ms (      0 GFLOPS   12|12     GB/s)
*** AMD      547 E[90m_[0m[34m2[0m[90m_[0m[36m32[0m[90m_[0m[33m4[0m                                       arg  2 mem  17.60 GB tm      2.56us/ 49605.45ms (      0 GFLOPS    1|1      GB/s)
*** AMD      548 E[90m_[0m[34m2[0m[90m_[0m[36m32[0m[90m_[0m[33m4[0m                                       arg  2 mem  17.60 GB tm      2.52us/ 49605.45ms (      0 GFLOPS    1|1      GB/s)
*** AMD      549 E[90m_[0m[34m40[0m[90m_[0m[36m32[0m[90m_[0m[33m4[0m                                      arg  2 mem  17.60 GB tm      2.40us/ 49605.45ms (      0 GFLOPS   13|13     GB/s)
*** AMD      550 E[90m_[0m[34m40[0m[90m_[0m[36m32[0m[90m_[0m[33m4[0m                                      arg  2 mem  17.60 GB tm      2.52us/ 49605.46ms (      0 GFLOPS   12|12     GB/s)
*** AMD      551 E[90m_[0m[36m32[0m[90m_[0m[33m4[0m                                         arg  2 mem  17.60 GB tm      2.52us/ 49605.46ms (      0 GFLOPS    0|0      GB/s)
*** AMD      552 E[90m_[0m[34m40[0m[90m_[0m[36m32[0m[90m_[0m[33m4[0m                                      arg  2 mem  17.60 GB tm      2.56us/ 49605.46ms (      0 GFLOPS   12|12     GB/s)
*** AMD      553 E[90m_[0m[34m40[0m[90m_[0m[36m32[0m[90m_[0m[33m4[0m                                      arg  2 mem  17.60 GB tm      2.44us/ 49605.46ms (      0 GFLOPS   13|13     GB/s)
*** AMD      554 E[90m_[0m[36m32[0m[90m_[0m[33m4[0m                                         arg  2 mem  17.60 GB tm      2.56us/ 49605.47ms (      0 GFLOPS    0|0      GB/s)
*** AMD      555 E[90m_[0m[34m40[0m[90m_[0m[36m32[0m[90m_[0m[33m4[0m                                      arg  2 mem  17.60 GB tm      2.56us/ 49605.47ms (      0 GFLOPS   12|12     GB/s)
*** AMD      556 E[90m_[0m[34m40[0m[90m_[0m[36m32[0m[90m_[0m[33m4[0m                                      arg  2 mem  17.60 GB tm      2.56us/ 49605.47ms (      0 GFLOPS   12|12     GB/s)
*** AMD      557 E[90m_[0m[36m32[0m[90m_[0m[33m4[0m                                         arg  2 mem  17.60 GB tm      2.36us/ 49605.47ms (      0 GFLOPS    0|0      GB/s)
*** AMD      558 E[90m_[0m[34m40[0m[90m_[0m[36m32[0m[90m_[0m[33m4[0m                                      arg  2 mem  17.60 GB tm      2.56us/ 49605.48ms (      0 GFLOPS   12|12     GB/s)
*** AMD      559 E[90m_[0m[34m40[0m[90m_[0m[36m32[0m[90m_[0m[33m4[0m                                      arg  2 mem  17.60 GB tm      2.56us/ 49605.48ms (      0 GFLOPS   12|12     GB/s)
*** AMD      560 E[90m_[0m[34m2[0m[90m_[0m[36m32[0m[90m_[0m[33m4[0m                                       arg  2 mem  17.60 GB tm      2.52us/ 49605.48ms (      0 GFLOPS    1|1      GB/s)
*** AMD      561 E[90m_[0m[34m2[0m[90m_[0m[36m32[0m[90m_[0m[33m4[0m                                       arg  2 mem  17.60 GB tm      2.40us/ 49605.48ms (      0 GFLOPS    1|1      GB/s)
*** AMD      562 E[90m_[0m[34m40[0m[90m_[0m[36m32[0m[90m_[0m[33m4[0m                                      arg  2 mem  17.60 GB tm      2.56us/ 49605.49ms (      0 GFLOPS   12|12     GB/s)
*** AMD      563 E[90m_[0m[34m40[0m[90m_[0m[36m32[0m[90m_[0m[33m4[0m                                      arg  2 mem  17.60 GB tm      2.56us/ 49605.49ms (      0 GFLOPS   12|12     GB/s)
*** AMD      564 E[90m_[0m[36m32[0m[90m_[0m[33m4[0m                                         arg  2 mem  17.60 GB tm      2.48us/ 49605.49ms (      0 GFLOPS    0|0      GB/s)
*** AMD      565 E[90m_[0m[34m40[0m[90m_[0m[36m32[0m[90m_[0m[33m4[0m                                      arg  2 mem  17.60 GB tm      2.40us/ 49605.49ms (      0 GFLOPS   13|13     GB/s)
*** AMD      566 E[90m_[0m[34m40[0m[90m_[0m[36m32[0m[90m_[0m[33m4[0m                                      arg  2 mem  17.60 GB tm      2.56us/ 49605.50ms (      0 GFLOPS   12|12     GB/s)
*** AMD      567 E[90m_[0m[36m32[0m[90m_[0m[33m4[0m                                         arg  2 mem  17.60 GB tm      2.56us/ 49605.50ms (      0 GFLOPS    0|0      GB/s)
*** AMD      568 E[90m_[0m[34m40[0m[90m_[0m[36m32[0m[90m_[0m[33m4[0m                                      arg  2 mem  17.60 GB tm      2.56us/ 49605.50ms (      0 GFLOPS   12|12     GB/s)
*** AMD      569 E[90m_[0m[34m40[0m[90m_[0m[36m32[0m[90m_[0m[33m4[0m                                      arg  2 mem  17.60 GB tm      2.40us/ 49605.50ms (      0 GFLOPS   13|13     GB/s)
*** AMD      570 E[90m_[0m[36m32[0m[90m_[0m[33m4[0m                                         arg  2 mem  17.60 GB tm      2.48us/ 49605.51ms (      0 GFLOPS    0|0      GB/s)
*** AMD      571 E[90m_[0m[34m40[0m[90m_[0m[36m32[0m[90m_[0m[33m4[0m                                      arg  2 mem  17.60 GB tm      2.52us/ 49605.51ms (      0 GFLOPS   12|12     GB/s)
*** AMD      572 E[90m_[0m[34m40[0m[90m_[0m[36m32[0m[90m_[0m[33m4[0m                                      arg  2 mem  17.60 GB tm      2.56us/ 49605.51ms (      0 GFLOPS   12|12     GB/s)
*** AMD      573 E[90m_[0m[34m2[0m[90m_[0m[36m32[0m[90m_[0m[33m4[0m                                       arg  2 mem  17.60 GB tm      2.40us/ 49605.51ms (      0 GFLOPS    1|1      GB/s)
*** AMD      574 E[90m_[0m[34m2[0m[90m_[0m[36m32[0m[90m_[0m[33m4[0m                                       arg  2 mem  17.60 GB tm      2.52us/ 49605.52ms (      0 GFLOPS    1|1      GB/s)
*** AMD      575 E[90m_[0m[34m40[0m[90m_[0m[36m32[0m[90m_[0m[33m4[0m                                      arg  2 mem  17.60 GB tm      2.56us/ 49605.52ms (      0 GFLOPS   12|12     GB/s)
*** AMD      576 E[90m_[0m[34m40[0m[90m_[0m[36m32[0m[90m_[0m[33m4[0m                                      arg  2 mem  17.60 GB tm      2.56us/ 49605.52ms (      0 GFLOPS   12|12     GB/s)
*** AMD      577 E[90m_[0m[36m32[0m[90m_[0m[33m4[0m                                         arg  2 mem  17.60 GB tm      2.52us/ 49605.52ms (      0 GFLOPS    0|0      GB/s)
*** AMD      578 E[90m_[0m[34m40[0m[90m_[0m[36m32[0m[90m_[0m[33m4[0m                                      arg  2 mem  17.60 GB tm      2.52us/ 49605.53ms (      0 GFLOPS   12|12     GB/s)
*** AMD      579 E[90m_[0m[34m40[0m[90m_[0m[36m32[0m[90m_[0m[33m4[0m                                      arg  2 mem  17.60 GB tm      2.56us/ 49605.53ms (      0 GFLOPS   12|12     GB/s)
*** AMD      580 E[90m_[0m[36m32[0m[90m_[0m[33m4[0m                                         arg  2 mem  17.60 GB tm      2.52us/ 49605.53ms (      0 GFLOPS    0|0      GB/s)
*** AMD      581 E[90m_[0m[34m40[0m[90m_[0m[36m32[0m[90m_[0m[33m4[0m                                      arg  2 mem  17.60 GB tm      2.40us/ 49605.53ms (      0 GFLOPS   13|13     GB/s)
*** AMD      582 E[90m_[0m[34m40[0m[90m_[0m[36m32[0m[90m_[0m[33m4[0m                                      arg  2 mem  17.60 GB tm      2.52us/ 49605.54ms (      0 GFLOPS   12|12     GB/s)
*** AMD      583 E[90m_[0m[36m32[0m[90m_[0m[33m4[0m                                         arg  2 mem  17.60 GB tm      2.48us/ 49605.54ms (      0 GFLOPS    0|0      GB/s)
*** AMD      584 E[90m_[0m[34m40[0m[90m_[0m[36m32[0m[90m_[0m[33m4[0m                                      arg  2 mem  17.60 GB tm      2.56us/ 49605.54ms (      0 GFLOPS   12|12     GB/s)
*** AMD      585 E[90m_[0m[34m40[0m[90m_[0m[36m32[0m[90m_[0m[33m4[0m                                      arg  2 mem  17.60 GB tm      2.44us/ 49605.54ms (      0 GFLOPS   13|13     GB/s)
*** AMD      586 E[90m_[0m[34m2[0m[90m_[0m[36m32[0m[90m_[0m[33m4[0m                                       arg  2 mem  17.60 GB tm      2.52us/ 49605.55ms (      0 GFLOPS    1|1      GB/s)
*** AMD      587 E[90m_[0m[34m2[0m[90m_[0m[36m32[0m[90m_[0m[33m4[0m                                       arg  2 mem  17.60 GB tm      2.56us/ 49605.55ms (      0 GFLOPS    1|1      GB/s)
*** AMD      588 E[90m_[0m[34m40[0m[90m_[0m[36m32[0m[90m_[0m[33m4[0m                                      arg  2 mem  17.60 GB tm      2.56us/ 49605.55ms (      0 GFLOPS   12|12     GB/s)
*** AMD      589 E[90m_[0m[34m40[0m[90m_[0m[36m32[0m[90m_[0m[33m4[0m                                      arg  2 mem  17.60 GB tm      2.44us/ 49605.55ms (      0 GFLOPS   13|13     GB/s)
*** AMD      590 E[90m_[0m[36m32[0m[90m_[0m[33m4[0m                                         arg  2 mem  17.60 GB tm      2.52us/ 49605.56ms (      0 GFLOPS    0|0      GB/s)
*** AMD      591 E[90m_[0m[34m40[0m[90m_[0m[36m32[0m[90m_[0m[33m4[0m                                      arg  2 mem  17.60 GB tm      2.56us/ 49605.56ms (      0 GFLOPS   12|12     GB/s)
*** AMD      592 E[90m_[0m[34m40[0m[90m_[0m[36m32[0m[90m_[0m[33m4[0m                                      arg  2 mem  17.60 GB tm      2.68us/ 49605.56ms (      0 GFLOPS   11|11     GB/s)
*** AMD      593 E[90m_[0m[36m32[0m[90m_[0m[33m4[0m                                         arg  2 mem  17.60 GB tm      2.36us/ 49605.56ms (      0 GFLOPS    0|0      GB/s)
*** AMD      594 E[90m_[0m[34m40[0m[90m_[0m[36m32[0m[90m_[0m[33m4[0m                                      arg  2 mem  17.60 GB tm      2.56us/ 49605.57ms (      0 GFLOPS   12|12     GB/s)
*** AMD      595 E[90m_[0m[34m40[0m[90m_[0m[36m32[0m[90m_[0m[33m4[0m                                      arg  2 mem  17.60 GB tm      2.56us/ 49605.57ms (      0 GFLOPS   12|12     GB/s)
*** AMD      596 E[90m_[0m[36m32[0m[90m_[0m[33m4[0m                                         arg  2 mem  17.60 GB tm      2.56us/ 49605.57ms (      0 GFLOPS    0|0      GB/s)
*** AMD      597 E[90m_[0m[34m40[0m[90m_[0m[36m32[0m[90m_[0m[33m4[0m                                      arg  2 mem  17.60 GB tm      2.36us/ 49605.57ms (      0 GFLOPS   13|13     GB/s)
*** AMD      598 E[90m_[0m[34m40[0m[90m_[0m[36m32[0m[90m_[0m[33m4[0m                                      arg  2 mem  17.60 GB tm      2.56us/ 49605.58ms (      0 GFLOPS   12|12     GB/s)
*** AMD      599 E[90m_[0m[34m2[0m[90m_[0m[36m32[0m[90m_[0m[33m4[0m                                       arg  2 mem  17.60 GB tm      2.52us/ 49605.58ms (      0 GFLOPS    1|1      GB/s)
*** AMD      600 E[90m_[0m[34m2[0m[90m_[0m[36m32[0m[90m_[0m[33m4[0m                                       arg  2 mem  17.60 GB tm      2.56us/ 49605.58ms (      0 GFLOPS    1|1      GB/s)
*** AMD      601 E[90m_[0m[34m40[0m[90m_[0m[36m32[0m[90m_[0m[33m4[0m                                      arg  2 mem  17.60 GB tm      2.40us/ 49605.58ms (      0 GFLOPS   13|13     GB/s)
*** AMD      602 E[90m_[0m[34m40[0m[90m_[0m[36m32[0m[90m_[0m[33m4[0m                                      arg  2 mem  17.60 GB tm      2.56us/ 49605.59ms (      0 GFLOPS   12|12     GB/s)
*** AMD      603 E[90m_[0m[36m32[0m[90m_[0m[33m4[0m                                         arg  2 mem  17.60 GB tm      2.56us/ 49605.59ms (      0 GFLOPS    0|0      GB/s)
*** AMD      604 E[90m_[0m[34m40[0m[90m_[0m[36m32[0m[90m_[0m[33m4[0m                                      arg  2 mem  17.60 GB tm      2.56us/ 49605.59ms (      0 GFLOPS   12|12     GB/s)
*** AMD      605 E[90m_[0m[34m40[0m[90m_[0m[36m32[0m[90m_[0m[33m4[0m                                      arg  2 mem  17.60 GB tm      2.40us/ 49605.59ms (      0 GFLOPS   13|13     GB/s)
*** AMD      606 E[90m_[0m[36m32[0m[90m_[0m[33m4[0m                                         arg  2 mem  17.60 GB tm      2.48us/ 49605.60ms (      0 GFLOPS    0|0      GB/s)
*** AMD      607 E[90m_[0m[34m40[0m[90m_[0m[36m32[0m[90m_[0m[33m4[0m                                      arg  2 mem  17.60 GB tm      2.56us/ 49605.60ms (      0 GFLOPS   12|12     GB/s)
*** AMD      608 E[90m_[0m[34m40[0m[90m_[0m[36m32[0m[90m_[0m[33m4[0m                                      arg  2 mem  17.60 GB tm      2.56us/ 49605.60ms (      0 GFLOPS   12|12     GB/s)
*** AMD      609 E[90m_[0m[36m32[0m[90m_[0m[33m4[0m                                         arg  2 mem  17.60 GB tm      2.36us/ 49605.60ms (      0 GFLOPS    0|0      GB/s)
*** AMD      610 E[90m_[0m[34m40[0m[90m_[0m[36m32[0m[90m_[0m[33m4[0m                                      arg  2 mem  17.60 GB tm      2.56us/ 49605.61ms (      0 GFLOPS   12|12     GB/s)
*** AMD      611 E[90m_[0m[34m40[0m[90m_[0m[36m32[0m[90m_[0m[33m4[0m                                      arg  2 mem  17.60 GB tm      2.68us/ 49605.61ms (      0 GFLOPS   11|11     GB/s)
*** AMD      612 E[90m_[0m[34m2[0m[90m_[0m[36m32[0m[90m_[0m[33m4[0m                                       arg  2 mem  17.60 GB tm      2.52us/ 49605.61ms (      0 GFLOPS    1|1      GB/s)
*** AMD      613 E[90m_[0m[34m2[0m[90m_[0m[36m32[0m[90m_[0m[33m4[0m                                       arg  2 mem  17.60 GB tm      2.40us/ 49605.62ms (      0 GFLOPS    1|1      GB/s)
*** AMD      614 E[90m_[0m[34m40[0m[90m_[0m[36m32[0m[90m_[0m[33m4[0m                                      arg  2 mem  17.60 GB tm      2.56us/ 49605.62ms (      0 GFLOPS   12|12     GB/s)
*** AMD      615 E[90m_[0m[34m40[0m[90m_[0m[36m32[0m[90m_[0m[33m4[0m                                      arg  2 mem  17.60 GB tm      2.56us/ 49605.62ms (      0 GFLOPS   12|12     GB/s)
*** AMD      616 E[90m_[0m[36m32[0m[90m_[0m[33m4[0m                                         arg  2 mem  17.60 GB tm      2.52us/ 49605.62ms (      0 GFLOPS    0|0      GB/s)
*** AMD      617 E[90m_[0m[34m40[0m[90m_[0m[36m32[0m[90m_[0m[33m4[0m                                      arg  2 mem  17.60 GB tm      2.44us/ 49605.63ms (      0 GFLOPS   13|13     GB/s)
*** AMD      618 E[90m_[0m[34m40[0m[90m_[0m[36m32[0m[90m_[0m[33m4[0m                                      arg  2 mem  17.60 GB tm      2.56us/ 49605.63ms (      0 GFLOPS   12|12     GB/s)
*** AMD      619 E[90m_[0m[36m32[0m[90m_[0m[33m4[0m                                         arg  2 mem  17.60 GB tm      2.52us/ 49605.63ms (      0 GFLOPS    0|0      GB/s)
*** AMD      620 E[90m_[0m[34m40[0m[90m_[0m[36m32[0m[90m_[0m[33m4[0m                                      arg  2 mem  17.60 GB tm      2.56us/ 49605.63ms (      0 GFLOPS   12|12     GB/s)
*** AMD      621 E[90m_[0m[34m40[0m[90m_[0m[36m32[0m[90m_[0m[33m4[0m                                      arg  2 mem  17.60 GB tm      2.44us/ 49605.64ms (      0 GFLOPS   13|13     GB/s)
*** AMD      622 E[90m_[0m[36m32[0m[90m_[0m[33m4[0m                                         arg  2 mem  17.60 GB tm      2.52us/ 49605.64ms (      0 GFLOPS    0|0      GB/s)
*** AMD      623 E[90m_[0m[34m40[0m[90m_[0m[36m32[0m[90m_[0m[33m4[0m                                      arg  2 mem  17.60 GB tm      2.56us/ 49605.64ms (      0 GFLOPS   12|12     GB/s)
*** AMD      624 E[90m_[0m[34m40[0m[90m_[0m[36m32[0m[90m_[0m[33m4[0m                                      arg  2 mem  17.60 GB tm      2.56us/ 49605.64ms (      0 GFLOPS   12|12     GB/s)
*** AMD      625 E[90m_[0m[34m2[0m[90m_[0m[36m32[0m[90m_[0m[33m4[0m                                       arg  2 mem  17.60 GB tm      2.44us/ 49605.65ms (      0 GFLOPS    1|1      GB/s)
*** AMD      626 E[90m_[0m[34m2[0m[90m_[0m[36m32[0m[90m_[0m[33m4[0m                                       arg  2 mem  17.60 GB tm      2.56us/ 49605.65ms (      0 GFLOPS    1|1      GB/s)
*** AMD      627 E[90m_[0m[34m40[0m[90m_[0m[36m32[0m[90m_[0m[33m4[0m                                      arg  2 mem  17.60 GB tm      2.56us/ 49605.65ms (      0 GFLOPS   12|12     GB/s)
*** AMD      628 E[90m_[0m[34m40[0m[90m_[0m[36m32[0m[90m_[0m[33m4[0m                                      arg  2 mem  17.60 GB tm      2.52us/ 49605.65ms (      0 GFLOPS   12|12     GB/s)
*** AMD      629 E[90m_[0m[36m32[0m[90m_[0m[33m4[0m                                         arg  2 mem  17.60 GB tm      2.32us/ 49605.66ms (      0 GFLOPS    0|0      GB/s)
*** AMD      630 E[90m_[0m[34m40[0m[90m_[0m[36m32[0m[90m_[0m[33m4[0m                                      arg  2 mem  17.60 GB tm      2.56us/ 49605.66ms (      0 GFLOPS   12|12     GB/s)
*** AMD      631 E[90m_[0m[34m40[0m[90m_[0m[36m32[0m[90m_[0m[33m4[0m                                      arg  2 mem  17.60 GB tm      2.52us/ 49605.66ms (      0 GFLOPS   12|12     GB/s)
*** AMD      632 E[90m_[0m[36m32[0m[90m_[0m[33m4[0m                                         arg  2 mem  17.60 GB tm      2.52us/ 49605.66ms (      0 GFLOPS    0|0      GB/s)
*** AMD      633 E[90m_[0m[34m40[0m[90m_[0m[36m32[0m[90m_[0m[33m4[0m                                      arg  2 mem  17.60 GB tm      2.40us/ 49605.67ms (      0 GFLOPS   13|13     GB/s)
*** AMD      634 E[90m_[0m[34m40[0m[90m_[0m[36m32[0m[90m_[0m[33m4[0m                                      arg  2 mem  17.60 GB tm      2.56us/ 49605.67ms (      0 GFLOPS   12|12     GB/s)
*** AMD      635 E[90m_[0m[36m32[0m[90m_[0m[33m4[0m                                         arg  2 mem  17.60 GB tm      2.48us/ 49605.67ms (      0 GFLOPS    0|0      GB/s)
*** AMD      636 E[90m_[0m[34m40[0m[90m_[0m[36m32[0m[90m_[0m[33m4[0m                                      arg  2 mem  17.60 GB tm      2.56us/ 49605.67ms (      0 GFLOPS   12|12     GB/s)
*** AMD      637 E[90m_[0m[34m40[0m[90m_[0m[36m32[0m[90m_[0m[33m4[0m                                      arg  2 mem  17.60 GB tm      2.40us/ 49605.68ms (      0 GFLOPS   13|13     GB/s)
*** AMD      638 E[90m_[0m[34m2[0m[90m_[0m[36m32[0m[90m_[0m[33m4[0m                                       arg  2 mem  17.60 GB tm      2.52us/ 49605.68ms (      0 GFLOPS    1|1      GB/s)
*** AMD      639 E[90m_[0m[34m2[0m[90m_[0m[36m32[0m[90m_[0m[33m4[0m                                       arg  2 mem  17.60 GB tm      2.56us/ 49605.68ms (      0 GFLOPS    1|1      GB/s)
*** AMD      640 E[90m_[0m[34m40[0m[90m_[0m[36m32[0m[90m_[0m[33m4[0m                                      arg  2 mem  17.60 GB tm      2.56us/ 49605.68ms (      0 GFLOPS   12|12     GB/s)
*** AMD      641 E[90m_[0m[34m40[0m[90m_[0m[36m32[0m[90m_[0m[33m4[0m                                      arg  2 mem  17.60 GB tm      2.44us/ 49605.69ms (      0 GFLOPS   13|13     GB/s)
*** AMD      642 E[90m_[0m[36m32[0m[90m_[0m[33m4[0m                                         arg  2 mem  17.60 GB tm      2.48us/ 49605.69ms (      0 GFLOPS    0|0      GB/s)
*** AMD      643 E[90m_[0m[34m40[0m[90m_[0m[36m32[0m[90m_[0m[33m4[0m                                      arg  2 mem  17.60 GB tm      2.52us/ 49605.69ms (      0 GFLOPS   12|12     GB/s)
*** AMD      644 E[90m_[0m[34m40[0m[90m_[0m[36m32[0m[90m_[0m[33m4[0m                                      arg  2 mem  17.60 GB tm      2.52us/ 49605.69ms (      0 GFLOPS   12|12     GB/s)
*** AMD      645 E[90m_[0m[36m32[0m[90m_[0m[33m4[0m                                         arg  2 mem  17.60 GB tm      2.36us/ 49605.70ms (      0 GFLOPS    0|0      GB/s)
*** AMD      646 E[90m_[0m[34m40[0m[90m_[0m[36m32[0m[90m_[0m[33m4[0m                                      arg  2 mem  17.60 GB tm      2.52us/ 49605.70ms (      0 GFLOPS   12|12     GB/s)
*** AMD      647 E[90m_[0m[34m40[0m[90m_[0m[36m32[0m[90m_[0m[33m4[0m                                      arg  2 mem  17.60 GB tm      2.52us/ 49605.70ms (      0 GFLOPS   12|12     GB/s)
*** AMD      648 E[90m_[0m[36m32[0m[90m_[0m[33m4[0m                                         arg  2 mem  17.60 GB tm      2.48us/ 49605.70ms (      0 GFLOPS    0|0      GB/s)
*** AMD      649 E[90m_[0m[34m40[0m[90m_[0m[36m32[0m[90m_[0m[33m4[0m                                      arg  2 mem  17.60 GB tm      2.36us/ 49605.71ms (      0 GFLOPS   13|13     GB/s)
*** AMD      650 E[90m_[0m[34m40[0m[90m_[0m[36m32[0m[90m_[0m[33m4[0m                                      arg  2 mem  17.60 GB tm      2.52us/ 49605.71ms (      0 GFLOPS   12|12     GB/s)
*** AMD      651 E[90m_[0m[34m2[0m[90m_[0m[36m32[0m[90m_[0m[33m4[0m                                       arg  2 mem  17.60 GB tm      2.48us/ 49605.71ms (      0 GFLOPS    1|1      GB/s)
*** AMD      652 E[90m_[0m[34m2[0m[90m_[0m[36m32[0m[90m_[0m[33m4[0m                                       arg  2 mem  17.60 GB tm      2.48us/ 49605.71ms (      0 GFLOPS    1|1      GB/s)
*** AMD      653 E[90m_[0m[34m40[0m[90m_[0m[36m32[0m[90m_[0m[33m4[0m                                      arg  2 mem  17.60 GB tm      2.40us/ 49605.72ms (      0 GFLOPS   13|13     GB/s)
*** AMD      654 E[90m_[0m[34m40[0m[90m_[0m[36m32[0m[90m_[0m[33m4[0m                                      arg  2 mem  17.60 GB tm      2.52us/ 49605.72ms (      0 GFLOPS   12|12     GB/s)
*** AMD      655 E[90m_[0m[36m32[0m[90m_[0m[33m4[0m                                         arg  2 mem  17.60 GB tm      2.48us/ 49605.72ms (      0 GFLOPS    0|0      GB/s)
*** AMD      656 E[90m_[0m[34m40[0m[90m_[0m[36m32[0m[90m_[0m[33m4[0m                                      arg  2 mem  17.60 GB tm      2.52us/ 49605.72ms (      0 GFLOPS   12|12     GB/s)
*** AMD      657 E[90m_[0m[34m40[0m[90m_[0m[36m32[0m[90m_[0m[33m4[0m                                      arg  2 mem  17.60 GB tm      2.40us/ 49605.72ms (      0 GFLOPS   13|13     GB/s)
*** AMD      658 E[90m_[0m[36m32[0m[90m_[0m[33m4[0m                                         arg  2 mem  17.60 GB tm      2.48us/ 49605.73ms (      0 GFLOPS    0|0      GB/s)
*** AMD      659 E[90m_[0m[34m40[0m[90m_[0m[36m32[0m[90m_[0m[33m4[0m                                      arg  2 mem  17.60 GB tm      2.52us/ 49605.73ms (      0 GFLOPS   12|12     GB/s)
*** AMD      660 E[90m_[0m[34m40[0m[90m_[0m[36m32[0m[90m_[0m[33m4[0m                                      arg  2 mem  17.60 GB tm      2.56us/ 49605.73ms (      0 GFLOPS   12|12     GB/s)
*** AMD      661 E[90m_[0m[36m32[0m[90m_[0m[33m4[0m                                         arg  2 mem  17.60 GB tm      2.32us/ 49605.73ms (      0 GFLOPS    0|0      GB/s)
*** AMD      662 E[90m_[0m[34m40[0m[90m_[0m[36m32[0m[90m_[0m[33m4[0m                                      arg  2 mem  17.60 GB tm      2.52us/ 49605.74ms (      0 GFLOPS   12|12     GB/s)
*** AMD      663 E[90m_[0m[34m40[0m[90m_[0m[36m32[0m[90m_[0m[33m4[0m                                      arg  2 mem  17.60 GB tm      2.52us/ 49605.74ms (      0 GFLOPS   12|12     GB/s)
*** AMD      664 E[90m_[0m[34m2[0m[90m_[0m[36m32[0m[90m_[0m[33m4[0m                                       arg  2 mem  17.60 GB tm      2.48us/ 49605.74ms (      0 GFLOPS    1|1      GB/s)
*** AMD      665 E[90m_[0m[34m2[0m[90m_[0m[36m32[0m[90m_[0m[33m4[0m                                       arg  2 mem  17.60 GB tm      2.40us/ 49605.74ms (      0 GFLOPS    1|1      GB/s)
*** AMD      666 E[90m_[0m[34m40[0m[90m_[0m[36m32[0m[90m_[0m[33m4[0m                                      arg  2 mem  17.60 GB tm      2.52us/ 49605.75ms (      0 GFLOPS   12|12     GB/s)
*** AMD      667 E[90m_[0m[34m40[0m[90m_[0m[36m32[0m[90m_[0m[33m4[0m                                      arg  2 mem  17.60 GB tm      2.52us/ 49605.75ms (      0 GFLOPS   12|12     GB/s)
*** AMD      668 E[90m_[0m[34m40[0m[90m_[0m[36m32[0m[90m_[0m[33m4[0m                                      arg  2 mem  17.60 GB tm      2.52us/ 49605.75ms (      0 GFLOPS   12|12     GB/s)
*** AMD      669 E[90m_[0m[34m2[0m[90m_[0m[36m32[0m[90m_[0m[33m4[0m                                       arg  2 mem  17.60 GB tm      2.36us/ 49605.75ms (      0 GFLOPS    1|1      GB/s)
*** AMD      670 E[90m_[0m[34m2[0m[90m_[0m[36m32[0m[90m_[0m[33m4[0m                                       arg  2 mem  17.60 GB tm      2.52us/ 49605.76ms (      0 GFLOPS    1|1      GB/s)
*** AMD      671 E[90m_[0m[34m40[0m[90m_[0m[36m32[0m[90m_[0m[33m4[0m                                      arg  2 mem  17.60 GB tm      2.52us/ 49605.76ms (      0 GFLOPS   12|12     GB/s)
*** AMD      672 E[90m_[0m[34m40[0m[90m_[0m[36m32[0m[90m_[0m[33m4[0m                                      arg  2 mem  17.60 GB tm      2.52us/ 49605.76ms (      0 GFLOPS   12|12     GB/s)
*** AMD      673 E[90m_[0m[34m40[0m[90m_[0m[36m32[0m[90m_[0m[33m4[0m                                      arg  2 mem  17.60 GB tm      2.40us/ 49605.76ms (      0 GFLOPS   13|13     GB/s)
[32m*** AMD      674[0m [33mcopy   32.00 KB,     AMD <- PYTHON [0m            arg  2 mem  17.60 GB tm   1010.62us/ 49606.78ms (      0 GFLOPS    0|0      GB/s)
amd_gemv: attached raw ggml weights to 506 layers
compiling:   0%|                                          | 0/1 [00:00<?, ?it/s]compiling E[90m_[0m[34m320[0m[90m_[0m[36m32[0m[90m_[0m[33m4[0m                              : 100%|█| 1/1 [00:00<00:00, 44.02it/s]compiling E[90m_[0m[34m320[0m[90m_[0m[36m32[0m[90m_[0m[33m4[0m                              : 100%|█| 1/1 [00:00<00:00, 43.92it/s]
[32m*** AMD      675[0m E[90m_[0m[34m320[0m[90m_[0m[36m32[0m[90m_[0m[33m4[0m                                     arg  2 mem  17.60 GB tm      2.76us/ 49606.78ms (      0 GFLOPS   89|89     GB/s)
compiling:   0%|                                          | 0/1 [00:00<?, ?it/s]compiling E[90m_[0m[34m3[0m[90m_[0m[36m4[0m[90m_[0m[33m4[0m                                 : 100%|█| 1/1 [00:00<00:00, 120.05it/s]compiling E[90m_[0m[34m3[0m[90m_[0m[36m4[0m[90m_[0m[33m4[0m                                 : 100%|█| 1/1 [00:00<00:00, 119.48it/s]
[32m*** AMD      676[0m E[90m_[0m[34m3[0m[90m_[0m[36m4[0m[90m_[0m[33m4[0m                                        arg  2 mem  17.60 GB tm      2.64us/ 49606.78ms (      0 GFLOPS    0|0      GB/s)
*** AMD      677 E[90m_[0m[34m3[0m[90m_[0m[36m4[0m[90m_[0m[33m4[0m                                        arg  2 mem  17.60 GB tm      2.56us/ 49606.78ms (      0 GFLOPS    0|0      GB/s)
*** AMD      678 E[90m_[0m[36m32[0m[90m_[0m[33m4[0m                                         arg  2 mem  17.60 GB tm      2.36us/ 49606.79ms (      0 GFLOPS    0|0      GB/s)
*** AMD      679 E[90m_[0m[34m320[0m[90m_[0m[36m32[0m[90m_[0m[33m4[0m                                     arg  2 mem  17.60 GB tm      2.72us/ 49606.79ms (      0 GFLOPS   90|90     GB/s)
*** AMD      680 E[90m_[0m[34m3[0m[90m_[0m[36m4[0m[90m_[0m[33m4[0m                                        arg  2 mem  17.60 GB tm      2.64us/ 49606.79ms (      0 GFLOPS    0|0      GB/s)
*** AMD      681 E[90m_[0m[34m3[0m[90m_[0m[36m4[0m[90m_[0m[33m4[0m                                        arg  2 mem  17.60 GB tm      2.56us/ 49606.79ms (      0 GFLOPS    0|0      GB/s)
*** AMD      682 E[90m_[0m[36m32[0m[90m_[0m[33m4[0m                                         arg  2 mem  17.60 GB tm      2.36us/ 49606.80ms (      0 GFLOPS    0|0      GB/s)
*** AMD      683 E[90m_[0m[34m320[0m[90m_[0m[36m32[0m[90m_[0m[33m4[0m                                     arg  2 mem  17.60 GB tm      2.64us/ 49606.80ms (      0 GFLOPS   93|93     GB/s)
*** AMD      684 E[90m_[0m[34m3[0m[90m_[0m[36m4[0m[90m_[0m[33m4[0m                                        arg  2 mem  17.60 GB tm      2.64us/ 49606.80ms (      0 GFLOPS    0|0      GB/s)
*** AMD      685 E[90m_[0m[34m3[0m[90m_[0m[36m4[0m[90m_[0m[33m4[0m                                        arg  2 mem  17.60 GB tm      2.60us/ 49606.80ms (      0 GFLOPS    0|0      GB/s)
*** AMD      686 E[90m_[0m[36m32[0m[90m_[0m[33m4[0m                                         arg  2 mem  17.60 GB tm      2.36us/ 49606.81ms (      0 GFLOPS    0|0      GB/s)
*** AMD      687 E[90m_[0m[34m320[0m[90m_[0m[36m32[0m[90m_[0m[33m4[0m                                     arg  2 mem  17.60 GB tm      2.64us/ 49606.81ms (      0 GFLOPS   93|93     GB/s)
*** AMD      688 E[90m_[0m[34m3[0m[90m_[0m[36m4[0m[90m_[0m[33m4[0m                                        arg  2 mem  17.60 GB tm      2.64us/ 49606.81ms (      0 GFLOPS    0|0      GB/s)
*** AMD      689 E[90m_[0m[34m3[0m[90m_[0m[36m4[0m[90m_[0m[33m4[0m                                        arg  2 mem  17.60 GB tm      2.64us/ 49606.81ms (      0 GFLOPS    0|0      GB/s)
*** AMD      690 E[90m_[0m[36m32[0m[90m_[0m[33m4[0m                                         arg  2 mem  17.60 GB tm      2.40us/ 49606.82ms (      0 GFLOPS    0|0      GB/s)
*** AMD      691 E[90m_[0m[34m320[0m[90m_[0m[36m32[0m[90m_[0m[33m4[0m                                     arg  2 mem  17.60 GB tm      2.60us/ 49606.82ms (      0 GFLOPS   95|95     GB/s)
*** AMD      692 E[90m_[0m[34m3[0m[90m_[0m[36m4[0m[90m_[0m[33m4[0m                                        arg  2 mem  17.60 GB tm      2.64us/ 49606.82ms (      0 GFLOPS    0|0      GB/s)
*** AMD      693 E[90m_[0m[34m3[0m[90m_[0m[36m4[0m[90m_[0m[33m4[0m                                        arg  2 mem  17.60 GB tm      2.56us/ 49606.82ms (      0 GFLOPS    0|0      GB/s)
*** AMD      694 E[90m_[0m[36m32[0m[90m_[0m[33m4[0m                                         arg  2 mem  17.60 GB tm      2.36us/ 49606.83ms (      0 GFLOPS    0|0      GB/s)
*** AMD      695 E[90m_[0m[34m320[0m[90m_[0m[36m32[0m[90m_[0m[33m4[0m                                     arg  2 mem  17.60 GB tm      2.72us/ 49606.83ms (      0 GFLOPS   90|90     GB/s)
*** AMD      696 E[90m_[0m[34m3[0m[90m_[0m[36m4[0m[90m_[0m[33m4[0m                                        arg  2 mem  17.60 GB tm      2.64us/ 49606.83ms (      0 GFLOPS    0|0      GB/s)
*** AMD      697 E[90m_[0m[34m3[0m[90m_[0m[36m4[0m[90m_[0m[33m4[0m                                        arg  2 mem  17.60 GB tm      2.60us/ 49606.83ms (      0 GFLOPS    0|0      GB/s)
*** AMD      698 E[90m_[0m[36m32[0m[90m_[0m[33m4[0m                                         arg  2 mem  17.60 GB tm      2.40us/ 49606.84ms (      0 GFLOPS    0|0      GB/s)
*** AMD      699 E[90m_[0m[34m320[0m[90m_[0m[36m32[0m[90m_[0m[33m4[0m                                     arg  2 mem  17.60 GB tm      2.72us/ 49606.84ms (      0 GFLOPS   90|90     GB/s)
*** AMD      700 E[90m_[0m[34m3[0m[90m_[0m[36m4[0m[90m_[0m[33m4[0m                                        arg  2 mem  17.60 GB tm      2.56us/ 49606.84ms (      0 GFLOPS    0|0      GB/s)
*** AMD      701 E[90m_[0m[34m3[0m[90m_[0m[36m4[0m[90m_[0m[33m4[0m                                        arg  2 mem  17.60 GB tm      2.60us/ 49606.84ms (      0 GFLOPS    0|0      GB/s)
*** AMD      702 E[90m_[0m[36m32[0m[90m_[0m[33m4[0m                                         arg  2 mem  17.60 GB tm      2.40us/ 49606.85ms (      0 GFLOPS    0|0      GB/s)
*** AMD      703 E[90m_[0m[34m320[0m[90m_[0m[36m32[0m[90m_[0m[33m4[0m                                     arg  2 mem  17.60 GB tm      2.64us/ 49606.85ms (      0 GFLOPS   93|93     GB/s)
*** AMD      704 E[90m_[0m[34m3[0m[90m_[0m[36m4[0m[90m_[0m[33m4[0m                                        arg  2 mem  17.60 GB tm      2.64us/ 49606.85ms (      0 GFLOPS    0|0      GB/s)
*** AMD      705 E[90m_[0m[34m3[0m[90m_[0m[36m4[0m[90m_[0m[33m4[0m                                        arg  2 mem  17.60 GB tm      2.64us/ 49606.86ms (      0 GFLOPS    0|0      GB/s)
*** AMD      706 E[90m_[0m[36m32[0m[90m_[0m[33m4[0m                                         arg  2 mem  17.60 GB tm      2.36us/ 49606.86ms (      0 GFLOPS    0|0      GB/s)
*** AMD      707 E[90m_[0m[34m320[0m[90m_[0m[36m32[0m[90m_[0m[33m4[0m                                     arg  2 mem  17.61 GB tm      2.60us/ 49606.86ms (      0 GFLOPS   95|95     GB/s)
*** AMD      708 E[90m_[0m[34m3[0m[90m_[0m[36m4[0m[90m_[0m[33m4[0m                                        arg  2 mem  17.61 GB tm      2.60us/ 49606.86ms (      0 GFLOPS    0|0      GB/s)
*** AMD      709 E[90m_[0m[34m3[0m[90m_[0m[36m4[0m[90m_[0m[33m4[0m                                        arg  2 mem  17.61 GB tm      2.60us/ 49606.87ms (      0 GFLOPS    0|0      GB/s)
*** AMD      710 E[90m_[0m[36m32[0m[90m_[0m[33m4[0m                                         arg  2 mem  17.61 GB tm      2.36us/ 49606.87ms (      0 GFLOPS    0|0      GB/s)
*** AMD      711 E[90m_[0m[34m320[0m[90m_[0m[36m32[0m[90m_[0m[33m4[0m                                     arg  2 mem  17.61 GB tm      2.60us/ 49606.87ms (      0 GFLOPS   95|95     GB/s)
*** AMD      712 E[90m_[0m[34m3[0m[90m_[0m[36m4[0m[90m_[0m[33m4[0m                                        arg  2 mem  17.61 GB tm      2.60us/ 49606.87ms (      0 GFLOPS    0|0      GB/s)
*** AMD      713 E[90m_[0m[34m3[0m[90m_[0m[36m4[0m[90m_[0m[33m4[0m                                        arg  2 mem  17.61 GB tm      2.60us/ 49606.88ms (      0 GFLOPS    0|0      GB/s)
*** AMD      714 E[90m_[0m[36m32[0m[90m_[0m[33m4[0m                                         arg  2 mem  17.61 GB tm      2.32us/ 49606.88ms (      0 GFLOPS    0|0      GB/s)
*** AMD      715 E[90m_[0m[34m320[0m[90m_[0m[36m32[0m[90m_[0m[33m4[0m                                     arg  2 mem  17.61 GB tm      2.60us/ 49606.88ms (      0 GFLOPS   95|95     GB/s)
*** AMD      716 E[90m_[0m[34m3[0m[90m_[0m[36m4[0m[90m_[0m[33m4[0m                                        arg  2 mem  17.61 GB tm      2.60us/ 49606.88ms (      0 GFLOPS    0|0      GB/s)
*** AMD      717 E[90m_[0m[34m3[0m[90m_[0m[36m4[0m[90m_[0m[33m4[0m                                        arg  2 mem  17.61 GB tm      2.60us/ 49606.89ms (      0 GFLOPS    0|0      GB/s)
*** AMD      718 E[90m_[0m[36m32[0m[90m_[0m[33m4[0m                                         arg  2 mem  17.61 GB tm      2.36us/ 49606.89ms (      0 GFLOPS    0|0      GB/s)
*** AMD      719 E[90m_[0m[34m320[0m[90m_[0m[36m32[0m[90m_[0m[33m4[0m                                     arg  2 mem  17.61 GB tm      2.60us/ 49606.89ms (      0 GFLOPS   95|95     GB/s)
*** AMD      720 E[90m_[0m[34m3[0m[90m_[0m[36m4[0m[90m_[0m[33m4[0m                                        arg  2 mem  17.61 GB tm      2.60us/ 49606.89ms (      0 GFLOPS    0|0      GB/s)
*** AMD      721 E[90m_[0m[34m3[0m[90m_[0m[36m4[0m[90m_[0m[33m4[0m                                        arg  2 mem  17.61 GB tm      2.64us/ 49606.90ms (      0 GFLOPS    0|0      GB/s)
*** AMD      722 E[90m_[0m[36m32[0m[90m_[0m[33m4[0m                                         arg  2 mem  17.61 GB tm      2.32us/ 49606.90ms (      0 GFLOPS    0|0      GB/s)
*** AMD      723 E[90m_[0m[34m320[0m[90m_[0m[36m32[0m[90m_[0m[33m4[0m                                     arg  2 mem  17.61 GB tm      2.64us/ 49606.90ms (      0 GFLOPS   93|93     GB/s)
*** AMD      724 E[90m_[0m[34m3[0m[90m_[0m[36m4[0m[90m_[0m[33m4[0m                                        arg  2 mem  17.61 GB tm      2.64us/ 49606.90ms (      0 GFLOPS    0|0      GB/s)
*** AMD      725 E[90m_[0m[34m3[0m[90m_[0m[36m4[0m[90m_[0m[33m4[0m                                        arg  2 mem  17.61 GB tm      2.60us/ 49606.91ms (      0 GFLOPS    0|0      GB/s)
*** AMD      726 E[90m_[0m[36m32[0m[90m_[0m[33m4[0m                                         arg  2 mem  17.61 GB tm      2.40us/ 49606.91ms (      0 GFLOPS    0|0      GB/s)
*** AMD      727 E[90m_[0m[34m320[0m[90m_[0m[36m32[0m[90m_[0m[33m4[0m                                     arg  2 mem  17.61 GB tm      2.64us/ 49606.91ms (      0 GFLOPS   93|93     GB/s)
*** AMD      728 E[90m_[0m[34m3[0m[90m_[0m[36m4[0m[90m_[0m[33m4[0m                                        arg  2 mem  17.61 GB tm      2.60us/ 49606.91ms (      0 GFLOPS    0|0      GB/s)
*** AMD      729 E[90m_[0m[34m3[0m[90m_[0m[36m4[0m[90m_[0m[33m4[0m                                        arg  2 mem  17.61 GB tm      2.64us/ 49606.92ms (      0 GFLOPS    0|0      GB/s)
*** AMD      730 E[90m_[0m[36m32[0m[90m_[0m[33m4[0m                                         arg  2 mem  17.61 GB tm      2.36us/ 49606.92ms (      0 GFLOPS    0|0      GB/s)
*** AMD      731 E[90m_[0m[34m320[0m[90m_[0m[36m32[0m[90m_[0m[33m4[0m                                     arg  2 mem  17.61 GB tm      2.64us/ 49606.92ms (      0 GFLOPS   93|93     GB/s)
*** AMD      732 E[90m_[0m[34m3[0m[90m_[0m[36m4[0m[90m_[0m[33m4[0m                                        arg  2 mem  17.61 GB tm      2.60us/ 49606.92ms (      0 GFLOPS    0|0      GB/s)
*** AMD      733 E[90m_[0m[34m3[0m[90m_[0m[36m4[0m[90m_[0m[33m4[0m                                        arg  2 mem  17.61 GB tm      2.60us/ 49606.93ms (      0 GFLOPS    0|0      GB/s)
*** AMD      734 E[90m_[0m[36m32[0m[90m_[0m[33m4[0m                                         arg  2 mem  17.61 GB tm      2.40us/ 49606.93ms (      0 GFLOPS    0|0      GB/s)
*** AMD      735 E[90m_[0m[34m320[0m[90m_[0m[36m32[0m[90m_[0m[33m4[0m                                     arg  2 mem  17.61 GB tm      2.64us/ 49606.93ms (      0 GFLOPS   93|93     GB/s)
*** AMD      736 E[90m_[0m[34m3[0m[90m_[0m[36m4[0m[90m_[0m[33m4[0m                                        arg  2 mem  17.61 GB tm      2.64us/ 49606.93ms (      0 GFLOPS    0|0      GB/s)
*** AMD      737 E[90m_[0m[34m3[0m[90m_[0m[36m4[0m[90m_[0m[33m4[0m                                        arg  2 mem  17.61 GB tm      2.64us/ 49606.94ms (      0 GFLOPS    0|0      GB/s)
*** AMD      738 E[90m_[0m[36m32[0m[90m_[0m[33m4[0m                                         arg  2 mem  17.61 GB tm      2.40us/ 49606.94ms (      0 GFLOPS    0|0      GB/s)
*** AMD      739 E[90m_[0m[34m320[0m[90m_[0m[36m32[0m[90m_[0m[33m4[0m                                     arg  2 mem  17.61 GB tm      2.60us/ 49606.94ms (      0 GFLOPS   95|95     GB/s)
*** AMD      740 E[90m_[0m[34m3[0m[90m_[0m[36m4[0m[90m_[0m[33m4[0m                                        arg  2 mem  17.61 GB tm      2.60us/ 49606.94ms (      0 GFLOPS    0|0      GB/s)
*** AMD      741 E[90m_[0m[34m3[0m[90m_[0m[36m4[0m[90m_[0m[33m4[0m                                        arg  2 mem  17.61 GB tm      2.60us/ 49606.95ms (      0 GFLOPS    0|0      GB/s)
*** AMD      742 E[90m_[0m[36m32[0m[90m_[0m[33m4[0m                                         arg  2 mem  17.61 GB tm      2.36us/ 49606.95ms (      0 GFLOPS    0|0      GB/s)
*** AMD      743 E[90m_[0m[34m320[0m[90m_[0m[36m32[0m[90m_[0m[33m4[0m                                     arg  2 mem  17.61 GB tm      2.64us/ 49606.95ms (      0 GFLOPS   93|93     GB/s)
*** AMD      744 E[90m_[0m[34m3[0m[90m_[0m[36m4[0m[90m_[0m[33m4[0m                                        arg  2 mem  17.61 GB tm      2.60us/ 49606.95ms (      0 GFLOPS    0|0      GB/s)
*** AMD      745 E[90m_[0m[34m3[0m[90m_[0m[36m4[0m[90m_[0m[33m4[0m                                        arg  2 mem  17.61 GB tm      2.52us/ 49606.96ms (      0 GFLOPS    0|0      GB/s)
*** AMD      746 E[90m_[0m[36m32[0m[90m_[0m[33m4[0m                                         arg  2 mem  17.61 GB tm      2.32us/ 49606.96ms (      0 GFLOPS    0|0      GB/s)
*** AMD      747 E[90m_[0m[34m320[0m[90m_[0m[36m32[0m[90m_[0m[33m4[0m                                     arg  2 mem  17.61 GB tm      2.60us/ 49606.96ms (      0 GFLOPS   95|95     GB/s)
*** AMD      748 E[90m_[0m[34m3[0m[90m_[0m[36m4[0m[90m_[0m[33m4[0m                                        arg  2 mem  17.61 GB tm      2.60us/ 49606.96ms (      0 GFLOPS    0|0      GB/s)
*** AMD      749 E[90m_[0m[34m3[0m[90m_[0m[36m4[0m[90m_[0m[33m4[0m                                        arg  2 mem  17.61 GB tm      2.60us/ 49606.97ms (      0 GFLOPS    0|0      GB/s)
*** AMD      750 E[90m_[0m[36m32[0m[90m_[0m[33m4[0m                                         arg  2 mem  17.61 GB tm      2.32us/ 49606.97ms (      0 GFLOPS    0|0      GB/s)
*** AMD      751 E[90m_[0m[34m320[0m[90m_[0m[36m32[0m[90m_[0m[33m4[0m                                     arg  2 mem  17.61 GB tm      2.60us/ 49606.97ms (      0 GFLOPS   95|95     GB/s)
*** AMD      752 E[90m_[0m[34m3[0m[90m_[0m[36m4[0m[90m_[0m[33m4[0m                                        arg  2 mem  17.61 GB tm      2.60us/ 49606.97ms (      0 GFLOPS    0|0      GB/s)
*** AMD      753 E[90m_[0m[34m3[0m[90m_[0m[36m4[0m[90m_[0m[33m4[0m                                        arg  2 mem  17.61 GB tm      2.60us/ 49606.98ms (      0 GFLOPS    0|0      GB/s)
*** AMD      754 E[90m_[0m[36m32[0m[90m_[0m[33m4[0m                                         arg  2 mem  17.61 GB tm      2.32us/ 49606.98ms (      0 GFLOPS    0|0      GB/s)
*** AMD      755 E[90m_[0m[34m320[0m[90m_[0m[36m32[0m[90m_[0m[33m4[0m                                     arg  2 mem  17.61 GB tm      2.64us/ 49606.98ms (      0 GFLOPS   93|93     GB/s)
*** AMD      756 E[90m_[0m[34m3[0m[90m_[0m[36m4[0m[90m_[0m[33m4[0m                                        arg  2 mem  17.61 GB tm      2.60us/ 49606.98ms (      0 GFLOPS    0|0      GB/s)
*** AMD      757 E[90m_[0m[34m3[0m[90m_[0m[36m4[0m[90m_[0m[33m4[0m                                        arg  2 mem  17.61 GB tm      2.60us/ 49606.99ms (      0 GFLOPS    0|0      GB/s)
*** AMD      758 E[90m_[0m[36m32[0m[90m_[0m[33m4[0m                                         arg  2 mem  17.61 GB tm      2.40us/ 49606.99ms (      0 GFLOPS    0|0      GB/s)
*** AMD      759 E[90m_[0m[34m320[0m[90m_[0m[36m32[0m[90m_[0m[33m4[0m                                     arg  2 mem  17.61 GB tm      2.64us/ 49606.99ms (      0 GFLOPS   93|93     GB/s)
*** AMD      760 E[90m_[0m[34m3[0m[90m_[0m[36m4[0m[90m_[0m[33m4[0m                                        arg  2 mem  17.61 GB tm      2.60us/ 49607.00ms (      0 GFLOPS    0|0      GB/s)
*** AMD      761 E[90m_[0m[34m3[0m[90m_[0m[36m4[0m[90m_[0m[33m4[0m                                        arg  2 mem  17.61 GB tm      2.56us/ 49607.00ms (      0 GFLOPS    0|0      GB/s)
*** AMD      762 E[90m_[0m[36m32[0m[90m_[0m[33m4[0m                                         arg  2 mem  17.61 GB tm      2.40us/ 49607.00ms (      0 GFLOPS    0|0      GB/s)
*** AMD      763 E[90m_[0m[34m320[0m[90m_[0m[36m32[0m[90m_[0m[33m4[0m                                     arg  2 mem  17.61 GB tm      2.64us/ 49607.00ms (      0 GFLOPS   93|93     GB/s)
*** AMD      764 E[90m_[0m[34m3[0m[90m_[0m[36m4[0m[90m_[0m[33m4[0m                                        arg  2 mem  17.61 GB tm      2.60us/ 49607.01ms (      0 GFLOPS    0|0      GB/s)
*** AMD      765 E[90m_[0m[34m3[0m[90m_[0m[36m4[0m[90m_[0m[33m4[0m                                        arg  2 mem  17.61 GB tm      2.60us/ 49607.01ms (      0 GFLOPS    0|0      GB/s)
*** AMD      766 E[90m_[0m[36m32[0m[90m_[0m[33m4[0m                                         arg  2 mem  17.61 GB tm      2.40us/ 49607.01ms (      0 GFLOPS    0|0      GB/s)
*** AMD      767 E[90m_[0m[34m320[0m[90m_[0m[36m32[0m[90m_[0m[33m4[0m                                     arg  2 mem  17.61 GB tm      2.60us/ 49607.01ms (      0 GFLOPS   95|95     GB/s)
*** AMD      768 E[90m_[0m[34m3[0m[90m_[0m[36m4[0m[90m_[0m[33m4[0m                                        arg  2 mem  17.61 GB tm      2.64us/ 49607.02ms (      0 GFLOPS    0|0      GB/s)
*** AMD      769 E[90m_[0m[34m3[0m[90m_[0m[36m4[0m[90m_[0m[33m4[0m                                        arg  2 mem  17.61 GB tm      2.60us/ 49607.02ms (      0 GFLOPS    0|0      GB/s)
*** AMD      770 E[90m_[0m[36m32[0m[90m_[0m[33m4[0m                                         arg  2 mem  17.61 GB tm      2.32us/ 49607.02ms (      0 GFLOPS    0|0      GB/s)
*** AMD      771 E[90m_[0m[34m320[0m[90m_[0m[36m32[0m[90m_[0m[33m4[0m                                     arg  2 mem  17.61 GB tm      2.60us/ 49607.02ms (      0 GFLOPS   95|95     GB/s)
*** AMD      772 E[90m_[0m[34m3[0m[90m_[0m[36m4[0m[90m_[0m[33m4[0m                                        arg  2 mem  17.61 GB tm      2.60us/ 49607.03ms (      0 GFLOPS    0|0      GB/s)
*** AMD      773 E[90m_[0m[34m3[0m[90m_[0m[36m4[0m[90m_[0m[33m4[0m                                        arg  2 mem  17.61 GB tm      2.60us/ 49607.03ms (      0 GFLOPS    0|0      GB/s)
*** AMD      774 E[90m_[0m[36m32[0m[90m_[0m[33m4[0m                                         arg  2 mem  17.61 GB tm      2.32us/ 49607.03ms (      0 GFLOPS    0|0      GB/s)
*** AMD      775 E[90m_[0m[34m320[0m[90m_[0m[36m32[0m[90m_[0m[33m4[0m                                     arg  2 mem  17.61 GB tm      2.60us/ 49607.03ms (      0 GFLOPS   95|95     GB/s)
*** AMD      776 E[90m_[0m[34m3[0m[90m_[0m[36m4[0m[90m_[0m[33m4[0m                                        arg  2 mem  17.61 GB tm      2.56us/ 49607.04ms (      0 GFLOPS    0|0      GB/s)
*** AMD      777 E[90m_[0m[34m3[0m[90m_[0m[36m4[0m[90m_[0m[33m4[0m                                        arg  2 mem  17.61 GB tm      2.60us/ 49607.04ms (      0 GFLOPS    0|0      GB/s)
*** AMD      778 E[90m_[0m[36m32[0m[90m_[0m[33m4[0m                                         arg  2 mem  17.61 GB tm      2.32us/ 49607.04ms (      0 GFLOPS    0|0      GB/s)
*** AMD      779 E[90m_[0m[34m320[0m[90m_[0m[36m32[0m[90m_[0m[33m4[0m                                     arg  2 mem  17.61 GB tm      2.60us/ 49607.04ms (      0 GFLOPS   95|95     GB/s)
*** AMD      780 E[90m_[0m[34m3[0m[90m_[0m[36m4[0m[90m_[0m[33m4[0m                                        arg  2 mem  17.61 GB tm      2.60us/ 49607.05ms (      0 GFLOPS    0|0      GB/s)
*** AMD      781 E[90m_[0m[34m3[0m[90m_[0m[36m4[0m[90m_[0m[33m4[0m                                        arg  2 mem  17.61 GB tm      2.56us/ 49607.05ms (      0 GFLOPS    0|0      GB/s)
*** AMD      782 E[90m_[0m[36m32[0m[90m_[0m[33m4[0m                                         arg  2 mem  17.61 GB tm      2.36us/ 49607.05ms (      0 GFLOPS    0|0      GB/s)
*** AMD      783 E[90m_[0m[34m320[0m[90m_[0m[36m32[0m[90m_[0m[33m4[0m                                     arg  2 mem  17.61 GB tm      2.60us/ 49607.05ms (      0 GFLOPS   95|95     GB/s)
*** AMD      784 E[90m_[0m[34m3[0m[90m_[0m[36m4[0m[90m_[0m[33m4[0m                                        arg  2 mem  17.61 GB tm      2.60us/ 49607.06ms (      0 GFLOPS    0|0      GB/s)
*** AMD      785 E[90m_[0m[34m3[0m[90m_[0m[36m4[0m[90m_[0m[33m4[0m                                        arg  2 mem  17.61 GB tm      2.60us/ 49607.06ms (      0 GFLOPS    0|0      GB/s)
*** AMD      786 E[90m_[0m[36m32[0m[90m_[0m[33m4[0m                                         arg  2 mem  17.61 GB tm      2.36us/ 49607.06ms (      0 GFLOPS    0|0      GB/s)
*** AMD      787 E[90m_[0m[34m320[0m[90m_[0m[36m32[0m[90m_[0m[33m4[0m                                     arg  2 mem  17.61 GB tm      2.60us/ 49607.06ms (      0 GFLOPS   95|95     GB/s)
*** AMD      788 E[90m_[0m[34m3[0m[90m_[0m[36m4[0m[90m_[0m[33m4[0m                                        arg  2 mem  17.61 GB tm      2.64us/ 49607.07ms (      0 GFLOPS    0|0      GB/s)
*** AMD      789 E[90m_[0m[34m3[0m[90m_[0m[36m4[0m[90m_[0m[33m4[0m                                        arg  2 mem  17.61 GB tm      2.60us/ 49607.07ms (      0 GFLOPS    0|0      GB/s)
*** AMD      790 E[90m_[0m[36m32[0m[90m_[0m[33m4[0m                                         arg  2 mem  17.61 GB tm      2.36us/ 49607.07ms (      0 GFLOPS    0|0      GB/s)
*** AMD      791 E[90m_[0m[34m320[0m[90m_[0m[36m32[0m[90m_[0m[33m4[0m                                     arg  2 mem  17.61 GB tm      2.60us/ 49607.07ms (      0 GFLOPS   95|95     GB/s)
*** AMD      792 E[90m_[0m[34m3[0m[90m_[0m[36m4[0m[90m_[0m[33m4[0m                                        arg  2 mem  17.61 GB tm      2.56us/ 49607.08ms (      0 GFLOPS    0|0      GB/s)
*** AMD      793 E[90m_[0m[34m3[0m[90m_[0m[36m4[0m[90m_[0m[33m4[0m                                        arg  2 mem  17.61 GB tm      2.60us/ 49607.08ms (      0 GFLOPS    0|0      GB/s)
*** AMD      794 E[90m_[0m[36m32[0m[90m_[0m[33m4[0m                                         arg  2 mem  17.61 GB tm      2.36us/ 49607.08ms (      0 GFLOPS    0|0      GB/s)
*** AMD      795 E[90m_[0m[34m320[0m[90m_[0m[36m32[0m[90m_[0m[33m4[0m                                     arg  2 mem  17.61 GB tm      2.60us/ 49607.08ms (      0 GFLOPS   95|95     GB/s)
*** AMD      796 E[90m_[0m[34m3[0m[90m_[0m[36m4[0m[90m_[0m[33m4[0m                                        arg  2 mem  17.61 GB tm      2.60us/ 49607.09ms (      0 GFLOPS    0|0      GB/s)
*** AMD      797 E[90m_[0m[34m3[0m[90m_[0m[36m4[0m[90m_[0m[33m4[0m                                        arg  2 mem  17.61 GB tm      2.60us/ 49607.09ms (      0 GFLOPS    0|0      GB/s)
*** AMD      798 E[90m_[0m[36m32[0m[90m_[0m[33m4[0m                                         arg  2 mem  17.61 GB tm      2.36us/ 49607.09ms (      0 GFLOPS    0|0      GB/s)
*** AMD      799 E[90m_[0m[34m320[0m[90m_[0m[36m32[0m[90m_[0m[33m4[0m                                     arg  2 mem  17.61 GB tm      2.60us/ 49607.09ms (      0 GFLOPS   95|95     GB/s)
*** AMD      800 E[90m_[0m[34m3[0m[90m_[0m[36m4[0m[90m_[0m[33m4[0m                                        arg  2 mem  17.61 GB tm      2.60us/ 49607.10ms (      0 GFLOPS    0|0      GB/s)
*** AMD      801 E[90m_[0m[34m3[0m[90m_[0m[36m4[0m[90m_[0m[33m4[0m                                        arg  2 mem  17.61 GB tm      2.60us/ 49607.10ms (      0 GFLOPS    0|0      GB/s)
*** AMD      802 E[90m_[0m[36m32[0m[90m_[0m[33m4[0m                                         arg  2 mem  17.61 GB tm      2.36us/ 49607.10ms (      0 GFLOPS    0|0      GB/s)
*** AMD      803 E[90m_[0m[34m320[0m[90m_[0m[36m32[0m[90m_[0m[33m4[0m                                     arg  2 mem  17.61 GB tm      2.64us/ 49607.10ms (      0 GFLOPS   93|93     GB/s)
*** AMD      804 E[90m_[0m[34m3[0m[90m_[0m[36m4[0m[90m_[0m[33m4[0m                                        arg  2 mem  17.61 GB tm      2.64us/ 49607.11ms (      0 GFLOPS    0|0      GB/s)
*** AMD      805 E[90m_[0m[34m3[0m[90m_[0m[36m4[0m[90m_[0m[33m4[0m                                        arg  2 mem  17.61 GB tm      2.60us/ 49607.11ms (      0 GFLOPS    0|0      GB/s)
*** AMD      806 E[90m_[0m[36m32[0m[90m_[0m[33m4[0m                                         arg  2 mem  17.61 GB tm      2.36us/ 49607.11ms (      0 GFLOPS    0|0      GB/s)
*** AMD      807 E[90m_[0m[34m320[0m[90m_[0m[36m32[0m[90m_[0m[33m4[0m                                     arg  2 mem  17.61 GB tm      2.64us/ 49607.11ms (      0 GFLOPS   93|93     GB/s)
*** AMD      808 E[90m_[0m[34m3[0m[90m_[0m[36m4[0m[90m_[0m[33m4[0m                                        arg  2 mem  17.61 GB tm      2.60us/ 49607.12ms (      0 GFLOPS    0|0      GB/s)
*** AMD      809 E[90m_[0m[34m3[0m[90m_[0m[36m4[0m[90m_[0m[33m4[0m                                        arg  2 mem  17.61 GB tm      2.64us/ 49607.12ms (      0 GFLOPS    0|0      GB/s)
*** AMD      810 E[90m_[0m[36m32[0m[90m_[0m[33m4[0m                                         arg  2 mem  17.61 GB tm      2.40us/ 49607.12ms (      0 GFLOPS    0|0      GB/s)
*** AMD      811 E[90m_[0m[34m320[0m[90m_[0m[36m32[0m[90m_[0m[33m4[0m                                     arg  2 mem  17.61 GB tm      2.64us/ 49607.12ms (      0 GFLOPS   93|93     GB/s)
*** AMD      812 E[90m_[0m[34m3[0m[90m_[0m[36m4[0m[90m_[0m[33m4[0m                                        arg  2 mem  17.61 GB tm      2.60us/ 49607.13ms (      0 GFLOPS    0|0      GB/s)
*** AMD      813 E[90m_[0m[34m3[0m[90m_[0m[36m4[0m[90m_[0m[33m4[0m                                        arg  2 mem  17.61 GB tm      2.60us/ 49607.13ms (      0 GFLOPS    0|0      GB/s)
*** AMD      814 E[90m_[0m[36m32[0m[90m_[0m[33m4[0m                                         arg  2 mem  17.61 GB tm      2.32us/ 49607.13ms (      0 GFLOPS    0|0      GB/s)
*** AMD      815 E[90m_[0m[34m320[0m[90m_[0m[36m32[0m[90m_[0m[33m4[0m                                     arg  2 mem  17.61 GB tm      2.64us/ 49607.13ms (      0 GFLOPS   93|93     GB/s)
*** AMD      816 E[90m_[0m[34m3[0m[90m_[0m[36m4[0m[90m_[0m[33m4[0m                                        arg  2 mem  17.61 GB tm      2.60us/ 49607.14ms (      0 GFLOPS    0|0      GB/s)
*** AMD      817 E[90m_[0m[34m3[0m[90m_[0m[36m4[0m[90m_[0m[33m4[0m                                        arg  2 mem  17.61 GB tm      2.64us/ 49607.14ms (      0 GFLOPS    0|0      GB/s)
*** AMD      818 E[90m_[0m[36m32[0m[90m_[0m[33m4[0m                                         arg  2 mem  17.61 GB tm      2.40us/ 49607.14ms (      0 GFLOPS    0|0      GB/s)
*** AMD      819 E[90m_[0m[34m320[0m[90m_[0m[36m32[0m[90m_[0m[33m4[0m                                     arg  2 mem  17.61 GB tm      2.64us/ 49607.15ms (      0 GFLOPS   93|93     GB/s)
*** AMD      820 E[90m_[0m[34m3[0m[90m_[0m[36m4[0m[90m_[0m[33m4[0m                                        arg  2 mem  17.61 GB tm      2.60us/ 49607.15ms (      0 GFLOPS    0|0      GB/s)
*** AMD      821 E[90m_[0m[34m3[0m[90m_[0m[36m4[0m[90m_[0m[33m4[0m                                        arg  2 mem  17.61 GB tm      2.60us/ 49607.15ms (      0 GFLOPS    0|0      GB/s)
*** AMD      822 E[90m_[0m[36m32[0m[90m_[0m[33m4[0m                                         arg  2 mem  17.61 GB tm      2.36us/ 49607.15ms (      0 GFLOPS    0|0      GB/s)
*** AMD      823 E[90m_[0m[34m320[0m[90m_[0m[36m32[0m[90m_[0m[33m4[0m                                     arg  2 mem  17.61 GB tm      2.60us/ 49607.16ms (      0 GFLOPS   95|95     GB/s)
*** AMD      824 E[90m_[0m[34m3[0m[90m_[0m[36m4[0m[90m_[0m[33m4[0m                                        arg  2 mem  17.61 GB tm      2.64us/ 49607.16ms (      0 GFLOPS    0|0      GB/s)
*** AMD      825 E[90m_[0m[34m3[0m[90m_[0m[36m4[0m[90m_[0m[33m4[0m                                        arg  2 mem  17.61 GB tm      2.60us/ 49607.16ms (      0 GFLOPS    0|0      GB/s)
*** AMD      826 E[90m_[0m[36m32[0m[90m_[0m[33m4[0m                                         arg  2 mem  17.61 GB tm      2.40us/ 49607.16ms (      0 GFLOPS    0|0      GB/s)
*** AMD      827 E[90m_[0m[34m320[0m[90m_[0m[36m32[0m[90m_[0m[33m4[0m                                     arg  2 mem  17.61 GB tm      2.60us/ 49607.17ms (      0 GFLOPS   95|95     GB/s)
*** AMD      828 E[90m_[0m[34m3[0m[90m_[0m[36m4[0m[90m_[0m[33m4[0m                                        arg  2 mem  17.61 GB tm      2.64us/ 49607.17ms (      0 GFLOPS    0|0      GB/s)
*** AMD      829 E[90m_[0m[34m3[0m[90m_[0m[36m4[0m[90m_[0m[33m4[0m                                        arg  2 mem  17.61 GB tm      2.64us/ 49607.17ms (      0 GFLOPS    0|0      GB/s)
*** AMD      830 E[90m_[0m[36m32[0m[90m_[0m[33m4[0m                                         arg  2 mem  17.61 GB tm      2.40us/ 49607.17ms (      0 GFLOPS    0|0      GB/s)
*** AMD      831 E[90m_[0m[34m320[0m[90m_[0m[36m32[0m[90m_[0m[33m4[0m                                     arg  2 mem  17.61 GB tm      2.60us/ 49607.18ms (      0 GFLOPS   95|95     GB/s)
*** AMD      832 E[90m_[0m[34m3[0m[90m_[0m[36m4[0m[90m_[0m[33m4[0m                                        arg  2 mem  17.61 GB tm      2.60us/ 49607.18ms (      0 GFLOPS    0|0      GB/s)
*** AMD      833 E[90m_[0m[34m3[0m[90m_[0m[36m4[0m[90m_[0m[33m4[0m                                        arg  2 mem  17.61 GB tm      2.64us/ 49607.18ms (      0 GFLOPS    0|0      GB/s)
*** AMD      834 E[90m_[0m[36m32[0m[90m_[0m[33m4[0m                                         arg  2 mem  17.61 GB tm      2.40us/ 49607.18ms (      0 GFLOPS    0|0      GB/s)
*** AMD      835 E[90m_[0m[34m320[0m[90m_[0m[36m32[0m[90m_[0m[33m4[0m                                     arg  2 mem  17.61 GB tm      2.56us/ 49607.19ms (      0 GFLOPS   96|96     GB/s)
*** AMD      836 E[90m_[0m[34m3[0m[90m_[0m[36m4[0m[90m_[0m[33m4[0m                                        arg  2 mem  17.61 GB tm      2.60us/ 49607.19ms (      0 GFLOPS    0|0      GB/s)
*** AMD      837 E[90m_[0m[34m3[0m[90m_[0m[36m4[0m[90m_[0m[33m4[0m                                        arg  2 mem  17.61 GB tm      2.60us/ 49607.19ms (      0 GFLOPS    0|0      GB/s)
*** AMD      838 E[90m_[0m[36m32[0m[90m_[0m[33m4[0m                                         arg  2 mem  17.61 GB tm      2.32us/ 49607.19ms (      0 GFLOPS    0|0      GB/s)
*** AMD      839 E[90m_[0m[34m320[0m[90m_[0m[36m32[0m[90m_[0m[33m4[0m                                     arg  2 mem  17.61 GB tm      2.60us/ 49607.20ms (      0 GFLOPS   95|95     GB/s)
*** AMD      840 E[90m_[0m[34m3[0m[90m_[0m[36m4[0m[90m_[0m[33m4[0m                                        arg  2 mem  17.61 GB tm      2.64us/ 49607.20ms (      0 GFLOPS    0|0      GB/s)
*** AMD      841 E[90m_[0m[34m3[0m[90m_[0m[36m4[0m[90m_[0m[33m4[0m                                        arg  2 mem  17.61 GB tm      2.60us/ 49607.20ms (      0 GFLOPS    0|0      GB/s)
*** AMD      842 E[90m_[0m[36m32[0m[90m_[0m[33m4[0m                                         arg  2 mem  17.61 GB tm      2.32us/ 49607.20ms (      0 GFLOPS    0|0      GB/s)
*** AMD      843 E[90m_[0m[34m320[0m[90m_[0m[36m32[0m[90m_[0m[33m4[0m                                     arg  2 mem  17.61 GB tm      2.56us/ 49607.21ms (      0 GFLOPS   96|96     GB/s)
*** AMD      844 E[90m_[0m[34m3[0m[90m_[0m[36m4[0m[90m_[0m[33m4[0m                                        arg  2 mem  17.61 GB tm      2.60us/ 49607.21ms (      0 GFLOPS    0|0      GB/s)
*** AMD      845 E[90m_[0m[34m3[0m[90m_[0m[36m4[0m[90m_[0m[33m4[0m                                        arg  2 mem  17.61 GB tm      2.60us/ 49607.21ms (      0 GFLOPS    0|0      GB/s)
*** AMD      846 E[90m_[0m[36m32[0m[90m_[0m[33m4[0m                                         arg  2 mem  17.61 GB tm      2.32us/ 49607.21ms (      0 GFLOPS    0|0      GB/s)
*** AMD      847 E[90m_[0m[34m320[0m[90m_[0m[36m32[0m[90m_[0m[33m4[0m                                     arg  2 mem  17.61 GB tm      2.60us/ 49607.22ms (      0 GFLOPS   95|95     GB/s)
*** AMD      848 E[90m_[0m[34m3[0m[90m_[0m[36m4[0m[90m_[0m[33m4[0m                                        arg  2 mem  17.61 GB tm      2.56us/ 49607.22ms (      0 GFLOPS    0|0      GB/s)
*** AMD      849 E[90m_[0m[34m3[0m[90m_[0m[36m4[0m[90m_[0m[33m4[0m                                        arg  2 mem  17.61 GB tm      2.60us/ 49607.22ms (      0 GFLOPS    0|0      GB/s)
*** AMD      850 E[90m_[0m[36m32[0m[90m_[0m[33m4[0m                                         arg  2 mem  17.61 GB tm      2.40us/ 49607.22ms (      0 GFLOPS    0|0      GB/s)
*** AMD      851 E[90m_[0m[34m320[0m[90m_[0m[36m32[0m[90m_[0m[33m4[0m                                     arg  2 mem  17.61 GB tm      2.64us/ 49607.23ms (      0 GFLOPS   93|93     GB/s)
*** AMD      852 E[90m_[0m[34m3[0m[90m_[0m[36m4[0m[90m_[0m[33m4[0m                                        arg  2 mem  17.61 GB tm      2.64us/ 49607.23ms (      0 GFLOPS    0|0      GB/s)
*** AMD      853 E[90m_[0m[34m3[0m[90m_[0m[36m4[0m[90m_[0m[33m4[0m                                        arg  2 mem  17.61 GB tm      2.60us/ 49607.23ms (      0 GFLOPS    0|0      GB/s)
*** AMD      854 E[90m_[0m[36m32[0m[90m_[0m[33m4[0m                                         arg  2 mem  17.61 GB tm      2.36us/ 49607.23ms (      0 GFLOPS    0|0      GB/s)
*** AMD      855 E[90m_[0m[34m320[0m[90m_[0m[36m32[0m[90m_[0m[33m4[0m                                     arg  2 mem  17.61 GB tm      2.60us/ 49607.24ms (      0 GFLOPS   95|95     GB/s)
*** AMD      856 E[90m_[0m[34m3[0m[90m_[0m[36m4[0m[90m_[0m[33m4[0m                                        arg  2 mem  17.61 GB tm      2.64us/ 49607.24ms (      0 GFLOPS    0|0      GB/s)
*** AMD      857 E[90m_[0m[34m3[0m[90m_[0m[36m4[0m[90m_[0m[33m4[0m                                        arg  2 mem  17.61 GB tm      2.60us/ 49607.24ms (      0 GFLOPS    0|0      GB/s)
*** AMD      858 E[90m_[0m[36m32[0m[90m_[0m[33m4[0m                                         arg  2 mem  17.61 GB tm      2.40us/ 49607.24ms (      0 GFLOPS    0|0      GB/s)
*** AMD      859 E[90m_[0m[34m320[0m[90m_[0m[36m32[0m[90m_[0m[33m4[0m                                     arg  2 mem  17.61 GB tm      2.64us/ 49607.25ms (      0 GFLOPS   93|93     GB/s)
*** AMD      860 E[90m_[0m[34m3[0m[90m_[0m[36m4[0m[90m_[0m[33m4[0m                                        arg  2 mem  17.61 GB tm      2.64us/ 49607.25ms (      0 GFLOPS    0|0      GB/s)
*** AMD      861 E[90m_[0m[34m3[0m[90m_[0m[36m4[0m[90m_[0m[33m4[0m                                        arg  2 mem  17.61 GB tm      2.60us/ 49607.25ms (      0 GFLOPS    0|0      GB/s)
*** AMD      862 E[90m_[0m[36m32[0m[90m_[0m[33m4[0m                                         arg  2 mem  17.61 GB tm      2.40us/ 49607.25ms (      0 GFLOPS    0|0      GB/s)
*** AMD      863 E[90m_[0m[34m320[0m[90m_[0m[36m32[0m[90m_[0m[33m4[0m                                     arg  2 mem  17.61 GB tm      2.60us/ 49607.26ms (      0 GFLOPS   95|95     GB/s)
*** AMD      864 E[90m_[0m[34m3[0m[90m_[0m[36m4[0m[90m_[0m[33m4[0m                                        arg  2 mem  17.61 GB tm      2.56us/ 49607.26ms (      0 GFLOPS    0|0      GB/s)
*** AMD      865 E[90m_[0m[34m3[0m[90m_[0m[36m4[0m[90m_[0m[33m4[0m                                        arg  2 mem  17.61 GB tm      2.64us/ 49607.26ms (      0 GFLOPS    0|0      GB/s)
*** AMD      866 E[90m_[0m[36m32[0m[90m_[0m[33m4[0m                                         arg  2 mem  17.61 GB tm      2.36us/ 49607.26ms (      0 GFLOPS    0|0      GB/s)
using model "Qwen3.8-27B" with 19,953,131,648 bytes and 64,557,981,568 params, max context 98304 on AMD
scheduled    33 kernels in    79.71 ms | CACHE MISS 4e8bacdf |   37427 uops in cache | <frozen runpy>:88
memory reduced from 5.24 MB -> 5.24 MB, 2 -> 1 bufs
compiling:   0%|                                         | 0/27 [00:00<?, ?it/s]compiling gather_rows_256_2880                    :   4%| | 1/27 [00:00<00:00, 224.20it/s]compiling rmsnorm_quant_5120_float_b128           :   7%| | 2/27 [00:00<00:00, 412.18it/s]compiling deq8_q8_0_48_5120                       :  15%|▏| 4/27 [00:00<00:00, 485.93it/s]compiling gemm_q8_10240_5120_t256_m64n64_wn4_pf0  :  30%|▎| 8/27 [00:00<00:00, 618.04it/s]compiling gdn_conv_10240_4_t256                   :  44%|▍| 12/27 [00:00<00:00, 683.67it/s]compiling gemm_q8_17408_5120_t256_m64n64_wn4_pf0  :  67%|▋| 18/27 [00:00<00:00, 884.81it/s]compiling E[90m_[0m[34m320[0m[90m_[0m[36m32[0m[90m_[0m[33m3[0m                              :  89%|▉| 24/27 [00:00<00:00, 140.95it/s]compiling E[90m_[0m[34m1280[0m[90m_[0m[34m2[0m[90m_[0m[36m4[0m[90m_[0m[36m2[0m[90m_[0m[36m16[0m[90m_[0m[33m2[0m[90m_[0m[33m2[0m                     :  93%|▉| 25/27 [00:00<00:00, 128.62it/s]compiling E                                       :  96%|▉| 26/27 [00:00<00:00, 126.37it/s]compiling E[90m_[0m[34m8192[0m[90m_[0m[36m32[0m[90m_[0m[33m3[0m                             : 100%|█| 27/27 [00:00<00:00, 92.72it/s]compiling E[90m_[0m[34m8192[0m[90m_[0m[36m32[0m[90m_[0m[33m3[0m                             : 100%|█| 27/27 [00:00<00:00, 92.67it/s]
scheduled    25 kernels in    19.63 ms | CACHE MISS f873b4b9 |   37924 uops in cache | <frozen runpy>:88
compiling:   0%|                                          | 0/7 [00:00<?, ?it/s]compiling deq8_iq4xs_17408_5120                   :  14%|▏| 1/7 [00:00<00:00, 473.34it/s]compiling deq8_q6k_5120_6144                      :  57%|▌| 4/7 [00:00<00:00, 1197.10it/s]compiling deq8_q4k_10240_5120                     : 100%|█| 7/7 [00:00<00:00, 2000.71it/s]
scheduled    25 kernels in    12.65 ms | CACHE MISS 3061ae93 |   38110 uops in cache | <frozen runpy>:88
compiling:   0%|                                          | 0/2 [00:00<?, ?it/s]compiling deq8_q4k_10240_5120                     :  50%|▌| 1/2 [00:00<00:00, 294.94it/s]compiling deq8_q5k_6144_5120                      : 100%|█| 2/2 [00:00<00:00, 582.91it/s]compiling deq8_q5k_6144_5120                      : 100%|█| 2/2 [00:00<00:00, 579.30it/s]
scheduled    20 kernels in    40.79 ms | CACHE MISS 0f81aa2d |   38524 uops in cache | <frozen runpy>:88
compiling:   0%|                                         | 0/12 [00:00<?, ?it/s]compiling deq8_q5k_12288_5120                     :   8%| | 1/12 [00:00<00:00, 340.90it/s]compiling deq8_q5k_17408_5120                     :  25%|▎| 3/12 [00:00<00:00, 769.83it/s]compiling gemm_q8_12288_5120_t256_m64n64_wn4_pf0  :  58%|▌| 7/12 [00:00<00:00, 1497.78it/s]compiling E[90m_[0m[34m12289[0m[90m_[0m[34m2[0m[90m_[0m[36m8[0m[90m_[0m[36m16[0m[90m_[0m[33m2[0m                        : 100%|█| 12/12 [00:00<00:00, 146.71it/s]
scheduled    25 kernels in    11.97 ms | CACHE MISS 3091a0cb |   38422 uops in cache | <frozen runpy>:88
compiling:   0%|                                          | 0/3 [00:00<?, ?it/s]compiling deq8_q4k_17408_5120                     :  33%|▎| 1/3 [00:00<00:00, 393.72it/s]compiling deq8_q5k_6144_5120                      : 100%|█| 3/3 [00:00<00:00, 889.13it/s]compiling deq8_q5k_6144_5120                      : 100%|█| 3/3 [00:00<00:00, 877.78it/s]
scheduled    25 kernels in    11.08 ms | CACHE MISS 5d89214b |   38542 uops in cache | <frozen runpy>:88
compiling:   0%|                                          | 0/1 [00:00<?, ?it/s]compiling deq8_q5k_10240_5120                     : 100%|█| 1/1 [00:00<00:00, 2670.77it/s]compiling deq8_q5k_10240_5120                     : 100%|█| 1/1 [00:00<00:00, 2460.15it/s]
scheduled    25 kernels in    11.09 ms | CACHE MISS 5108b4c3 |   38667 uops in cache | <frozen runpy>:88
compiling:   0%|                                          | 0/2 [00:00<?, ?it/s]compiling deq8_q4k_5120_17408                     :  50%|▌| 1/2 [00:00<00:00, 433.93it/s]compiling deq8_q6k_10240_5120                     : 100%|█| 2/2 [00:00<00:00, 847.60it/s]
scheduled    19 kernels in     7.96 ms | CACHE MISS 1522560f |   38830 uops in cache | <frozen runpy>:88
compiling:   0%|                                          | 0/3 [00:00<?, ?it/s]compiling deq8_q5k_1024_5120                      :  33%|▎| 1/3 [00:00<00:00, 492.48it/s]compiling deq8_q4k_12288_5120                     : 100%|█| 3/3 [00:00<00:00, 1205.63it/s]
scheduled    25 kernels in    10.88 ms | CACHE MISS 815879ac |   38490 uops in cache | <frozen runpy>:88
scheduled    25 kernels in    10.91 ms | CACHE MISS df6cb6c0 |   38604 uops in cache | <frozen runpy>:88
scheduled    25 kernels in    10.51 ms | CACHE MISS 304d5963 |   38716 uops in cache | <frozen runpy>:88
scheduled    19 kernels in     8.05 ms | CACHE MISS 657c7d36 |   38869 uops in cache | <frozen runpy>:88
compiling:   0%|                                          | 0/3 [00:00<?, ?it/s]compiling deq8_q8_0_1024_5120                     :  33%|▎| 1/3 [00:00<00:00, 441.89it/s]compiling deq8_q5k_12288_5120                     : 100%|█| 3/3 [00:00<00:00, 1079.91it/s]
scheduled    25 kernels in    11.24 ms | CACHE MISS 46711125 |   38528 uops in cache | <frozen runpy>:88
scheduled    25 kernels in    10.56 ms | CACHE MISS 0ac3852e |   38644 uops in cache | <frozen runpy>:88
compiling:   0%|                                          | 0/1 [00:00<?, ?it/s]compiling deq8_q3k_17408_5120                     : 100%|█| 1/1 [00:00<00:00, 2907.70it/s]compiling deq8_q3k_17408_5120                     : 100%|█| 1/1 [00:00<00:00, 2664.63it/s]
scheduled    25 kernels in    10.76 ms | CACHE MISS e401c758 |   38777 uops in cache | <frozen runpy>:88
compiling:   0%|                                          | 0/3 [00:00<?, ?it/s]compiling deq8_q3k_17408_5120                     :  33%|▎| 1/3 [00:00<00:00, 494.88it/s]compiling deq8_q4k_5120_6144                      : 100%|█| 3/3 [00:00<00:00, 1297.20it/s]
scheduled    19 kernels in     7.90 ms | CACHE MISS 2b88cdc8 |   38883 uops in cache | <frozen runpy>:88
compiling:   0%|                                          | 0/2 [00:00<?, ?it/s]compiling deq8_q4k_12288_5120                     :  50%|▌| 1/2 [00:00<00:00, 499.50it/s]compiling deq8_iq4xs_5120_6144                    : 100%|█| 2/2 [00:00<00:00, 872.82it/s]
scheduled    25 kernels in    10.88 ms | CACHE MISS be7f7844 |   38543 uops in cache | <frozen runpy>:88
compiling:   0%|                                          | 0/1 [00:00<?, ?it/s]compiling deq8_q4k_6144_5120                      : 100%|█| 1/1 [00:00<00:00, 2872.40it/s]compiling deq8_q4k_6144_5120                      : 100%|█| 1/1 [00:00<00:00, 2613.18it/s]
scheduled    25 kernels in    11.10 ms | CACHE MISS 64660b6e |   38665 uops in cache | <frozen runpy>:88
compiling:   0%|                                          | 0/2 [00:00<?, ?it/s]compiling deq8_iq4xs_6144_5120                    :  50%|▌| 1/2 [00:00<00:00, 480.79it/s]compiling deq8_iq4nl_17408_5120                   : 100%|█| 2/2 [00:00<00:00, 937.28it/s]
scheduled    25 kernels in     2.18 ms |  cache hit df6cb6c0 |   38780 uops in cache | <frozen runpy>:88
scheduled    19 kernels in     7.74 ms | CACHE MISS b1275bd0 |   38874 uops in cache | <frozen runpy>:88
scheduled    25 kernels in    10.83 ms | CACHE MISS f057a492 |   38528 uops in cache | <frozen runpy>:88
scheduled    25 kernels in    10.86 ms | CACHE MISS bddec6b2 |   38644 uops in cache | <frozen runpy>:88
compiling:   0%|                                          | 0/1 [00:00<?, ?it/s]compiling deq8_iq4nl_10240_5120                   : 100%|█| 1/1 [00:00<00:00, 2596.24it/s]compiling deq8_iq4nl_10240_5120                   : 100%|█| 1/1 [00:00<00:00, 2404.92it/s]
scheduled    25 kernels in    10.54 ms | CACHE MISS 50012819 |   38758 uops in cache | <frozen runpy>:88
scheduled    19 kernels in     7.62 ms | CACHE MISS 1ffe7fcb |   38856 uops in cache | <frozen runpy>:88
compiling:   0%|                                          | 0/1 [00:00<?, ?it/s]compiling deq8_q5k_17408_5120                     : 100%|█| 1/1 [00:00<00:00, 2711.57it/s]compiling deq8_q5k_17408_5120                     : 100%|█| 1/1 [00:00<00:00, 2510.40it/s]
scheduled    25 kernels in    10.55 ms | CACHE MISS 8cf41438 |   38511 uops in cache | <frozen runpy>:88
scheduled    25 kernels in    10.87 ms | CACHE MISS 484ed8e9 |   38623 uops in cache | <frozen runpy>:88
scheduled    25 kernels in    10.71 ms | CACHE MISS a92106c4 |   38735 uops in cache | <frozen runpy>:88
scheduled    19 kernels in     7.73 ms | CACHE MISS 41f75fcf |   38832 uops in cache | <frozen runpy>:88
compiling:   0%|                                          | 0/1 [00:00<?, ?it/s]compiling deq8_iq4xs_12288_5120                   : 100%|█| 1/1 [00:00<00:00, 2877.42it/s]compiling deq8_iq4xs_12288_5120                   : 100%|█| 1/1 [00:00<00:00, 2654.62it/s]
scheduled    25 kernels in    10.78 ms | CACHE MISS c4c4f645 |   38496 uops in cache | <frozen runpy>:88
compiling:   0%|                                          | 0/2 [00:00<?, ?it/s]compiling deq8_iq4nl_17408_5120                   :  50%|▌| 1/2 [00:00<00:00, 429.75it/s]compiling deq8_q6k_6144_5120                      : 100%|█| 2/2 [00:00<00:00, 773.26it/s]
scheduled    25 kernels in     2.28 ms |  cache hit df6cb6c0 |   38610 uops in cache | <frozen runpy>:88
scheduled    25 kernels in    10.56 ms | CACHE MISS 9b95146f |   38722 uops in cache | <frozen runpy>:88
scheduled    19 kernels in     7.73 ms | CACHE MISS 40c18d09 |   38816 uops in cache | <frozen runpy>:88
scheduled    25 kernels in    10.85 ms | CACHE MISS 47b3d827 |   38470 uops in cache | <frozen runpy>:88
scheduled    25 kernels in    10.52 ms | CACHE MISS 6eb23fa6 |   38582 uops in cache | <frozen runpy>:88
scheduled    25 kernels in    10.88 ms | CACHE MISS cf77a060 |   38694 uops in cache | <frozen runpy>:88
scheduled    19 kernels in     7.82 ms | CACHE MISS 95f21bc6 |   38786 uops in cache | <frozen runpy>:88
scheduled    25 kernels in     2.43 ms |  cache hit f057a492 |   38439 uops in cache | <frozen runpy>:88
scheduled    25 kernels in    11.12 ms | CACHE MISS f62fa195 |   38557 uops in cache | <frozen runpy>:88
compiling:   0%|                                          | 0/1 [00:00<?, ?it/s]compiling deq8_iq4xs_10240_5120                   : 100%|█| 1/1 [00:00<00:00, 2277.72it/s]compiling deq8_iq4xs_10240_5120                   : 100%|█| 1/1 [00:00<00:00, 2123.01it/s]
scheduled    25 kernels in    10.76 ms | CACHE MISS ada31805 |   38671 uops in cache | <frozen runpy>:88
scheduled    19 kernels in     8.83 ms | CACHE MISS a5dec5e4 |   38763 uops in cache | <frozen runpy>:88
scheduled    25 kernels in    11.85 ms | CACHE MISS fe7720df |   38417 uops in cache | <frozen runpy>:88
scheduled    25 kernels in    11.03 ms | CACHE MISS fdd2bcc3 |   38529 uops in cache | <frozen runpy>:88
scheduled    25 kernels in     2.17 ms |  cache hit fdd2bcc3 |   38640 uops in cache | <frozen runpy>:88
scheduled    19 kernels in     7.83 ms | CACHE MISS 2f61ea8a |   38732 uops in cache | <frozen runpy>:88
scheduled    25 kernels in    11.08 ms | CACHE MISS 50e9bc67 |   38386 uops in cache | <frozen runpy>:88
scheduled    25 kernels in    10.77 ms | CACHE MISS b2a7be06 |   38498 uops in cache | <frozen runpy>:88
scheduled    25 kernels in    10.55 ms | CACHE MISS ea2bc131 |   38610 uops in cache | <frozen runpy>:88
scheduled    19 kernels in     7.55 ms | CACHE MISS 964614cd |   38702 uops in cache | <frozen runpy>:88
scheduled    25 kernels in    10.95 ms | CACHE MISS 832aab73 |   38356 uops in cache | <frozen runpy>:88
scheduled    25 kernels in    10.82 ms | CACHE MISS c676b6ba |   38468 uops in cache | <frozen runpy>:88
scheduled    25 kernels in    10.46 ms | CACHE MISS 77dd3ac4 |   38580 uops in cache | <frozen runpy>:88
scheduled    19 kernels in     7.56 ms | CACHE MISS dcdf4d2b |   38672 uops in cache | <frozen runpy>:88
scheduled    25 kernels in    10.85 ms | CACHE MISS f109b379 |   38326 uops in cache | <frozen runpy>:88
scheduled    25 kernels in     2.21 ms |  cache hit fdd2bcc3 |   38437 uops in cache | <frozen runpy>:88
scheduled    25 kernels in     2.30 ms |  cache hit fdd2bcc3 |   38548 uops in cache | <frozen runpy>:88
scheduled    19 kernels in     7.64 ms | CACHE MISS ef606b37 |   38640 uops in cache | <frozen runpy>:88
scheduled    25 kernels in    11.31 ms | CACHE MISS 0f044cac |   38300 uops in cache | <frozen runpy>:88
compiling:   0%|                                          | 0/1 [00:00<?, ?it/s]compiling deq8_q6k_5120_17408                     : 100%|█| 1/1 [00:00<00:00, 2942.51it/s]compiling deq8_q6k_5120_17408                     : 100%|█| 1/1 [00:00<00:00, 2701.37it/s]
scheduled    25 kernels in    10.77 ms | CACHE MISS 7696d530 |   38414 uops in cache | <frozen runpy>:88
scheduled    25 kernels in    10.61 ms | CACHE MISS de29ad57 |   38531 uops in cache | <frozen runpy>:88
compiling:   0%|                                          | 0/1 [00:00<?, ?it/s]compiling deq8_q6k_17408_5120                     : 100%|█| 1/1 [00:00<00:00, 2880.89it/s]compiling deq8_q6k_17408_5120                     : 100%|█| 1/1 [00:00<00:00, 2662.40it/s]
scheduled    19 kernels in     7.80 ms | CACHE MISS ba5f0235 |   38631 uops in cache | <frozen runpy>:88
compiling:   0%|                                          | 0/1 [00:00<?, ?it/s]compiling deq8_q6k_17408_5120                     : 100%|█| 1/1 [00:00<00:00, 2840.88it/s]compiling deq8_q6k_17408_5120                     : 100%|█| 1/1 [00:00<00:00, 2597.54it/s]
scheduled    25 kernels in    10.72 ms | CACHE MISS 58b46a22 |   38286 uops in cache | <frozen runpy>:88
scheduled    25 kernels in     2.22 ms |  cache hit a92106c4 |   38397 uops in cache | <frozen runpy>:88
scheduled    25 kernels in     2.18 ms |  cache hit 484ed8e9 |   38508 uops in cache | <frozen runpy>:88
scheduled    19 kernels in     7.68 ms | CACHE MISS 7b91839b |   38600 uops in cache | <frozen runpy>:88
scheduled  1137 kernels in  7852.51 ms | CACHE MISS 55c75d34 |   49903 uops in cache | <frozen runpy>:88
memory reduced from 20.24 MB -> 10.75 MB, 538 -> 1 bufs
compiling:   0%|                                         | 0/51 [00:00<?, ?it/s]compiling rmsnorm_quant_5120_float                :   2%| | 1/51 [00:00<00:00, 203.72it/s]compiling gemv_q6k_248320_5120_t1_r2_u2_w128_g31040:   4%| | 2/51 [00:00<00:00, 399.99it/s]compiling E[90m_[0m[36m2[0m                                     :   6%| | 3/51 [00:00<00:00, 210.82it/s]compiling E[90m_[0m[33m2[0m                                     :   8%| | 4/51 [00:00<00:00, 266.63it/s]compiling E[90m_[0m[33m2[0m                                     :  12%| | 6/51 [00:00<00:00, 331.23it/s]compiling E[90m_[0m[33m2[0m                                     :  18%|▏| 9/51 [00:00<00:00, 347.17it/s]compiling E[90m_[0m[33m3[0m                                     :  24%|▏| 12/51 [00:00<00:00, 278.43it/s]compiling E[90m_[0m[34m40[0m[90m_[0m[36m32[0m[90m_[0m[33m4[0m                               :  27%|▎| 14/51 [00:00<00:00, 275.06it/s]compiling quant_x_2621440_float_b128              :  31%|▎| 16/51 [00:00<00:00, 288.78it/s]compiling deq8_q6k_5120_10240                     :  35%|▎| 18/51 [00:00<00:00, 320.28it/s]compiling deq8_q8_0_1024_5120                     :  41%|▍| 21/51 [00:00<00:00, 348.43it/s]compiling E[90m_[0m[33m2[0m                                     :  47%|▍| 24/51 [00:00<00:00, 327.22it/s]compiling r[90m_[0m[34m2[0m[90m_[0m[36m32[0m[90m_[0m[33m4[0m[90m_[0m[31m970[0m                            :  53%|▌| 27/51 [00:00<00:00, 275.95it/s]compiling E[90m_[0m[34m32[0m[90m_[0m[34m320[0m[90m_[0m[36m8[0m[90m_[0m[36m16[0m[90m_[0m[33m2[0m                         :  55%|▌| 28/51 [00:00<00:00, 279.27it/s]compiling r[90m_[0m[91m16[0m[90m_[0m[31m16[0m                                 :  59%|▌| 30/51 [00:00<00:00, 296.15it/s]compiling r[90m_[0m[91m16[0m[90m_[0m[31m16[0m                                 :  63%|▋| 32/51 [00:00<00:00, 305.86it/s]compiling attn_prep_24_4_256_64_98312_11_k4jv4    :  65%|▋| 33/51 [00:00<00:00, 312.86it/s]compiling attn_pfd_24_4_256_64_98312_11_k4jv4_c256:  71%|▋| 36/51 [00:00<00:00, 321.86it/s]compiling gemv_q6k_5120_17408_t1_r1_u2_w128_g1280_res:  76%|▊| 39/51 [00:00<00:00, 339.14it/s]compiling E[90m_[0m[34m40[0m[90m_[0m[36m32[0m[90m_[0m[33m4[0m                               :  82%|▊| 42/51 [00:00<00:00, 314.76it/s]compiling E[90m_[0m[34m2[0m[90m_[0m[36m32[0m[90m_[0m[33m4[0m                                :  88%|▉| 45/51 [00:00<00:00, 306.64it/s]compiling E[90m_[0m[34m3880[0m[90m_[0m[36m32[0m[90m_[0m[33m2[0m                             :  94%|▉| 48/51 [00:00<00:00, 292.55it/s]compiling r[90m_[0m[34m3[0m[90m_[0m[91m16[0m[90m_[0m[31m16[0m                               :  98%|▉| 50/51 [00:00<00:00, 292.38it/s]compiling E[90m_[0m[34m5[0m[90m_[0m[34m2[0m[90m_[0m[36m4[0m[90m_[0m[36m2[0m[90m_[0m[36m16[0m[90m_[0m[33m2[0m[90m_[0m[33m2[0m                        : 100%|█| 51/51 [00:00<00:00, 210.37it/s]
scheduled   711 kernels in   668.30 ms | CACHE MISS 6b669fb2 |   54852 uops in cache | <frozen runpy>:88
memory reduced from 8.43 MB -> 4.97 MB, 33 -> 1 bufs
compiling:   0%|                                         | 0/80 [00:00<?, ?it/s]compiling gather_rows_4_2880                      :   1%| | 1/80 [00:00<00:00, 276.31it/s]compiling rmsnorm_quant_5120_float                :   2%| | 2/80 [00:00<00:00, 333.50it/s]compiling gdn_conv_10240_4_t4                     :   4%| | 3/80 [00:00<00:00, 480.14it/s]compiling gdn_step_48_16_128_128_t4               :   5%| | 4/80 [00:00<00:00, 587.64it/s]compiling gemv_multi_q5k10240_q5k6144_q8_048_q8_048_5120_t4_r2u2g640_r2u2g384_r2u2g3_r2u2g3:   6%| | 5/80 [00:00<00:00, 544.53it/s]compiling E[90m_[0m[33m2[0m                                     :  12%|▏| 10/80 [00:00<00:00, 850.63it/s]compiling attn_prep_24_4_256_64_98312_11_k4jv4    :  20%|▏| 16/80 [00:00<00:00, 790.56it/s]compiling gemv_multi_q4k17408_q5k17408_5120_t4_r2u2g1088_r2u2g1088:  26%|▎| 21/80 [00:00<00:00, 777.84it/s]compiling gemv_multi_q4k17408_iq4xs17408_5120_t4_r2u2g1088_r2u2g1088:  35%|▎| 28/80 [00:00<00:00, 753.37it/s]compiling gemv_multi_q3k17408_iq4xs17408_5120_t4_r2u2g1088_r2u2g1088:  44%|▍| 35/80 [00:00<00:00, 699.59it/s]compiling gemv_multi_iq4nl17408_iq4xs17408_5120_t4_r2u2g1088_r2u2g1088:  45%|▍| 36/80 [00:00<00:00, 710.18it/s]compiling gemv_multi_q4k12288_q5k1024_q8_01024_5120_t4_r2u2g768_r2u2g64_r2u2g64:  52%|▌| 42/80 [00:00<00:00, 615.20it/s]compiling r[90m_[0m[34m1940[0m[90m_[0m[36m32[0m[90m_[0m[33m4[0m[90m_[0m[31m16[0m[90m_[0m[35m4[0m                        :  60%|▌| 48/80 [00:00<00:00, 439.07it/s]compiling gemv_multi_q5k12288_q6k1024_q6k1024_5120_t4_r2u2g768_r2u2g64_r2u2g64:  65%|▋| 52/80 [00:00<00:00, 404.00it/s]compiling gemv_q6k_5120_17408_t4_r2_u2_w128_g640_res:  70%|▋| 56/80 [00:00<00:00, 402.32it/s]compiling r[90m_[0m[34m8[0m[90m_[0m[36m32[0m[90m_[0m[33m4[0m[90m_[0m[31m970[0m                            :  75%|▊| 60/80 [00:00<00:00, 254.94it/s]compiling r[90m_[0m[34m4[0m[90m_[0m[91m16[0m[90m_[0m[31m16[0m                               :  78%|▊| 62/80 [00:00<00:00, 205.20it/s]compiling r[90m_[0m[34m4[0m[90m_[0m[36m4[0m[90m_[0m[36m16[0m[90m_[0m[33m4[0m[90m_[0m[31m970[0m                          :  80%|▊| 64/80 [00:00<00:00, 132.88it/s]compiling E[90m_[0m[34m7760[0m[90m_[0m[36m32[0m[90m_[0m[33m4[0m                             :  81%|▊| 65/80 [00:00<00:00, 128.53it/s]compiling E[90m_[0m[33m3[0m                                     :  82%|▊| 66/80 [00:00<00:00, 116.03it/s]compiling gemv_q6k_5120_10240_t4_r2_u2_w128_g640  :  84%|▊| 67/80 [00:00<00:00, 115.31it/s]compiling gemv_multi_q6k12288_q8_01024_q8_01024_5120_t4_r2u2g768_r2u2g64_r2u2g64:  85%|▊| 68/80 [00:00<00:00, 115.09it/s]compiling r[90m_[0m[33m3[0m[90m_[0m[35m3[0m[90m_[0m[35m3[0m                                 :  86%|▊| 69/80 [00:00<00:00, 114.90it/s]compiling E[90m_[0m[33m4[0m                                     :  88%|▉| 70/80 [00:00<00:00, 110.09it/s]compiling E[90m_[0m[33m7[0m                                     :  89%|▉| 71/80 [00:00<00:00, 106.66it/s]compiling E[90m_[0m[33m7[0m                                     :  90%|▉| 72/80 [00:00<00:00, 99.51it/s]compiling quant_x_40960_float                     :  91%|▉| 73/80 [00:00<00:00, 89.13it/s]compiling r[90m_[0m[35m3[0m[90m_[0m[35m3[0m                                   :  92%|▉| 74/80 [00:00<00:00, 75.40it/s]compiling E[90m_[0m[33m5[0m                                     :  94%|▉| 75/80 [00:01<00:00, 66.78it/s]compiling E[90m_[0m[33m3[0m                                     :  95%|▉| 76/80 [00:01<00:00, 66.77it/s]compiling E[90m_[0m[34m320[0m[90m_[0m[36m4[0m[90m_[0m[36m16[0m[90m_[0m[33m2[0m                            :  96%|▉| 77/80 [00:01<00:00, 60.94it/s]compiling E[90m_[0m[34m1940[0m[90m_[0m[36m32[0m[90m_[0m[33m4[0m                             :  98%|▉| 78/80 [00:01<00:00, 57.09it/s]compiling E[90m_[0m[33m6[0m                                     :  99%|▉| 79/80 [00:01<00:00, 57.63it/s]compiling E[90m_[0m[34m40[0m[90m_[0m[36m32[0m[90m_[0m[33m4[0m                               : 100%|█| 80/80 [00:01<00:00, 58.35it/s]compiling E[90m_[0m[34m40[0m[90m_[0m[36m32[0m[90m_[0m[33m4[0m                               : 100%|█| 80/80 [00:01<00:00, 58.34it/s]
scheduled  1444 kernels in  1578.46 ms | CACHE MISS 6c6a96f2 |   63257 uops in cache | <frozen runpy>:88
JIT captured 1 linears with 3 inputs
memory reduced from 7664.74 MB -> 74.91 MB, 1841 -> 1 bufs
compiling:   0%|                                          | 0/5 [00:00<?, ?it/s]compiling E[90m_[0m[33m2[0m                                     :  20%|▏| 1/5 [00:00<00:00, 43.26it/s]compiling E[90m_[0m[34m2[0m[90m_[0m[36m32[0m[90m_[0m[33m4[0m                                :  40%|▍| 2/5 [00:00<00:00, 81.93it/s]compiling E[90m_[0m[34m2[0m[90m_[0m[36m32[0m[90m_[0m[33m4[0m                                :  60%|▌| 3/5 [00:00<00:00, 48.21it/s]compiling E[90m_[0m[33m3[0m                                     :  80%|▊| 4/5 [00:00<00:00, 52.76it/s]compiling E[90m_[0m[33m3[0m                                     : 100%|█| 5/5 [00:00<00:00, 26.48it/s]compiling E[90m_[0m[33m3[0m                                     : 100%|█| 5/5 [00:00<00:00, 26.47it/s]
scheduled   711 kernels in    46.05 ms |  cache hit 6b669fb2 |   62320 uops in cache | <frozen runpy>:88
JIT captured 1 linears with 3 inputs
memory reduced from 810.86 MB -> 46.73 MB, 1886 -> 1 bufs
scheduled     2 kernels in     2.78 ms | CACHE MISS 0e9565f2 |   50727 uops in cache | <frozen runpy>:88
scheduled   712 kernels in   774.23 ms | CACHE MISS a233a5a9 |   67426 uops in cache | <frozen runpy>:88
memory reduced from 9.51 MB -> 5.97 MB, 34 -> 1 bufs
compiling:   0%|                                         | 0/77 [00:00<?, ?it/s]compiling gather_rows_5_2880                      :   1%| | 1/77 [00:00<00:00, 386.44it/s]compiling gdn_conv_10240_4_t5                     :   4%| | 3/77 [00:00<00:00, 512.27it/s]compiling gemv_q8_0_5120_6144_t5_r2_u2_w128_g640_res:   6%| | 5/77 [00:00<00:00, 765.40it/s]compiling gemv_multi_iq4xs17408_q3k17408_5120_t5_r2u2g1088_r2u2g1088:   9%| | 7/77 [00:00<00:00, 960.09it/s]compiling gemv_multi_q5k10240_q5k6144_q8_048_q8_048_5120_t5_r2u2g640_r2u2g384_r2u2g3_r2u2g3:  12%| | 9/77 [00:00<00:00, 815.94it/s]compiling attn_merge_mq_24_256_98312_256_1        :  21%|▏| 16/77 [00:00<00:00, 838.26it/s]compiling gemv_q4k_5120_17408_t5_r2_u2_w128_g640_res:  31%|▎| 24/77 [00:00<00:00, 884.94it/s]compiling gemv_multi_q3k17408_iq4xs17408_5120_t5_r2u2g1088_r2u2g1088:  42%|▍| 32/77 [00:00<00:00, 916.45it/s]compiling gemv_multi_iq4nl17408_iq4xs17408_5120_t5_r2u2g1088_r2u2g1088:  47%|▍| 36/77 [00:00<00:00, 932.49it/s]compiling gemv_multi_q5k10240_q6k6144_q8_048_q8_048_5120_t5_r2u2g640_r2u2g384_r2u2g3_r2u2g3:  58%|▌| 45/77 [00:00<00:00, 895.20it/s]compiling gemv_multi_q5k12288_q8_01024_q8_01024_5120_t5_r2u2g768_r2u2g64_r2u2g64:  62%|▌| 48/77 [00:00<00:00, 897.39it/s]compiling gemv_q6k_248320_5120_t5_r2_u2_w128_g31040:  73%|▋| 56/77 [00:00<00:00, 867.10it/s]compiling E[90m_[0m[34m19400[0m[90m_[0m[36m32[0m[90m_[0m[33m2[0m                            :  83%|▊| 64/77 [00:00<00:00, 354.14it/s]compiling E[90m_[0m[33m4[0m                                     :  86%|▊| 66/77 [00:00<00:00, 313.25it/s]compiling E[90m_[0m[34m7760[0m[90m_[0m[36m32[0m[90m_[0m[33m5[0m                             :  90%|▉| 69/77 [00:00<00:00, 294.60it/s]compiling r[90m_[0m[35m3[0m[90m_[0m[35m3[0m                                   :  91%|▉| 70/77 [00:00<00:00, 298.22it/s]compiling E[90m_[0m[36m2[0m[90m_[0m[33m4[0m                                   :  94%|▉| 72/77 [00:00<00:00, 280.54it/s]compiling r[90m_[0m[34m5[0m[90m_[0m[34m4[0m[90m_[0m[36m16[0m[90m_[0m[33m4[0m[90m_[0m[31m970[0m                          :  96%|▉| 74/77 [00:00<00:00, 265.47it/s]compiling E[90m_[0m[34m150[0m[90m_[0m[36m32[0m[90m_[0m[33m3[0m                              :  99%|▉| 76/77 [00:00<00:00, 219.87it/s]compiling E[90m_[0m[34m25[0m[90m_[0m[34m2[0m[90m_[0m[36m4[0m[90m_[0m[36m2[0m[90m_[0m[36m16[0m[90m_[0m[33m2[0m[90m_[0m[33m2[0m                       : 100%|█| 77/77 [00:00<00:00, 200.64it/s]
scheduled   712 kernels in   805.68 ms | CACHE MISS 92308a9b |   72709 uops in cache | <frozen runpy>:88
memory reduced from 10.59 MB -> 6.96 MB, 34 -> 1 bufs
compiling:   0%|                                         | 0/77 [00:00<?, ?it/s]compiling gather_rows_6_2880                      :   1%| | 1/77 [00:00<00:00, 412.78it/s]compiling gdn_step_48_16_128_128_t6               :   5%| | 4/77 [00:00<00:00, 581.19it/s]compiling silumul_quant_17408_float_t6            :   6%| | 5/77 [00:00<00:00, 703.25it/s]compiling gemv_multi_q5k10240_q5k6144_q8_048_q8_048_5120_t6_r2u2g640_r2u2g384_r2u2g3_r2u2g3:   9%| | 7/77 [00:00<00:00, 587.82it/s]compiling gemv_iq4nl_5120_17408_t6_r2_u2_w128_g640_res:  13%|▏| 10/77 [00:00<00:00, 689.17it/s]compiling E[90m_[0m[33m3[0m                                     :  16%|▏| 12/77 [00:00<00:00, 748.76it/s]compiling E[90m_[0m[34m180[0m[90m_[0m[36m32[0m[90m_[0m[33m3[0m                              :  18%|▏| 14/77 [00:00<00:00, 773.15it/s]compiling gemv_multi_q4k17408_q5k17408_5120_t6_r2u2g1088_r2u2g1088:  27%|▎| 21/77 [00:00<00:00, 721.98it/s]compiling gemv_multi_q4k17408_iq4xs17408_5120_t6_r2u2g1088_r2u2g1088:  36%|▎| 28/77 [00:00<00:00, 758.56it/s]compiling gemv_multi_q5k10240_iq4xs6144_q8_048_q8_048_5120_t6_r2u2g640_r2u2g384_r2u2g3_r2u2g3:  45%|▍| 35/77 [00:00<00:00, 797.44it/s]compiling gemv_multi_iq4nl10240_q5k6144_q8_048_q8_048_5120_t6_r2u2g640_r2u2g384_r2u2g3_r2u2g3:  55%|▌| 42/77 [00:00<00:00, 721.00it/s]compiling gemv_multi_iq4xs10240_q5k6144_q8_048_q8_048_5120_t6_r2u2g640_r2u2g384_r2u2g3_r2u2g3:  64%|▋| 49/77 [00:00<00:00, 606.48it/s]compiling gemv_multi_q6k17408_q6k17408_5120_t6_r2u2g1088_r2u2g1088:  70%|▋| 54/77 [00:00<00:00, 533.97it/s]compiling gemv_q6k_248320_5120_t6_r2_u2_w128_g31040:  71%|▋| 55/77 [00:00<00:00, 528.60it/s]compiling gdn_conv_10240_4_t6                     :  78%|▊| 60/77 [00:00<00:00, 263.82it/s]compiling r[90m_[0m[34m2[0m[90m_[0m[34m4[0m[90m_[0m[36m3[0m[90m_[0m[36m16[0m[90m_[0m[33m4[0m[90m_[0m[31m970[0m                        :  81%|▊| 62/77 [00:00<00:00, 210.09it/s]compiling E[90m_[0m[34m30[0m[90m_[0m[34m2[0m[90m_[0m[36m4[0m[90m_[0m[36m2[0m[90m_[0m[36m16[0m[90m_[0m[33m2[0m[90m_[0m[33m2[0m                       :  83%|▊| 64/77 [00:00<00:00, 181.88it/s]compiling quant_x_61440_float                     :  84%|▊| 65/77 [00:00<00:00, 182.48it/s]compiling gemv_q6k_5120_10240_t6_r2_u2_w128_g640  :  86%|▊| 66/77 [00:00<00:00, 181.21it/s]compiling gemv_multi_q6k12288_q8_01024_q8_01024_5120_t6_r2u2g768_r2u2g64_r2u2g64:  87%|▊| 67/77 [00:00<00:00, 175.45it/s]compiling E[90m_[0m[34m2[0m[90m_[0m[34m320[0m[90m_[0m[36m3[0m[90m_[0m[36m16[0m[90m_[0m[33m2[0m                          :  88%|▉| 68/77 [00:00<00:00, 171.57it/s]compiling E[90m_[0m[33m6[0m                                     :  90%|▉| 69/77 [00:00<00:00, 156.21it/s]compiling r[90m_[0m[34m6[0m[90m_[0m[91m16[0m[90m_[0m[31m16[0m                               :  91%|▉| 70/77 [00:00<00:00, 145.62it/s]compiling r[90m_[0m[35m3[0m[90m_[0m[35m3[0m                                   :  92%|▉| 71/77 [00:00<00:00, 138.98it/s]compiling E[90m_[0m[33m4[0m                                     :  94%|▉| 72/77 [00:00<00:00, 130.97it/s]compiling E[90m_[0m[34m40[0m[90m_[0m[36m32[0m[90m_[0m[33m4[0m                               :  95%|▉| 73/77 [00:00<00:00, 132.73it/s]compiling E[90m_[0m[34m3[0m[90m_[0m[36m3[0m                                   :  96%|▉| 74/77 [00:00<00:00, 127.86it/s]compiling E[90m_[0m[33m6[0m                                     :  97%|▉| 75/77 [00:00<00:00, 129.03it/s]compiling E[90m_[0m[33m7[0m                                     :  99%|▉| 76/77 [00:00<00:00, 126.94it/s]compiling E[90m_[0m[33m5[0m                                     : 100%|█| 77/77 [00:00<00:00, 83.66it/s]compiling E[90m_[0m[33m5[0m                                     : 100%|█| 77/77 [00:00<00:00, 83.64it/s]
scheduled   712 kernels in  1095.63 ms | CACHE MISS 0a316804 |   77187 uops in cache | <frozen runpy>:88
memory reduced from 11.67 MB -> 7.95 MB, 34 -> 1 bufs
compiling:   0%|                                         | 0/77 [00:00<?, ?it/s]compiling gather_rows_7_2880                      :   1%| | 1/77 [00:00<00:00, 276.38it/s]compiling silumul_quant_17408_float_t7            :   3%| | 2/77 [00:00<00:00, 127.05it/s]compiling gemv_multi_iq4xs17408_q3k17408_5120_t7_r2u2g1088_r2u2g1088:   4%| | 3/77 [00:00<00:00, 151.21it/s]compiling gemv_iq4xs_5120_17408_t7_r2_u2_w128_g640_res:   5%| | 4/77 [00:00<00:00, 196.44it/s]compiling E[90m_[0m[33m3[0m                                     :   6%| | 5/77 [00:00<00:00, 177.85it/s]compiling gemv_multi_q4k10240_q4k6144_q8_048_q8_048_5120_t7_r2u2g640_r2u2g384_r2u2g3_r2u2g3:   8%| | 6/77 [00:00<00:00, 178.27it/s]compiling gemv_q6k_5120_6144_t7_r2_u2_w128_g640_res:   9%| | 7/77 [00:00<00:00, 202.42it/s]compiling gemv_iq4nl_5120_17408_t7_r2_u2_w128_g640_res:  10%| | 8/77 [00:00<00:00, 224.93it/s]compiling gemv_multi_q5k12288_q4k1024_q5k1024_5120_t7_r2u2g768_r2u2g64_r2u2g64:  13%|▏| 10/77 [00:00<00:00, 227.82it/s]compiling attn_prep_24_4_256_64_98312_11_k4jv4    :  16%|▏| 12/77 [00:00<00:00, 237.86it/s]compiling attn_merge_mq_24_256_98312_256_1        :  18%|▏| 14/77 [00:00<00:00, 230.00it/s]compiling gemv_q5k_5120_17408_t7_r2_u2_w128_g640_res:  21%|▏| 16/77 [00:00<00:00, 230.00it/s]compiling gemv_multi_iq4xs17408_q4k17408_5120_t7_r2u2g1088_r2u2g1088:  23%|▏| 18/77 [00:00<00:00, 225.11it/s]compiling gemv_q4k_5120_17408_t7_r2_u2_w128_g640_res:  26%|▎| 20/77 [00:00<00:00, 204.48it/s]compiling gemv_multi_iq4xs17408_q5k17408_5120_t7_r2u2g1088_r2u2g1088:  29%|▎| 22/77 [00:00<00:00, 187.94it/s]compiling gemv_multi_q4k17408_iq4xs17408_5120_t7_r2u2g1088_r2u2g1088:  30%|▎| 23/77 [00:00<00:00, 186.52it/s]compiling gemv_multi_q5k12288_q6k1024_q8_01024_5120_t7_r2u2g768_r2u2g64_r2u2g64:  31%|▎| 24/77 [00:00<00:00, 171.63it/s]compiling E[90m_[0m[34m27160[0m[90m_[0m[36m32[0m[90m_[0m[33m2[0m                            :  32%|▎| 25/77 [00:00<00:00, 85.97it/s]compiling gemv_multi_q3k17408_iq4xs17408_5120_t7_r2u2g1088_r2u2g1088:  34%|▎| 26/77 [00:00<00:00, 87.04it/s]compiling gemv_q4k_5120_6144_t7_r2_u2_w128_g640_res:  35%|▎| 27/77 [00:00<00:00, 88.52it/s]compiling gemv_iq3s_5120_17408_t7_r2_u2_w512_g160_res:  36%|▎| 28/77 [00:00<00:00, 90.03it/s]compiling gemv_multi_q4k12288_q6k1024_q8_01024_5120_t7_r2u2g768_r2u2g64_r2u2g64:  38%|▍| 29/77 [00:00<00:00, 89.81it/s]compiling gemv_iq4xs_5120_6144_t7_r2_u2_w128_g640_res:  39%|▍| 30/77 [00:00<00:00, 90.39it/s]compiling rmsnorm_quant_5120_float                :  40%|▍| 31/77 [00:00<00:00, 91.95it/s]compiling gemv_q8_0_5120_6144_t7_r2_u2_w128_g640_res:  42%|▍| 32/77 [00:00<00:00, 94.03it/s]compiling gdn_step_48_16_128_128_t7               :  43%|▍| 33/77 [00:00<00:00, 96.60it/s]compiling gdn_conv_10240_4_t7                     :  44%|▍| 34/77 [00:00<00:00, 99.27it/s]compiling gemv_multi_q5k10240_iq4xs6144_q8_048_q8_048_5120_t7_r2u2g640_r2u2g384_r2u2g3_r2u2g3:  45%|▍| 35/77 [00:00<00:00, 99.90it/s]compiling gemv_multi_iq4nl17408_iq4xs17408_5120_t7_r2u2g1088_r2u2g1088:  47%|▍| 36/77 [00:00<00:00, 101.37it/s]compiling gemv_multi_q4k12288_q6k1024_q6k1024_5120_t7_r2u2g768_r2u2g64_r2u2g64:  48%|▍| 37/77 [00:00<00:00, 102.71it/s]compiling gemv_multi_q4k12288_q5k1024_q8_01024_5120_t7_r2u2g768_r2u2g64_r2u2g64:  49%|▍| 38/77 [00:00<00:00, 104.75it/s]compiling gemv_multi_q5k17408_q5k17408_5120_t7_r2u2g1088_r2u2g1088:  51%|▌| 39/77 [00:00<00:00, 105.03it/s]compiling gemv_multi_iq4nl10240_q5k6144_q8_048_q8_048_5120_t7_r2u2g640_r2u2g384_r2u2g3_r2u2g3:  52%|▌| 40/77 [00:00<00:00, 106.97it/s]compiling gemv_multi_q4k17408_q4k17408_5120_t7_r2u2g1088_r2u2g1088:  53%|▌| 41/77 [00:00<00:00, 107.92it/s]compiling gemv_multi_iq4xs12288_q6k1024_q8_01024_5120_t7_r2u2g768_r2u2g64_r2u2g64:  55%|▌| 42/77 [00:00<00:00, 110.48it/s]compiling gemv_multi_iq4nl17408_q5k17408_5120_t7_r2u2g1088_r2u2g1088:  56%|▌| 43/77 [00:00<00:00, 113.07it/s]compiling gemv_multi_q5k17408_iq4nl17408_5120_t7_r2u2g1088_r2u2g1088:  57%|▌| 44/77 [00:00<00:00, 114.38it/s]compiling gemv_multi_q5k10240_q6k6144_q8_048_q8_048_5120_t7_r2u2g640_r2u2g384_r2u2g3_r2u2g3:  58%|▌| 45/77 [00:00<00:00, 115.13it/s]compiling gemv_multi_q5k12288_q8_01024_q8_01024_5120_t7_r2u2g768_r2u2g64_r2u2g64:  60%|▌| 46/77 [00:00<00:00, 116.76it/s]compiling gemv_multi_q5k10240_q4k6144_q8_048_q8_048_5120_t7_r2u2g640_r2u2g384_r2u2g3_r2u2g3:  61%|▌| 47/77 [00:00<00:00, 116.80it/s]compiling gemv_multi_q5k12288_q6k1024_q6k1024_5120_t7_r2u2g768_r2u2g64_r2u2g64:  62%|▌| 48/77 [00:00<00:00, 118.29it/s]compiling gemv_multi_iq4xs10240_q5k6144_q8_048_q8_048_5120_t7_r2u2g640_r2u2g384_r2u2g3_r2u2g3:  64%|▋| 49/77 [00:00<00:00, 119.92it/s]compiling E[90m_[0m[34m35[0m[90m_[0m[34m2[0m[90m_[0m[36m4[0m[90m_[0m[36m2[0m[90m_[0m[36m16[0m[90m_[0m[33m2[0m[90m_[0m[33m2[0m                       :  65%|▋| 50/77 [00:00<00:00, 121.62it/s]compiling gemv_multi_q4k10240_iq4xs6144_q8_048_q8_048_5120_t7_r2u2g640_r2u2g384_r2u2g3_r2u2g3:  66%|▋| 51/77 [00:00<00:00, 122.01it/s]compiling gemv_multi_q6k17408_q6k17408_5120_t7_r2u2g1088_r2u2g1088:  68%|▋| 52/77 [00:00<00:00, 123.91it/s]compiling gemv_q6k_5120_17408_t7_r2_u2_w128_g640_res:  69%|▋| 53/77 [00:00<00:00, 125.99it/s]compiling gemv_multi_iq4xs12288_q6k1024_q5k1024_5120_t7_r2u2g768_r2u2g64_r2u2g64:  70%|▋| 54/77 [00:00<00:00, 127.91it/s]compiling gemv_multi_q6k17408_q5k17408_5120_t7_r2u2g1088_r2u2g1088:  71%|▋| 55/77 [00:00<00:00, 129.55it/s]compiling gemv_multi_q5k10240_q5k6144_q8_048_q8_048_5120_t7_r2u2g640_r2u2g384_r2u2g3_r2u2g3:  73%|▋| 56/77 [00:00<00:00, 128.66it/s]compiling gemv_q6k_248320_5120_t7_r2_u2_w128_g31040:  74%|▋| 57/77 [00:00<00:00, 130.44it/s]compiling E[90m_[0m[33m2[0m                                     :  75%|▊| 58/77 [00:00<00:00, 132.45it/s]compiling E[90m_[0m[33m7[0m                                     :  77%|▊| 59/77 [00:00<00:00, 116.36it/s]compiling E[90m_[0m[34m7[0m[90m_[0m[34m320[0m[90m_[0m[36m16[0m[90m_[0m[33m2[0m                            :  78%|▊| 60/77 [00:00<00:00, 102.23it/s]compiling quant_x_71680_float                     :  79%|▊| 61/77 [00:00<00:00, 102.77it/s]compiling gemv_q6k_5120_10240_t7_r2_u2_w128_g640  :  81%|▊| 62/77 [00:00<00:00, 102.84it/s]compiling gemv_multi_q6k12288_q8_01024_q8_01024_5120_t7_r2u2g768_r2u2g64_r2u2g64:  82%|▊| 63/77 [00:00<00:00, 100.69it/s]compiling r[90m_[0m[34m14[0m[90m_[0m[36m32[0m[90m_[0m[33m4[0m[90m_[0m[31m970[0m                           :  83%|▊| 64/77 [00:00<00:00, 102.24it/s]compiling E[90m_[0m[34m5[0m[90m_[0m[36m2[0m                                   :  84%|▊| 65/77 [00:00<00:00, 94.03it/s]compiling E[90m_[0m[34m210[0m[90m_[0m[36m32[0m[90m_[0m[33m3[0m                              :  86%|▊| 66/77 [00:00<00:00, 92.66it/s]compiling E[90m_[0m[34m40[0m[90m_[0m[36m32[0m[90m_[0m[33m4[0m                               :  87%|▊| 67/77 [00:00<00:00, 78.42it/s]compiling E[90m_[0m[33m5[0m                                     :  88%|▉| 68/77 [00:00<00:00, 76.29it/s]compiling r[90m_[0m[34m7[0m[90m_[0m[91m16[0m[90m_[0m[31m16[0m                               :  90%|▉| 69/77 [00:00<00:00, 74.43it/s]compiling r[90m_[0m[34m7[0m[90m_[0m[91m16[0m[90m_[0m[31m16[0m                               :  91%|▉| 70/77 [00:00<00:00, 71.97it/s]compiling r[90m_[0m[34m7[0m[90m_[0m[34m4[0m[90m_[0m[36m16[0m[90m_[0m[33m4[0m[90m_[0m[31m970[0m                          :  92%|▉| 71/77 [00:01<00:00, 69.74it/s]compiling r[90m_[0m[35m3[0m[90m_[0m[35m3[0m                                   :  94%|▉| 72/77 [00:01<00:00, 69.42it/s]compiling E[90m_[0m[34m7760[0m[90m_[0m[36m32[0m[90m_[0m[33m7[0m                             :  95%|▉| 73/77 [00:01<00:00, 65.97it/s]compiling E[90m_[0m[33m4[0m                                     :  96%|▉| 74/77 [00:01<00:00, 60.37it/s]compiling r[90m_[0m[33m3[0m[90m_[0m[35m3[0m[90m_[0m[35m3[0m                                 :  97%|▉| 75/77 [00:01<00:00, 57.36it/s]compiling E[90m_[0m[33m6[0m                                     :  99%|▉| 76/77 [00:01<00:00, 49.47it/s]compiling E[90m_[0m[33m7[0m                                     : 100%|█| 77/77 [00:01<00:00, 46.89it/s]compiling E[90m_[0m[33m7[0m                                     : 100%|█| 77/77 [00:01<00:00, 46.88it/s]
scheduled   712 kernels in    65.15 ms |  cache hit a233a5a9 |   78260 uops in cache | <frozen runpy>:88
JIT captured 1 linears with 3 inputs
memory reduced from 1006.02 MB -> 57.41 MB, 1887 -> 1 bufs
scheduled   712 kernels in    68.61 ms |  cache hit 92308a9b |   79670 uops in cache | <frozen runpy>:88
JIT captured 1 linears with 3 inputs
memory reduced from 1201.15 MB -> 68.10 MB, 1887 -> 1 bufs
scheduled   712 kernels in    64.26 ms |  cache hit 0a316804 |   81092 uops in cache | <frozen runpy>:88
JIT captured 1 linears with 3 inputs
memory reduced from 1396.31 MB -> 78.79 MB, 1887 -> 1 bufs
*** started server on http://127.0.0.1:8080 at 176.53 s
/v1/chat/completions  [90m--[0m  prep:    0 ms  [90m--[0m  in:[32m    0[0m +   57  [90m--[0m  prefill:  49 tok/s  [90m--[0m  gen:  69 tok/s  [90m--[0m  accept: 0.78 (3.33 tok/step)  [90m--[0m  out:    8  [90m--[0m  total:  1.27s
/v1/chat/completions  [90m--[0m  prep:    0 ms  [90m--[0m  in:[32m   56[0m +    1  [90m--[0m  prefill:   4 tok/s  [90m--[0m  gen:  58 tok/s  [90m--[0m  accept: 0.41 (2.23 tok/step)  [90m--[0m  out:  400  [90m--[0m  total:  7.19s
/usr/lib/python3.13/multiprocessing/resource_tracker.py:301: UserWarning: resource_tracker: There appear to be 6 leaked semaphore objects to clean up at shutdown: {'/mp-7bux_gzx', '/mp-j6tk4uiz', '/mp-7mzsv6wr', '/mp-bks90og3', '/mp-pa8n4d3n', '/mp-iio3to85'}
  warnings.warn(
