opened device DISK:/home/jacob/models/Qwen3.8-27B-UD-Q4_K_XL.gguf from pid:134987
opened device PYTHON from pid:134987
AMDDevice: opening 0 with target (11, 0, 0) arch gfx1100
amd: scratch regrow for private_segment 128 B/thread: 0x72d738000000+24M realloced=True kept_old=False
opened device AMD from pid:134987
[32m*** AMD        1[0m [33mcopy   16.34 GB,     AMD <- DISK:/h[0m            arg  2 mem  17.55 GB tm [33m  5969.56ms[0m/  5969.56ms (      0 GFLOPS    3|3      GB/s)
scheduled   456 kernels in  1535.58 ms | CACHE MISS 9eec5655 |   39168 uops in cache | <frozen runpy>:88
compiling:   0%|                                          | 0/6 [00:00<?, ?it/s]compiling E[90m_[0m[34m480[0m[90m_[0m[36m16[0m[90m_[0m[36m8[0m[90m_[0m[33m4[0m                            :  17%|▏| 1/6 [00:00<00:01,  3.05it/s]compiling E[90m_[0m[34m3[0m[90m_[0m[36m4[0m[90m_[0m[33m4[0m                                 :  33%|▎| 2/6 [00:00<00:00,  5.89it/s]compiling E[90m_[0m[34m40[0m[90m_[0m[36m32[0m[90m_[0m[33m4[0m                               :  50%|▌| 3/6 [00:00<00:00,  7.16it/s]compiling E[90m_[0m[34m2[0m[90m_[0m[36m32[0m[90m_[0m[33m4[0m                                :  67%|▋| 4/6 [00:00<00:00,  9.43it/s]compiling E[90m_[0m[36m32[0m[90m_[0m[33m4[0m                                  :  83%|▊| 5/6 [00:00<00:00, 10.97it/s]compiling E[90m_[0m[34m320[0m[90m_[0m[36m32[0m[90m_[0m[33m4[0m                              : 100%|█| 6/6 [00:00<00:00, 13.16it/s]compiling E[90m_[0m[34m320[0m[90m_[0m[36m32[0m[90m_[0m[33m4[0m                              : 100%|█| 6/6 [00:00<00:00, 13.16it/s]
[32m*** AMD        2[0m E[90m_[0m[34m40[0m[90m_[0m[36m32[0m[90m_[0m[33m4[0m                                      arg  2 mem  17.55 GB tm     17.64us/  5969.58ms (      2 GFLOPS    2|2      GB/s)
*** AMD        3 E[90m_[0m[34m40[0m[90m_[0m[36m32[0m[90m_[0m[33m4[0m                                      arg  2 mem  17.55 GB tm      8.80us/  5969.59ms (      3 GFLOPS    3|3      GB/s)
[32m*** AMD        4[0m E[90m_[0m[34m480[0m[90m_[0m[36m16[0m[90m_[0m[36m8[0m[90m_[0m[33m4[0m                                   arg  2 mem  17.55 GB tm     14.00us/  5969.60ms (     26 GFLOPS   54|61     GB/s)
*** AMD        5 E[90m_[0m[34m480[0m[90m_[0m[36m16[0m[90m_[0m[36m8[0m[90m_[0m[33m4[0m                                   arg  2 mem  17.55 GB tm     13.32us/  5969.62ms (     28 GFLOPS   57|65     GB/s)
[32m*** AMD        6[0m E[90m_[0m[34m320[0m[90m_[0m[36m32[0m[90m_[0m[33m4[0m                                     arg  2 mem  17.55 GB tm     10.08us/  5969.63ms (     24 GFLOPS   24|24     GB/s)
[32m*** AMD        7[0m E[90m_[0m[34m3[0m[90m_[0m[36m4[0m[90m_[0m[33m4[0m                                        arg  2 mem  17.55 GB tm      7.76us/  5969.64ms (      0 GFLOPS    0|0      GB/s)
*** AMD        8 E[90m_[0m[34m3[0m[90m_[0m[36m4[0m[90m_[0m[33m4[0m                                        arg  2 mem  17.55 GB tm      7.84us/  5969.64ms (      0 GFLOPS    0|0      GB/s)
[32m*** AMD        9[0m E[90m_[0m[36m32[0m[90m_[0m[33m4[0m                                         arg  2 mem  17.55 GB tm      7.72us/  5969.65ms (      0 GFLOPS    0|0      GB/s)
*** AMD       10 E[90m_[0m[34m40[0m[90m_[0m[36m32[0m[90m_[0m[33m4[0m                                      arg  2 mem  17.55 GB tm      8.68us/  5969.66ms (      4 GFLOPS    4|4      GB/s)
*** AMD       11 E[90m_[0m[34m40[0m[90m_[0m[36m32[0m[90m_[0m[33m4[0m                                      arg  2 mem  17.55 GB tm      8.88us/  5969.67ms (      3 GFLOPS    3|3      GB/s)
*** AMD       12 E[90m_[0m[34m480[0m[90m_[0m[36m16[0m[90m_[0m[36m8[0m[90m_[0m[33m4[0m                                   arg  2 mem  17.55 GB tm     13.44us/  5969.68ms (     27 GFLOPS   56|64     GB/s)
*** AMD       13 E[90m_[0m[34m480[0m[90m_[0m[36m16[0m[90m_[0m[36m8[0m[90m_[0m[33m4[0m                                   arg  2 mem  17.55 GB tm     13.44us/  5969.70ms (     27 GFLOPS   56|64     GB/s)
*** AMD       14 E[90m_[0m[34m320[0m[90m_[0m[36m32[0m[90m_[0m[33m4[0m                                     arg  2 mem  17.55 GB tm     10.40us/  5969.71ms (     24 GFLOPS   24|24     GB/s)
*** AMD       15 E[90m_[0m[34m3[0m[90m_[0m[36m4[0m[90m_[0m[33m4[0m                                        arg  2 mem  17.55 GB tm      7.60us/  5969.71ms (      0 GFLOPS    0|0      GB/s)
*** AMD       16 E[90m_[0m[34m3[0m[90m_[0m[36m4[0m[90m_[0m[33m4[0m                                        arg  2 mem  17.55 GB tm      7.52us/  5969.72ms (      0 GFLOPS    0|0      GB/s)
*** AMD       17 E[90m_[0m[36m32[0m[90m_[0m[33m4[0m                                         arg  2 mem  17.55 GB tm      8.24us/  5969.73ms (      0 GFLOPS    0|0      GB/s)
*** AMD       18 E[90m_[0m[34m40[0m[90m_[0m[36m32[0m[90m_[0m[33m4[0m                                      arg  2 mem  17.55 GB tm      8.96us/  5969.74ms (      3 GFLOPS    3|3      GB/s)
*** AMD       19 E[90m_[0m[34m40[0m[90m_[0m[36m32[0m[90m_[0m[33m4[0m                                      arg  2 mem  17.55 GB tm      9.04us/  5969.75ms (      3 GFLOPS    3|3      GB/s)
*** AMD       20 E[90m_[0m[34m480[0m[90m_[0m[36m16[0m[90m_[0m[36m8[0m[90m_[0m[33m4[0m                                   arg  2 mem  17.55 GB tm     13.76us/  5969.76ms (     27 GFLOPS   55|63     GB/s)
*** AMD       21 E[90m_[0m[34m480[0m[90m_[0m[36m16[0m[90m_[0m[36m8[0m[90m_[0m[33m4[0m                                   arg  2 mem  17.55 GB tm     13.96us/  5969.78ms (     26 GFLOPS   54|62     GB/s)
*** AMD       22 E[90m_[0m[34m320[0m[90m_[0m[36m32[0m[90m_[0m[33m4[0m                                     arg  2 mem  17.55 GB tm     10.84us/  5969.79ms (     23 GFLOPS   23|23     GB/s)
*** AMD       23 E[90m_[0m[34m3[0m[90m_[0m[36m4[0m[90m_[0m[33m4[0m                                        arg  2 mem  17.55 GB tm      7.76us/  5969.79ms (      0 GFLOPS    0|0      GB/s)
*** AMD       24 E[90m_[0m[34m3[0m[90m_[0m[36m4[0m[90m_[0m[33m4[0m                                        arg  2 mem  17.55 GB tm      7.76us/  5969.80ms (      0 GFLOPS    0|0      GB/s)
*** AMD       25 E[90m_[0m[36m32[0m[90m_[0m[33m4[0m                                         arg  2 mem  17.55 GB tm      8.48us/  5969.81ms (      0 GFLOPS    0|0      GB/s)
*** AMD       26 E[90m_[0m[34m40[0m[90m_[0m[36m32[0m[90m_[0m[33m4[0m                                      arg  2 mem  17.55 GB tm      8.72us/  5969.82ms (      4 GFLOPS    4|4      GB/s)
*** AMD       27 E[90m_[0m[34m40[0m[90m_[0m[36m32[0m[90m_[0m[33m4[0m                                      arg  2 mem  17.55 GB tm      8.96us/  5969.83ms (      3 GFLOPS    3|3      GB/s)
[32m*** AMD       28[0m E[90m_[0m[34m2[0m[90m_[0m[36m32[0m[90m_[0m[33m4[0m                                       arg  2 mem  17.55 GB tm      8.96us/  5969.84ms (      0 GFLOPS    0|0      GB/s)
*** AMD       29 E[90m_[0m[34m2[0m[90m_[0m[36m32[0m[90m_[0m[33m4[0m                                       arg  2 mem  17.55 GB tm      8.68us/  5969.85ms (      0 GFLOPS    0|0      GB/s)
*** AMD       30 E[90m_[0m[34m40[0m[90m_[0m[36m32[0m[90m_[0m[33m4[0m                                      arg  2 mem  17.55 GB tm      9.08us/  5969.85ms (      3 GFLOPS    3|3      GB/s)
*** AMD       31 E[90m_[0m[34m40[0m[90m_[0m[36m32[0m[90m_[0m[33m4[0m                                      arg  2 mem  17.55 GB tm      8.96us/  5969.86ms (      3 GFLOPS    3|3      GB/s)
*** AMD       32 E[90m_[0m[34m480[0m[90m_[0m[36m16[0m[90m_[0m[36m8[0m[90m_[0m[33m4[0m                                   arg  2 mem  17.55 GB tm     13.56us/  5969.88ms (     27 GFLOPS   56|63     GB/s)
*** AMD       33 E[90m_[0m[34m480[0m[90m_[0m[36m16[0m[90m_[0m[36m8[0m[90m_[0m[33m4[0m                                   arg  2 mem  17.55 GB tm     13.00us/  5969.89ms (     28 GFLOPS   58|66     GB/s)
*** AMD       34 E[90m_[0m[34m320[0m[90m_[0m[36m32[0m[90m_[0m[33m4[0m                                     arg  2 mem  17.55 GB tm     10.60us/  5969.90ms (     23 GFLOPS   23|23     GB/s)
*** AMD       35 E[90m_[0m[34m3[0m[90m_[0m[36m4[0m[90m_[0m[33m4[0m                                        arg  2 mem  17.55 GB tm      7.76us/  5969.91ms (      0 GFLOPS    0|0      GB/s)
*** AMD       36 E[90m_[0m[34m3[0m[90m_[0m[36m4[0m[90m_[0m[33m4[0m                                        arg  2 mem  17.55 GB tm      7.72us/  5969.92ms (      0 GFLOPS    0|0      GB/s)
*** AMD       37 E[90m_[0m[36m32[0m[90m_[0m[33m4[0m                                         arg  2 mem  17.55 GB tm      8.36us/  5969.92ms (      0 GFLOPS    0|0      GB/s)
*** AMD       38 E[90m_[0m[34m40[0m[90m_[0m[36m32[0m[90m_[0m[33m4[0m                                      arg  2 mem  17.55 GB tm      8.88us/  5969.93ms (      3 GFLOPS    3|3      GB/s)
*** AMD       39 E[90m_[0m[34m40[0m[90m_[0m[36m32[0m[90m_[0m[33m4[0m                                      arg  2 mem  17.55 GB tm      8.68us/  5969.94ms (      4 GFLOPS    4|4      GB/s)
*** AMD       40 E[90m_[0m[34m480[0m[90m_[0m[36m16[0m[90m_[0m[36m8[0m[90m_[0m[33m4[0m                                   arg  2 mem  17.55 GB tm     14.32us/  5969.96ms (     26 GFLOPS   53|60     GB/s)
*** AMD       41 E[90m_[0m[34m480[0m[90m_[0m[36m16[0m[90m_[0m[36m8[0m[90m_[0m[33m4[0m                                   arg  2 mem  17.55 GB tm     13.76us/  5969.97ms (     27 GFLOPS   55|63     GB/s)
*** AMD       42 E[90m_[0m[34m320[0m[90m_[0m[36m32[0m[90m_[0m[33m4[0m                                     arg  2 mem  17.55 GB tm     10.36us/  5969.98ms (     24 GFLOPS   24|24     GB/s)
*** AMD       43 E[90m_[0m[34m3[0m[90m_[0m[36m4[0m[90m_[0m[33m4[0m                                        arg  2 mem  17.55 GB tm      7.72us/  5969.99ms (      0 GFLOPS    0|0      GB/s)
*** AMD       44 E[90m_[0m[34m3[0m[90m_[0m[36m4[0m[90m_[0m[33m4[0m                                        arg  2 mem  17.55 GB tm      7.76us/  5970.00ms (      0 GFLOPS    0|0      GB/s)
*** AMD       45 E[90m_[0m[36m32[0m[90m_[0m[33m4[0m                                         arg  2 mem  17.55 GB tm      8.40us/  5970.00ms (      0 GFLOPS    0|0      GB/s)
*** AMD       46 E[90m_[0m[34m40[0m[90m_[0m[36m32[0m[90m_[0m[33m4[0m                                      arg  2 mem  17.55 GB tm      9.28us/  5970.01ms (      3 GFLOPS    3|3      GB/s)
*** AMD       47 E[90m_[0m[34m40[0m[90m_[0m[36m32[0m[90m_[0m[33m4[0m                                      arg  2 mem  17.55 GB tm      9.04us/  5970.02ms (      3 GFLOPS    3|3      GB/s)
*** AMD       48 E[90m_[0m[34m480[0m[90m_[0m[36m16[0m[90m_[0m[36m8[0m[90m_[0m[33m4[0m                                   arg  2 mem  17.55 GB tm     13.76us/  5970.04ms (     27 GFLOPS   55|63     GB/s)
*** AMD       49 E[90m_[0m[34m480[0m[90m_[0m[36m16[0m[90m_[0m[36m8[0m[90m_[0m[33m4[0m                                   arg  2 mem  17.55 GB tm     12.76us/  5970.05ms (     29 GFLOPS   59|67     GB/s)
*** AMD       50 E[90m_[0m[34m320[0m[90m_[0m[36m32[0m[90m_[0m[33m4[0m                                     arg  2 mem  17.55 GB tm      9.92us/  5970.06ms (     25 GFLOPS   25|25     GB/s)
*** AMD       51 E[90m_[0m[34m3[0m[90m_[0m[36m4[0m[90m_[0m[33m4[0m                                        arg  2 mem  17.55 GB tm      7.68us/  5970.07ms (      0 GFLOPS    0|0      GB/s)
*** AMD       52 E[90m_[0m[34m3[0m[90m_[0m[36m4[0m[90m_[0m[33m4[0m                                        arg  2 mem  17.55 GB tm      7.68us/  5970.07ms (      0 GFLOPS    0|0      GB/s)
*** AMD       53 E[90m_[0m[36m32[0m[90m_[0m[33m4[0m                                         arg  2 mem  17.55 GB tm      8.60us/  5970.08ms (      0 GFLOPS    0|0      GB/s)
*** AMD       54 E[90m_[0m[34m40[0m[90m_[0m[36m32[0m[90m_[0m[33m4[0m                                      arg  2 mem  17.55 GB tm      8.68us/  5970.09ms (      4 GFLOPS    4|4      GB/s)
*** AMD       55 E[90m_[0m[34m40[0m[90m_[0m[36m32[0m[90m_[0m[33m4[0m                                      arg  2 mem  17.55 GB tm      8.68us/  5970.10ms (      4 GFLOPS    4|4      GB/s)
*** AMD       56 E[90m_[0m[34m2[0m[90m_[0m[36m32[0m[90m_[0m[33m4[0m                                       arg  2 mem  17.55 GB tm      9.28us/  5970.11ms (      0 GFLOPS    0|0      GB/s)
*** AMD       57 E[90m_[0m[34m2[0m[90m_[0m[36m32[0m[90m_[0m[33m4[0m                                       arg  2 mem  17.55 GB tm      8.32us/  5970.12ms (      0 GFLOPS    0|0      GB/s)
*** AMD       58 E[90m_[0m[34m40[0m[90m_[0m[36m32[0m[90m_[0m[33m4[0m                                      arg  2 mem  17.55 GB tm      8.76us/  5970.13ms (      4 GFLOPS    4|4      GB/s)
*** AMD       59 E[90m_[0m[34m40[0m[90m_[0m[36m32[0m[90m_[0m[33m4[0m                                      arg  2 mem  17.55 GB tm      9.32us/  5970.14ms (      3 GFLOPS    3|3      GB/s)
*** AMD       60 E[90m_[0m[34m480[0m[90m_[0m[36m16[0m[90m_[0m[36m8[0m[90m_[0m[33m4[0m                                   arg  2 mem  17.56 GB tm     14.00us/  5970.15ms (     26 GFLOPS   54|61     GB/s)
*** AMD       61 E[90m_[0m[34m480[0m[90m_[0m[36m16[0m[90m_[0m[36m8[0m[90m_[0m[33m4[0m                                   arg  2 mem  17.56 GB tm     13.40us/  5970.16ms (     28 GFLOPS   56|64     GB/s)
*** AMD       62 E[90m_[0m[34m320[0m[90m_[0m[36m32[0m[90m_[0m[33m4[0m                                     arg  2 mem  17.56 GB tm     10.72us/  5970.17ms (     23 GFLOPS   23|23     GB/s)
*** AMD       63 E[90m_[0m[34m3[0m[90m_[0m[36m4[0m[90m_[0m[33m4[0m                                        arg  2 mem  17.56 GB tm      7.96us/  5970.18ms (      0 GFLOPS    0|0      GB/s)
*** AMD       64 E[90m_[0m[34m3[0m[90m_[0m[36m4[0m[90m_[0m[33m4[0m                                        arg  2 mem  17.56 GB tm      8.00us/  5970.19ms (      0 GFLOPS    0|0      GB/s)
*** AMD       65 E[90m_[0m[36m32[0m[90m_[0m[33m4[0m                                         arg  2 mem  17.56 GB tm      8.36us/  5970.20ms (      0 GFLOPS    0|0      GB/s)
*** AMD       66 E[90m_[0m[34m40[0m[90m_[0m[36m32[0m[90m_[0m[33m4[0m                                      arg  2 mem  17.56 GB tm      8.52us/  5970.21ms (      4 GFLOPS    4|4      GB/s)
*** AMD       67 E[90m_[0m[34m40[0m[90m_[0m[36m32[0m[90m_[0m[33m4[0m                                      arg  2 mem  17.56 GB tm      8.88us/  5970.22ms (      3 GFLOPS    3|3      GB/s)
*** AMD       68 E[90m_[0m[34m480[0m[90m_[0m[36m16[0m[90m_[0m[36m8[0m[90m_[0m[33m4[0m                                   arg  2 mem  17.56 GB tm     13.56us/  5970.23ms (     27 GFLOPS   56|63     GB/s)
*** AMD       69 E[90m_[0m[34m480[0m[90m_[0m[36m16[0m[90m_[0m[36m8[0m[90m_[0m[33m4[0m                                   arg  2 mem  17.56 GB tm     13.16us/  5970.24ms (     28 GFLOPS   57|65     GB/s)
*** AMD       70 E[90m_[0m[34m320[0m[90m_[0m[36m32[0m[90m_[0m[33m4[0m                                     arg  2 mem  17.56 GB tm      9.60us/  5970.25ms (     26 GFLOPS   26|26     GB/s)
*** AMD       71 E[90m_[0m[34m3[0m[90m_[0m[36m4[0m[90m_[0m[33m4[0m                                        arg  2 mem  17.56 GB tm      8.00us/  5970.26ms (      0 GFLOPS    0|0      GB/s)
*** AMD       72 E[90m_[0m[34m3[0m[90m_[0m[36m4[0m[90m_[0m[33m4[0m                                        arg  2 mem  17.56 GB tm      7.40us/  5970.27ms (      0 GFLOPS    0|0      GB/s)
*** AMD       73 E[90m_[0m[36m32[0m[90m_[0m[33m4[0m                                         arg  2 mem  17.56 GB tm      8.08us/  5970.28ms (      0 GFLOPS    0|0      GB/s)
*** AMD       74 E[90m_[0m[34m40[0m[90m_[0m[36m32[0m[90m_[0m[33m4[0m                                      arg  2 mem  17.56 GB tm      8.72us/  5970.28ms (      4 GFLOPS    4|4      GB/s)
*** AMD       75 E[90m_[0m[34m40[0m[90m_[0m[36m32[0m[90m_[0m[33m4[0m                                      arg  2 mem  17.56 GB tm      8.72us/  5970.29ms (      4 GFLOPS    4|4      GB/s)
*** AMD       76 E[90m_[0m[34m480[0m[90m_[0m[36m16[0m[90m_[0m[36m8[0m[90m_[0m[33m4[0m                                   arg  2 mem  17.56 GB tm     14.52us/  5970.31ms (     25 GFLOPS   52|59     GB/s)
*** AMD       77 E[90m_[0m[34m480[0m[90m_[0m[36m16[0m[90m_[0m[36m8[0m[90m_[0m[33m4[0m                                   arg  2 mem  17.56 GB tm     13.84us/  5970.32ms (     27 GFLOPS   54|62     GB/s)
*** AMD       78 E[90m_[0m[34m320[0m[90m_[0m[36m32[0m[90m_[0m[33m4[0m                                     arg  2 mem  17.56 GB tm      9.84us/  5970.33ms (     25 GFLOPS   25|25     GB/s)
*** AMD       79 E[90m_[0m[34m3[0m[90m_[0m[36m4[0m[90m_[0m[33m4[0m                                        arg  2 mem  17.56 GB tm      7.52us/  5970.34ms (      0 GFLOPS    0|0      GB/s)
*** AMD       80 E[90m_[0m[34m3[0m[90m_[0m[36m4[0m[90m_[0m[33m4[0m                                        arg  2 mem  17.56 GB tm      7.48us/  5970.35ms (      0 GFLOPS    0|0      GB/s)
*** AMD       81 E[90m_[0m[36m32[0m[90m_[0m[33m4[0m                                         arg  2 mem  17.56 GB tm      8.08us/  5970.35ms (      0 GFLOPS    0|0      GB/s)
*** AMD       82 E[90m_[0m[34m40[0m[90m_[0m[36m32[0m[90m_[0m[33m4[0m                                      arg  2 mem  17.56 GB tm      8.72us/  5970.36ms (      4 GFLOPS    4|4      GB/s)
*** AMD       83 E[90m_[0m[34m40[0m[90m_[0m[36m32[0m[90m_[0m[33m4[0m                                      arg  2 mem  17.56 GB tm      8.92us/  5970.37ms (      3 GFLOPS    3|3      GB/s)
*** AMD       84 E[90m_[0m[34m2[0m[90m_[0m[36m32[0m[90m_[0m[33m4[0m                                       arg  2 mem  17.56 GB tm      8.48us/  5970.38ms (      0 GFLOPS    0|0      GB/s)
*** AMD       85 E[90m_[0m[34m2[0m[90m_[0m[36m32[0m[90m_[0m[33m4[0m                                       arg  2 mem  17.56 GB tm      8.60us/  5970.39ms (      0 GFLOPS    0|0      GB/s)
*** AMD       86 E[90m_[0m[34m40[0m[90m_[0m[36m32[0m[90m_[0m[33m4[0m                                      arg  2 mem  17.56 GB tm      8.56us/  5970.40ms (      4 GFLOPS    4|4      GB/s)
*** AMD       87 E[90m_[0m[34m40[0m[90m_[0m[36m32[0m[90m_[0m[33m4[0m                                      arg  2 mem  17.56 GB tm      8.40us/  5970.41ms (      4 GFLOPS    4|4      GB/s)
*** AMD       88 E[90m_[0m[34m480[0m[90m_[0m[36m16[0m[90m_[0m[36m8[0m[90m_[0m[33m4[0m                                   arg  2 mem  17.56 GB tm     14.00us/  5970.42ms (     26 GFLOPS   54|61     GB/s)
*** AMD       89 E[90m_[0m[34m480[0m[90m_[0m[36m16[0m[90m_[0m[36m8[0m[90m_[0m[33m4[0m                                   arg  2 mem  17.56 GB tm     13.72us/  5970.43ms (     27 GFLOPS   55|63     GB/s)
*** AMD       90 E[90m_[0m[34m320[0m[90m_[0m[36m32[0m[90m_[0m[33m4[0m                                     arg  2 mem  17.56 GB tm      9.80us/  5970.44ms (     25 GFLOPS   25|25     GB/s)
*** AMD       91 E[90m_[0m[34m3[0m[90m_[0m[36m4[0m[90m_[0m[33m4[0m                                        arg  2 mem  17.56 GB tm      8.20us/  5970.45ms (      0 GFLOPS    0|0      GB/s)
*** AMD       92 E[90m_[0m[34m3[0m[90m_[0m[36m4[0m[90m_[0m[33m4[0m                                        arg  2 mem  17.56 GB tm      7.72us/  5970.46ms (      0 GFLOPS    0|0      GB/s)
*** AMD       93 E[90m_[0m[36m32[0m[90m_[0m[33m4[0m                                         arg  2 mem  17.56 GB tm      8.12us/  5970.47ms (      0 GFLOPS    0|0      GB/s)
*** AMD       94 E[90m_[0m[34m40[0m[90m_[0m[36m32[0m[90m_[0m[33m4[0m                                      arg  2 mem  17.56 GB tm      8.44us/  5970.48ms (      4 GFLOPS    4|4      GB/s)
*** AMD       95 E[90m_[0m[34m40[0m[90m_[0m[36m32[0m[90m_[0m[33m4[0m                                      arg  2 mem  17.56 GB tm      8.64us/  5970.48ms (      4 GFLOPS    4|4      GB/s)
*** AMD       96 E[90m_[0m[34m480[0m[90m_[0m[36m16[0m[90m_[0m[36m8[0m[90m_[0m[33m4[0m                                   arg  2 mem  17.56 GB tm     13.92us/  5970.50ms (     26 GFLOPS   54|62     GB/s)
*** AMD       97 E[90m_[0m[34m480[0m[90m_[0m[36m16[0m[90m_[0m[36m8[0m[90m_[0m[33m4[0m                                   arg  2 mem  17.56 GB tm     14.64us/  5970.51ms (     25 GFLOPS   51|59     GB/s)
*** AMD       98 E[90m_[0m[34m320[0m[90m_[0m[36m32[0m[90m_[0m[33m4[0m                                     arg  2 mem  17.56 GB tm     11.04us/  5970.52ms (     22 GFLOPS   22|22     GB/s)
*** AMD       99 E[90m_[0m[34m3[0m[90m_[0m[36m4[0m[90m_[0m[33m4[0m                                        arg  2 mem  17.56 GB tm      7.92us/  5970.53ms (      0 GFLOPS    0|0      GB/s)
*** AMD      100 E[90m_[0m[34m3[0m[90m_[0m[36m4[0m[90m_[0m[33m4[0m                                        arg  2 mem  17.56 GB tm      7.92us/  5970.54ms (      0 GFLOPS    0|0      GB/s)
*** AMD      101 E[90m_[0m[36m32[0m[90m_[0m[33m4[0m                                         arg  2 mem  17.56 GB tm      8.36us/  5970.55ms (      0 GFLOPS    0|0      GB/s)
*** AMD      102 E[90m_[0m[34m40[0m[90m_[0m[36m32[0m[90m_[0m[33m4[0m                                      arg  2 mem  17.56 GB tm      8.72us/  5970.56ms (      4 GFLOPS    4|4      GB/s)
*** AMD      103 E[90m_[0m[34m40[0m[90m_[0m[36m32[0m[90m_[0m[33m4[0m                                      arg  2 mem  17.56 GB tm      8.68us/  5970.57ms (      4 GFLOPS    4|4      GB/s)
*** AMD      104 E[90m_[0m[34m480[0m[90m_[0m[36m16[0m[90m_[0m[36m8[0m[90m_[0m[33m4[0m                                   arg  2 mem  17.56 GB tm     13.92us/  5970.58ms (     26 GFLOPS   54|62     GB/s)
*** AMD      105 E[90m_[0m[34m480[0m[90m_[0m[36m16[0m[90m_[0m[36m8[0m[90m_[0m[33m4[0m                                   arg  2 mem  17.56 GB tm     13.96us/  5970.59ms (     26 GFLOPS   54|62     GB/s)
*** AMD      106 E[90m_[0m[34m320[0m[90m_[0m[36m32[0m[90m_[0m[33m4[0m                                     arg  2 mem  17.56 GB tm      9.96us/  5970.60ms (     25 GFLOPS   25|25     GB/s)
*** AMD      107 E[90m_[0m[34m3[0m[90m_[0m[36m4[0m[90m_[0m[33m4[0m                                        arg  2 mem  17.56 GB tm      7.88us/  5970.61ms (      0 GFLOPS    0|0      GB/s)
*** AMD      108 E[90m_[0m[34m3[0m[90m_[0m[36m4[0m[90m_[0m[33m4[0m                                        arg  2 mem  17.56 GB tm      7.84us/  5970.62ms (      0 GFLOPS    0|0      GB/s)
*** AMD      109 E[90m_[0m[36m32[0m[90m_[0m[33m4[0m                                         arg  2 mem  17.56 GB tm      8.44us/  5970.63ms (      0 GFLOPS    0|0      GB/s)
*** AMD      110 E[90m_[0m[34m40[0m[90m_[0m[36m32[0m[90m_[0m[33m4[0m                                      arg  2 mem  17.56 GB tm      8.32us/  5970.64ms (      4 GFLOPS    4|4      GB/s)
*** AMD      111 E[90m_[0m[34m40[0m[90m_[0m[36m32[0m[90m_[0m[33m4[0m                                      arg  2 mem  17.56 GB tm      8.68us/  5970.64ms (      4 GFLOPS    4|4      GB/s)
*** AMD      112 E[90m_[0m[34m2[0m[90m_[0m[36m32[0m[90m_[0m[33m4[0m                                       arg  2 mem  17.56 GB tm      8.72us/  5970.65ms (      0 GFLOPS    0|0      GB/s)
*** AMD      113 E[90m_[0m[34m2[0m[90m_[0m[36m32[0m[90m_[0m[33m4[0m                                       arg  2 mem  17.56 GB tm      8.32us/  5970.66ms (      0 GFLOPS    0|0      GB/s)
*** AMD      114 E[90m_[0m[34m40[0m[90m_[0m[36m32[0m[90m_[0m[33m4[0m                                      arg  2 mem  17.56 GB tm      8.76us/  5970.67ms (      4 GFLOPS    4|4      GB/s)
*** AMD      115 E[90m_[0m[34m40[0m[90m_[0m[36m32[0m[90m_[0m[33m4[0m                                      arg  2 mem  17.56 GB tm      8.92us/  5970.68ms (      3 GFLOPS    3|3      GB/s)
*** AMD      116 E[90m_[0m[34m480[0m[90m_[0m[36m16[0m[90m_[0m[36m8[0m[90m_[0m[33m4[0m                                   arg  2 mem  17.56 GB tm     13.92us/  5970.69ms (     26 GFLOPS   54|62     GB/s)
*** AMD      117 E[90m_[0m[34m480[0m[90m_[0m[36m16[0m[90m_[0m[36m8[0m[90m_[0m[33m4[0m                                   arg  2 mem  17.56 GB tm     13.04us/  5970.71ms (     28 GFLOPS   58|66     GB/s)
*** AMD      118 E[90m_[0m[34m320[0m[90m_[0m[36m32[0m[90m_[0m[33m4[0m                                     arg  2 mem  17.56 GB tm     10.00us/  5970.72ms (     25 GFLOPS   25|25     GB/s)
*** AMD      119 E[90m_[0m[34m3[0m[90m_[0m[36m4[0m[90m_[0m[33m4[0m                                        arg  2 mem  17.56 GB tm      8.08us/  5970.72ms (      0 GFLOPS    0|0      GB/s)
*** AMD      120 E[90m_[0m[34m3[0m[90m_[0m[36m4[0m[90m_[0m[33m4[0m                                        arg  2 mem  17.56 GB tm      7.76us/  5970.73ms (      0 GFLOPS    0|0      GB/s)
*** AMD      121 E[90m_[0m[36m32[0m[90m_[0m[33m4[0m                                         arg  2 mem  17.56 GB tm      8.40us/  5970.74ms (      0 GFLOPS    0|0      GB/s)
*** AMD      122 E[90m_[0m[34m40[0m[90m_[0m[36m32[0m[90m_[0m[33m4[0m                                      arg  2 mem  17.56 GB tm      9.04us/  5970.75ms (      3 GFLOPS    3|3      GB/s)
*** AMD      123 E[90m_[0m[34m40[0m[90m_[0m[36m32[0m[90m_[0m[33m4[0m                                      arg  2 mem  17.56 GB tm      8.68us/  5970.76ms (      4 GFLOPS    4|4      GB/s)
*** AMD      124 E[90m_[0m[34m480[0m[90m_[0m[36m16[0m[90m_[0m[36m8[0m[90m_[0m[33m4[0m                                   arg  2 mem  17.56 GB tm     13.12us/  5970.77ms (     28 GFLOPS   57|66     GB/s)
*** AMD      125 E[90m_[0m[34m480[0m[90m_[0m[36m16[0m[90m_[0m[36m8[0m[90m_[0m[33m4[0m                                   arg  2 mem  17.56 GB tm     13.60us/  5970.79ms (     27 GFLOPS   55|63     GB/s)
*** AMD      126 E[90m_[0m[34m320[0m[90m_[0m[36m32[0m[90m_[0m[33m4[0m                                     arg  2 mem  17.56 GB tm     10.84us/  5970.80ms (     23 GFLOPS   23|23     GB/s)
*** AMD      127 E[90m_[0m[34m3[0m[90m_[0m[36m4[0m[90m_[0m[33m4[0m                                        arg  2 mem  17.56 GB tm      7.72us/  5970.80ms (      0 GFLOPS    0|0      GB/s)
*** AMD      128 E[90m_[0m[34m3[0m[90m_[0m[36m4[0m[90m_[0m[33m4[0m                                        arg  2 mem  17.56 GB tm      7.76us/  5970.81ms (      0 GFLOPS    0|0      GB/s)
*** AMD      129 E[90m_[0m[36m32[0m[90m_[0m[33m4[0m                                         arg  2 mem  17.56 GB tm      8.32us/  5970.82ms (      0 GFLOPS    0|0      GB/s)
*** AMD      130 E[90m_[0m[34m40[0m[90m_[0m[36m32[0m[90m_[0m[33m4[0m                                      arg  2 mem  17.56 GB tm      8.72us/  5970.83ms (      4 GFLOPS    4|4      GB/s)
*** AMD      131 E[90m_[0m[34m40[0m[90m_[0m[36m32[0m[90m_[0m[33m4[0m                                      arg  2 mem  17.56 GB tm      8.68us/  5970.84ms (      4 GFLOPS    4|4      GB/s)
*** AMD      132 E[90m_[0m[34m480[0m[90m_[0m[36m16[0m[90m_[0m[36m8[0m[90m_[0m[33m4[0m                                   arg  2 mem  17.56 GB tm     15.80us/  5970.85ms (     23 GFLOPS   48|54     GB/s)
*** AMD      133 E[90m_[0m[34m480[0m[90m_[0m[36m16[0m[90m_[0m[36m8[0m[90m_[0m[33m4[0m                                   arg  2 mem  17.56 GB tm     13.16us/  5970.87ms (     28 GFLOPS   57|65     GB/s)
*** AMD      134 E[90m_[0m[34m320[0m[90m_[0m[36m32[0m[90m_[0m[33m4[0m                                     arg  2 mem  17.56 GB tm     11.24us/  5970.88ms (     22 GFLOPS   22|22     GB/s)
*** AMD      135 E[90m_[0m[34m3[0m[90m_[0m[36m4[0m[90m_[0m[33m4[0m                                        arg  2 mem  17.56 GB tm      7.68us/  5970.89ms (      0 GFLOPS    0|0      GB/s)
*** AMD      136 E[90m_[0m[34m3[0m[90m_[0m[36m4[0m[90m_[0m[33m4[0m                                        arg  2 mem  17.56 GB tm      7.68us/  5970.89ms (      0 GFLOPS    0|0      GB/s)
*** AMD      137 E[90m_[0m[36m32[0m[90m_[0m[33m4[0m                                         arg  2 mem  17.56 GB tm      8.60us/  5970.90ms (      0 GFLOPS    0|0      GB/s)
*** AMD      138 E[90m_[0m[34m40[0m[90m_[0m[36m32[0m[90m_[0m[33m4[0m                                      arg  2 mem  17.56 GB tm      8.72us/  5970.91ms (      4 GFLOPS    4|4      GB/s)
*** AMD      139 E[90m_[0m[34m40[0m[90m_[0m[36m32[0m[90m_[0m[33m4[0m                                      arg  2 mem  17.56 GB tm      8.64us/  5970.92ms (      4 GFLOPS    4|4      GB/s)
*** AMD      140 E[90m_[0m[34m2[0m[90m_[0m[36m32[0m[90m_[0m[33m4[0m                                       arg  2 mem  17.56 GB tm      8.68us/  5970.93ms (      0 GFLOPS    0|0      GB/s)
*** AMD      141 E[90m_[0m[34m2[0m[90m_[0m[36m32[0m[90m_[0m[33m4[0m                                       arg  2 mem  17.56 GB tm      8.32us/  5970.94ms (      0 GFLOPS    0|0      GB/s)
*** AMD      142 E[90m_[0m[34m40[0m[90m_[0m[36m32[0m[90m_[0m[33m4[0m                                      arg  2 mem  17.56 GB tm      8.64us/  5970.94ms (      4 GFLOPS    4|4      GB/s)
*** AMD      143 E[90m_[0m[34m40[0m[90m_[0m[36m32[0m[90m_[0m[33m4[0m                                      arg  2 mem  17.56 GB tm      8.72us/  5970.95ms (      4 GFLOPS    4|4      GB/s)
*** AMD      144 E[90m_[0m[34m480[0m[90m_[0m[36m16[0m[90m_[0m[36m8[0m[90m_[0m[33m4[0m                                   arg  2 mem  17.57 GB tm     14.36us/  5970.97ms (     26 GFLOPS   52|60     GB/s)
*** AMD      145 E[90m_[0m[34m480[0m[90m_[0m[36m16[0m[90m_[0m[36m8[0m[90m_[0m[33m4[0m                                   arg  2 mem  17.57 GB tm     14.08us/  5970.98ms (     26 GFLOPS   53|61     GB/s)
*** AMD      146 E[90m_[0m[34m320[0m[90m_[0m[36m32[0m[90m_[0m[33m4[0m                                     arg  2 mem  17.57 GB tm     10.40us/  5970.99ms (     24 GFLOPS   24|24     GB/s)
*** AMD      147 E[90m_[0m[34m3[0m[90m_[0m[36m4[0m[90m_[0m[33m4[0m                                        arg  2 mem  17.57 GB tm      7.92us/  5971.00ms (      0 GFLOPS    0|0      GB/s)
*** AMD      148 E[90m_[0m[34m3[0m[90m_[0m[36m4[0m[90m_[0m[33m4[0m                                        arg  2 mem  17.57 GB tm      7.72us/  5971.01ms (      0 GFLOPS    0|0      GB/s)
*** AMD      149 E[90m_[0m[36m32[0m[90m_[0m[33m4[0m                                         arg  2 mem  17.57 GB tm      8.36us/  5971.02ms (      0 GFLOPS    0|0      GB/s)
*** AMD      150 E[90m_[0m[34m40[0m[90m_[0m[36m32[0m[90m_[0m[33m4[0m                                      arg  2 mem  17.57 GB tm      9.56us/  5971.03ms (      3 GFLOPS    3|3      GB/s)
*** AMD      151 E[90m_[0m[34m40[0m[90m_[0m[36m32[0m[90m_[0m[33m4[0m                                      arg  2 mem  17.57 GB tm      8.88us/  5971.03ms (      3 GFLOPS    3|3      GB/s)
*** AMD      152 E[90m_[0m[34m480[0m[90m_[0m[36m16[0m[90m_[0m[36m8[0m[90m_[0m[33m4[0m                                   arg  2 mem  17.57 GB tm     13.48us/  5971.05ms (     27 GFLOPS   56|64     GB/s)
*** AMD      153 E[90m_[0m[34m480[0m[90m_[0m[36m16[0m[90m_[0m[36m8[0m[90m_[0m[33m4[0m                                   arg  2 mem  17.57 GB tm     13.52us/  5971.06ms (     27 GFLOPS   56|64     GB/s)
*** AMD      154 E[90m_[0m[34m320[0m[90m_[0m[36m32[0m[90m_[0m[33m4[0m                                     arg  2 mem  17.57 GB tm     10.60us/  5971.07ms (     23 GFLOPS   23|23     GB/s)
*** AMD      155 E[90m_[0m[34m3[0m[90m_[0m[36m4[0m[90m_[0m[33m4[0m                                        arg  2 mem  17.57 GB tm      7.84us/  5971.08ms (      0 GFLOPS    0|0      GB/s)
*** AMD      156 E[90m_[0m[34m3[0m[90m_[0m[36m4[0m[90m_[0m[33m4[0m                                        arg  2 mem  17.57 GB tm      7.64us/  5971.09ms (      0 GFLOPS    0|0      GB/s)
*** AMD      157 E[90m_[0m[36m32[0m[90m_[0m[33m4[0m                                         arg  2 mem  17.57 GB tm      8.36us/  5971.10ms (      0 GFLOPS    0|0      GB/s)
*** AMD      158 E[90m_[0m[34m40[0m[90m_[0m[36m32[0m[90m_[0m[33m4[0m                                      arg  2 mem  17.57 GB tm      8.92us/  5971.10ms (      3 GFLOPS    3|3      GB/s)
*** AMD      159 E[90m_[0m[34m40[0m[90m_[0m[36m32[0m[90m_[0m[33m4[0m                                      arg  2 mem  17.57 GB tm      8.68us/  5971.11ms (      4 GFLOPS    4|4      GB/s)
*** AMD      160 E[90m_[0m[34m480[0m[90m_[0m[36m16[0m[90m_[0m[36m8[0m[90m_[0m[33m4[0m                                   arg  2 mem  17.57 GB tm     13.56us/  5971.13ms (     27 GFLOPS   56|63     GB/s)
*** AMD      161 E[90m_[0m[34m480[0m[90m_[0m[36m16[0m[90m_[0m[36m8[0m[90m_[0m[33m4[0m                                   arg  2 mem  17.57 GB tm     13.88us/  5971.14ms (     27 GFLOPS   54|62     GB/s)
*** AMD      162 E[90m_[0m[34m320[0m[90m_[0m[36m32[0m[90m_[0m[33m4[0m                                     arg  2 mem  17.57 GB tm      9.92us/  5971.15ms (     25 GFLOPS   25|25     GB/s)
*** AMD      163 E[90m_[0m[34m3[0m[90m_[0m[36m4[0m[90m_[0m[33m4[0m                                        arg  2 mem  17.57 GB tm      7.52us/  5971.16ms (      0 GFLOPS    0|0      GB/s)
*** AMD      164 E[90m_[0m[34m3[0m[90m_[0m[36m4[0m[90m_[0m[33m4[0m                                        arg  2 mem  17.57 GB tm      7.48us/  5971.17ms (      0 GFLOPS    0|0      GB/s)
*** AMD      165 E[90m_[0m[36m32[0m[90m_[0m[33m4[0m                                         arg  2 mem  17.57 GB tm      8.16us/  5971.17ms (      0 GFLOPS    0|0      GB/s)
*** AMD      166 E[90m_[0m[34m40[0m[90m_[0m[36m32[0m[90m_[0m[33m4[0m                                      arg  2 mem  17.57 GB tm      8.72us/  5971.18ms (      4 GFLOPS    4|4      GB/s)
*** AMD      167 E[90m_[0m[34m40[0m[90m_[0m[36m32[0m[90m_[0m[33m4[0m                                      arg  2 mem  17.57 GB tm      8.68us/  5971.19ms (      4 GFLOPS    4|4      GB/s)
*** AMD      168 E[90m_[0m[34m2[0m[90m_[0m[36m32[0m[90m_[0m[33m4[0m                                       arg  2 mem  17.57 GB tm      8.40us/  5971.20ms (      0 GFLOPS    0|0      GB/s)
*** AMD      169 E[90m_[0m[34m2[0m[90m_[0m[36m32[0m[90m_[0m[33m4[0m                                       arg  2 mem  17.57 GB tm      8.16us/  5971.21ms (      0 GFLOPS    0|0      GB/s)
*** AMD      170 E[90m_[0m[34m40[0m[90m_[0m[36m32[0m[90m_[0m[33m4[0m                                      arg  2 mem  17.57 GB tm      8.72us/  5971.22ms (      4 GFLOPS    4|4      GB/s)
*** AMD      171 E[90m_[0m[34m40[0m[90m_[0m[36m32[0m[90m_[0m[33m4[0m                                      arg  2 mem  17.57 GB tm      8.48us/  5971.23ms (      4 GFLOPS    4|4      GB/s)
*** AMD      172 E[90m_[0m[34m480[0m[90m_[0m[36m16[0m[90m_[0m[36m8[0m[90m_[0m[33m4[0m                                   arg  2 mem  17.57 GB tm     13.40us/  5971.24ms (     28 GFLOPS   56|64     GB/s)
*** AMD      173 E[90m_[0m[34m480[0m[90m_[0m[36m16[0m[90m_[0m[36m8[0m[90m_[0m[33m4[0m                                   arg  2 mem  17.57 GB tm     13.28us/  5971.25ms (     28 GFLOPS   57|65     GB/s)
*** AMD      174 E[90m_[0m[34m320[0m[90m_[0m[36m32[0m[90m_[0m[33m4[0m                                     arg  2 mem  17.57 GB tm     10.08us/  5971.26ms (     24 GFLOPS   24|24     GB/s)
*** AMD      175 E[90m_[0m[34m3[0m[90m_[0m[36m4[0m[90m_[0m[33m4[0m                                        arg  2 mem  17.57 GB tm      7.48us/  5971.27ms (      0 GFLOPS    0|0      GB/s)
*** AMD      176 E[90m_[0m[34m3[0m[90m_[0m[36m4[0m[90m_[0m[33m4[0m                                        arg  2 mem  17.57 GB tm      7.44us/  5971.28ms (      0 GFLOPS    0|0      GB/s)
*** AMD      177 E[90m_[0m[36m32[0m[90m_[0m[33m4[0m                                         arg  2 mem  17.57 GB tm      8.08us/  5971.28ms (      0 GFLOPS    0|0      GB/s)
*** AMD      178 E[90m_[0m[34m40[0m[90m_[0m[36m32[0m[90m_[0m[33m4[0m                                      arg  2 mem  17.57 GB tm      8.48us/  5971.29ms (      4 GFLOPS    4|4      GB/s)
*** AMD      179 E[90m_[0m[34m40[0m[90m_[0m[36m32[0m[90m_[0m[33m4[0m                                      arg  2 mem  17.57 GB tm      8.40us/  5971.30ms (      4 GFLOPS    4|4      GB/s)
*** AMD      180 E[90m_[0m[34m480[0m[90m_[0m[36m16[0m[90m_[0m[36m8[0m[90m_[0m[33m4[0m                                   arg  2 mem  17.57 GB tm     13.04us/  5971.31ms (     28 GFLOPS   58|66     GB/s)
*** AMD      181 E[90m_[0m[34m480[0m[90m_[0m[36m16[0m[90m_[0m[36m8[0m[90m_[0m[33m4[0m                                   arg  2 mem  17.57 GB tm     14.24us/  5971.33ms (     26 GFLOPS   53|60     GB/s)
*** AMD      182 E[90m_[0m[34m320[0m[90m_[0m[36m32[0m[90m_[0m[33m4[0m                                     arg  2 mem  17.57 GB tm      9.84us/  5971.34ms (     25 GFLOPS   25|25     GB/s)
*** AMD      183 E[90m_[0m[34m3[0m[90m_[0m[36m4[0m[90m_[0m[33m4[0m                                        arg  2 mem  17.57 GB tm      7.68us/  5971.35ms (      0 GFLOPS    0|0      GB/s)
*** AMD      184 E[90m_[0m[34m3[0m[90m_[0m[36m4[0m[90m_[0m[33m4[0m                                        arg  2 mem  17.57 GB tm      7.68us/  5971.35ms (      0 GFLOPS    0|0      GB/s)
*** AMD      185 E[90m_[0m[36m32[0m[90m_[0m[33m4[0m                                         arg  2 mem  17.57 GB tm      8.44us/  5971.36ms (      0 GFLOPS    0|0      GB/s)
*** AMD      186 E[90m_[0m[34m40[0m[90m_[0m[36m32[0m[90m_[0m[33m4[0m                                      arg  2 mem  17.57 GB tm      8.72us/  5971.37ms (      4 GFLOPS    4|4      GB/s)
*** AMD      187 E[90m_[0m[34m40[0m[90m_[0m[36m32[0m[90m_[0m[33m4[0m                                      arg  2 mem  17.57 GB tm      8.88us/  5971.38ms (      3 GFLOPS    3|3      GB/s)
*** AMD      188 E[90m_[0m[34m480[0m[90m_[0m[36m16[0m[90m_[0m[36m8[0m[90m_[0m[33m4[0m                                   arg  2 mem  17.57 GB tm     12.92us/  5971.39ms (     29 GFLOPS   58|67     GB/s)
*** AMD      189 E[90m_[0m[34m480[0m[90m_[0m[36m16[0m[90m_[0m[36m8[0m[90m_[0m[33m4[0m                                   arg  2 mem  17.57 GB tm     12.80us/  5971.41ms (     29 GFLOPS   59|67     GB/s)
*** AMD      190 E[90m_[0m[34m320[0m[90m_[0m[36m32[0m[90m_[0m[33m4[0m                                     arg  2 mem  17.57 GB tm     10.16us/  5971.42ms (     24 GFLOPS   24|24     GB/s)
*** AMD      191 E[90m_[0m[34m3[0m[90m_[0m[36m4[0m[90m_[0m[33m4[0m                                        arg  2 mem  17.57 GB tm      7.68us/  5971.42ms (      0 GFLOPS    0|0      GB/s)
*** AMD      192 E[90m_[0m[34m3[0m[90m_[0m[36m4[0m[90m_[0m[33m4[0m                                        arg  2 mem  17.57 GB tm      7.64us/  5971.43ms (      0 GFLOPS    0|0      GB/s)
*** AMD      193 E[90m_[0m[36m32[0m[90m_[0m[33m4[0m                                         arg  2 mem  17.57 GB tm      8.40us/  5971.44ms (      0 GFLOPS    0|0      GB/s)
*** AMD      194 E[90m_[0m[34m40[0m[90m_[0m[36m32[0m[90m_[0m[33m4[0m                                      arg  2 mem  17.57 GB tm      8.68us/  5971.45ms (      4 GFLOPS    4|4      GB/s)
*** AMD      195 E[90m_[0m[34m40[0m[90m_[0m[36m32[0m[90m_[0m[33m4[0m                                      arg  2 mem  17.57 GB tm      8.64us/  5971.46ms (      4 GFLOPS    4|4      GB/s)
*** AMD      196 E[90m_[0m[34m2[0m[90m_[0m[36m32[0m[90m_[0m[33m4[0m                                       arg  2 mem  17.57 GB tm      8.88us/  5971.47ms (      0 GFLOPS    0|0      GB/s)
*** AMD      197 E[90m_[0m[34m2[0m[90m_[0m[36m32[0m[90m_[0m[33m4[0m                                       arg  2 mem  17.57 GB tm      8.32us/  5971.47ms (      0 GFLOPS    0|0      GB/s)
*** AMD      198 E[90m_[0m[34m40[0m[90m_[0m[36m32[0m[90m_[0m[33m4[0m                                      arg  2 mem  17.57 GB tm      8.84us/  5971.48ms (      3 GFLOPS    3|3      GB/s)
*** AMD      199 E[90m_[0m[34m40[0m[90m_[0m[36m32[0m[90m_[0m[33m4[0m                                      arg  2 mem  17.57 GB tm      8.68us/  5971.49ms (      4 GFLOPS    4|4      GB/s)
*** AMD      200 E[90m_[0m[34m480[0m[90m_[0m[36m16[0m[90m_[0m[36m8[0m[90m_[0m[33m4[0m                                   arg  2 mem  17.57 GB tm     14.96us/  5971.51ms (     25 GFLOPS   50|57     GB/s)
*** AMD      201 E[90m_[0m[34m480[0m[90m_[0m[36m16[0m[90m_[0m[36m8[0m[90m_[0m[33m4[0m                                   arg  2 mem  17.57 GB tm     13.96us/  5971.52ms (     26 GFLOPS   54|62     GB/s)
*** AMD      202 E[90m_[0m[34m320[0m[90m_[0m[36m32[0m[90m_[0m[33m4[0m                                     arg  2 mem  17.57 GB tm     10.28us/  5971.53ms (     24 GFLOPS   24|24     GB/s)
*** AMD      203 E[90m_[0m[34m3[0m[90m_[0m[36m4[0m[90m_[0m[33m4[0m                                        arg  2 mem  17.57 GB tm      7.72us/  5971.54ms (      0 GFLOPS    0|0      GB/s)
*** AMD      204 E[90m_[0m[34m3[0m[90m_[0m[36m4[0m[90m_[0m[33m4[0m                                        arg  2 mem  17.57 GB tm      7.72us/  5971.55ms (      0 GFLOPS    0|0      GB/s)
*** AMD      205 E[90m_[0m[36m32[0m[90m_[0m[33m4[0m                                         arg  2 mem  17.57 GB tm      8.28us/  5971.55ms (      0 GFLOPS    0|0      GB/s)
*** AMD      206 E[90m_[0m[34m40[0m[90m_[0m[36m32[0m[90m_[0m[33m4[0m                                      arg  2 mem  17.57 GB tm      8.84us/  5971.56ms (      3 GFLOPS    3|3      GB/s)
*** AMD      207 E[90m_[0m[34m40[0m[90m_[0m[36m32[0m[90m_[0m[33m4[0m                                      arg  2 mem  17.57 GB tm      8.80us/  5971.57ms (      3 GFLOPS    3|3      GB/s)
*** AMD      208 E[90m_[0m[34m480[0m[90m_[0m[36m16[0m[90m_[0m[36m8[0m[90m_[0m[33m4[0m                                   arg  2 mem  17.57 GB tm     13.12us/  5971.59ms (     28 GFLOPS   57|66     GB/s)
*** AMD      209 E[90m_[0m[34m480[0m[90m_[0m[36m16[0m[90m_[0m[36m8[0m[90m_[0m[33m4[0m                                   arg  2 mem  17.57 GB tm     14.12us/  5971.60ms (     26 GFLOPS   53|61     GB/s)
*** AMD      210 E[90m_[0m[34m320[0m[90m_[0m[36m32[0m[90m_[0m[33m4[0m                                     arg  2 mem  17.57 GB tm     10.00us/  5971.61ms (     25 GFLOPS   25|25     GB/s)
*** AMD      211 E[90m_[0m[34m3[0m[90m_[0m[36m4[0m[90m_[0m[33m4[0m                                        arg  2 mem  17.57 GB tm      7.68us/  5971.62ms (      0 GFLOPS    0|0      GB/s)
*** AMD      212 E[90m_[0m[34m3[0m[90m_[0m[36m4[0m[90m_[0m[33m4[0m                                        arg  2 mem  17.57 GB tm      7.68us/  5971.63ms (      0 GFLOPS    0|0      GB/s)
*** AMD      213 E[90m_[0m[36m32[0m[90m_[0m[33m4[0m                                         arg  2 mem  17.57 GB tm      8.32us/  5971.63ms (      0 GFLOPS    0|0      GB/s)
*** AMD      214 E[90m_[0m[34m40[0m[90m_[0m[36m32[0m[90m_[0m[33m4[0m                                      arg  2 mem  17.57 GB tm      8.72us/  5971.64ms (      4 GFLOPS    4|4      GB/s)
*** AMD      215 E[90m_[0m[34m40[0m[90m_[0m[36m32[0m[90m_[0m[33m4[0m                                      arg  2 mem  17.57 GB tm      8.80us/  5971.65ms (      3 GFLOPS    3|3      GB/s)
*** AMD      216 E[90m_[0m[34m480[0m[90m_[0m[36m16[0m[90m_[0m[36m8[0m[90m_[0m[33m4[0m                                   arg  2 mem  17.57 GB tm     14.04us/  5971.66ms (     26 GFLOPS   54|61     GB/s)
*** AMD      217 E[90m_[0m[34m480[0m[90m_[0m[36m16[0m[90m_[0m[36m8[0m[90m_[0m[33m4[0m                                   arg  2 mem  17.57 GB tm     14.12us/  5971.68ms (     26 GFLOPS   53|61     GB/s)
*** AMD      218 E[90m_[0m[34m320[0m[90m_[0m[36m32[0m[90m_[0m[33m4[0m                                     arg  2 mem  17.57 GB tm      9.92us/  5971.69ms (     25 GFLOPS   25|25     GB/s)
*** AMD      219 E[90m_[0m[34m3[0m[90m_[0m[36m4[0m[90m_[0m[33m4[0m                                        arg  2 mem  17.57 GB tm      7.68us/  5971.70ms (      0 GFLOPS    0|0      GB/s)
*** AMD      220 E[90m_[0m[34m3[0m[90m_[0m[36m4[0m[90m_[0m[33m4[0m                                        arg  2 mem  17.57 GB tm      7.68us/  5971.70ms (      0 GFLOPS    0|0      GB/s)
*** AMD      221 E[90m_[0m[36m32[0m[90m_[0m[33m4[0m                                         arg  2 mem  17.57 GB tm      8.36us/  5971.71ms (      0 GFLOPS    0|0      GB/s)
*** AMD      222 E[90m_[0m[34m40[0m[90m_[0m[36m32[0m[90m_[0m[33m4[0m                                      arg  2 mem  17.57 GB tm      8.72us/  5971.72ms (      4 GFLOPS    4|4      GB/s)
*** AMD      223 E[90m_[0m[34m40[0m[90m_[0m[36m32[0m[90m_[0m[33m4[0m                                      arg  2 mem  17.57 GB tm      8.72us/  5971.73ms (      4 GFLOPS    4|4      GB/s)
*** AMD      224 E[90m_[0m[34m2[0m[90m_[0m[36m32[0m[90m_[0m[33m4[0m                                       arg  2 mem  17.57 GB tm      8.68us/  5971.74ms (      0 GFLOPS    0|0      GB/s)
*** AMD      225 E[90m_[0m[34m2[0m[90m_[0m[36m32[0m[90m_[0m[33m4[0m                                       arg  2 mem  17.57 GB tm      8.28us/  5971.75ms (      0 GFLOPS    0|0      GB/s)
*** AMD      226 E[90m_[0m[34m40[0m[90m_[0m[36m32[0m[90m_[0m[33m4[0m                                      arg  2 mem  17.57 GB tm      8.48us/  5971.76ms (      4 GFLOPS    4|4      GB/s)
*** AMD      227 E[90m_[0m[34m40[0m[90m_[0m[36m32[0m[90m_[0m[33m4[0m                                      arg  2 mem  17.57 GB tm      8.64us/  5971.76ms (      4 GFLOPS    4|4      GB/s)
*** AMD      228 E[90m_[0m[34m480[0m[90m_[0m[36m16[0m[90m_[0m[36m8[0m[90m_[0m[33m4[0m                                   arg  2 mem  17.57 GB tm     12.84us/  5971.78ms (     29 GFLOPS   59|67     GB/s)
*** AMD      229 E[90m_[0m[34m480[0m[90m_[0m[36m16[0m[90m_[0m[36m8[0m[90m_[0m[33m4[0m                                   arg  2 mem  17.58 GB tm     13.48us/  5971.79ms (     27 GFLOPS   56|64     GB/s)
*** AMD      230 E[90m_[0m[34m320[0m[90m_[0m[36m32[0m[90m_[0m[33m4[0m                                     arg  2 mem  17.58 GB tm     10.32us/  5971.80ms (     24 GFLOPS   24|24     GB/s)
*** AMD      231 E[90m_[0m[34m3[0m[90m_[0m[36m4[0m[90m_[0m[33m4[0m                                        arg  2 mem  17.58 GB tm      7.88us/  5971.81ms (      0 GFLOPS    0|0      GB/s)
*** AMD      232 E[90m_[0m[34m3[0m[90m_[0m[36m4[0m[90m_[0m[33m4[0m                                        arg  2 mem  17.58 GB tm      7.92us/  5971.82ms (      0 GFLOPS    0|0      GB/s)
*** AMD      233 E[90m_[0m[36m32[0m[90m_[0m[33m4[0m                                         arg  2 mem  17.58 GB tm      8.28us/  5971.82ms (      0 GFLOPS    0|0      GB/s)
*** AMD      234 E[90m_[0m[34m40[0m[90m_[0m[36m32[0m[90m_[0m[33m4[0m                                      arg  2 mem  17.58 GB tm      8.92us/  5971.83ms (      3 GFLOPS    3|3      GB/s)
*** AMD      235 E[90m_[0m[34m40[0m[90m_[0m[36m32[0m[90m_[0m[33m4[0m                                      arg  2 mem  17.58 GB tm      8.88us/  5971.84ms (      3 GFLOPS    3|3      GB/s)
*** AMD      236 E[90m_[0m[34m480[0m[90m_[0m[36m16[0m[90m_[0m[36m8[0m[90m_[0m[33m4[0m                                   arg  2 mem  17.58 GB tm     14.08us/  5971.86ms (     26 GFLOPS   53|61     GB/s)
*** AMD      237 E[90m_[0m[34m480[0m[90m_[0m[36m16[0m[90m_[0m[36m8[0m[90m_[0m[33m4[0m                                   arg  2 mem  17.58 GB tm     13.52us/  5971.87ms (     27 GFLOPS   56|64     GB/s)
*** AMD      238 E[90m_[0m[34m320[0m[90m_[0m[36m32[0m[90m_[0m[33m4[0m                                     arg  2 mem  17.58 GB tm      9.80us/  5971.88ms (     25 GFLOPS   25|25     GB/s)
*** AMD      239 E[90m_[0m[34m3[0m[90m_[0m[36m4[0m[90m_[0m[33m4[0m                                        arg  2 mem  17.58 GB tm      8.00us/  5971.89ms (      0 GFLOPS    0|0      GB/s)
*** AMD      240 E[90m_[0m[34m3[0m[90m_[0m[36m4[0m[90m_[0m[33m4[0m                                        arg  2 mem  17.58 GB tm      8.00us/  5971.90ms (      0 GFLOPS    0|0      GB/s)
*** AMD      241 E[90m_[0m[36m32[0m[90m_[0m[33m4[0m                                         arg  2 mem  17.58 GB tm      8.44us/  5971.90ms (      0 GFLOPS    0|0      GB/s)
*** AMD      242 E[90m_[0m[34m40[0m[90m_[0m[36m32[0m[90m_[0m[33m4[0m                                      arg  2 mem  17.58 GB tm      9.00us/  5971.91ms (      3 GFLOPS    3|3      GB/s)
*** AMD      243 E[90m_[0m[34m40[0m[90m_[0m[36m32[0m[90m_[0m[33m4[0m                                      arg  2 mem  17.58 GB tm      8.68us/  5971.92ms (      4 GFLOPS    4|4      GB/s)
*** AMD      244 E[90m_[0m[34m480[0m[90m_[0m[36m16[0m[90m_[0m[36m8[0m[90m_[0m[33m4[0m                                   arg  2 mem  17.58 GB tm     14.36us/  5971.94ms (     26 GFLOPS   52|60     GB/s)
*** AMD      245 E[90m_[0m[34m480[0m[90m_[0m[36m16[0m[90m_[0m[36m8[0m[90m_[0m[33m4[0m                                   arg  2 mem  17.58 GB tm     14.28us/  5971.95ms (     26 GFLOPS   53|60     GB/s)
*** AMD      246 E[90m_[0m[34m320[0m[90m_[0m[36m32[0m[90m_[0m[33m4[0m                                     arg  2 mem  17.58 GB tm     11.00us/  5971.96ms (     22 GFLOPS   22|22     GB/s)
*** AMD      247 E[90m_[0m[34m3[0m[90m_[0m[36m4[0m[90m_[0m[33m4[0m                                        arg  2 mem  17.58 GB tm      7.84us/  5971.97ms (      0 GFLOPS    0|0      GB/s)
*** AMD      248 E[90m_[0m[34m3[0m[90m_[0m[36m4[0m[90m_[0m[33m4[0m                                        arg  2 mem  17.58 GB tm      7.72us/  5971.98ms (      0 GFLOPS    0|0      GB/s)
*** AMD      249 E[90m_[0m[36m32[0m[90m_[0m[33m4[0m                                         arg  2 mem  17.58 GB tm      8.40us/  5971.99ms (      0 GFLOPS    0|0      GB/s)
*** AMD      250 E[90m_[0m[34m40[0m[90m_[0m[36m32[0m[90m_[0m[33m4[0m                                      arg  2 mem  17.58 GB tm      8.68us/  5971.99ms (      4 GFLOPS    4|4      GB/s)
*** AMD      251 E[90m_[0m[34m40[0m[90m_[0m[36m32[0m[90m_[0m[33m4[0m                                      arg  2 mem  17.58 GB tm      8.84us/  5972.00ms (      3 GFLOPS    3|3      GB/s)
*** AMD      252 E[90m_[0m[34m2[0m[90m_[0m[36m32[0m[90m_[0m[33m4[0m                                       arg  2 mem  17.58 GB tm      8.80us/  5972.01ms (      0 GFLOPS    0|0      GB/s)
*** AMD      253 E[90m_[0m[34m2[0m[90m_[0m[36m32[0m[90m_[0m[33m4[0m                                       arg  2 mem  17.58 GB tm      8.32us/  5972.02ms (      0 GFLOPS    0|0      GB/s)
*** AMD      254 E[90m_[0m[34m40[0m[90m_[0m[36m32[0m[90m_[0m[33m4[0m                                      arg  2 mem  17.58 GB tm      8.64us/  5972.03ms (      4 GFLOPS    4|4      GB/s)
*** AMD      255 E[90m_[0m[34m40[0m[90m_[0m[36m32[0m[90m_[0m[33m4[0m                                      arg  2 mem  17.58 GB tm      8.72us/  5972.04ms (      4 GFLOPS    4|4      GB/s)
*** AMD      256 E[90m_[0m[34m480[0m[90m_[0m[36m16[0m[90m_[0m[36m8[0m[90m_[0m[33m4[0m                                   arg  2 mem  17.58 GB tm     15.12us/  5972.05ms (     24 GFLOPS   50|57     GB/s)
*** AMD      257 E[90m_[0m[34m480[0m[90m_[0m[36m16[0m[90m_[0m[36m8[0m[90m_[0m[33m4[0m                                   arg  2 mem  17.58 GB tm     13.48us/  5972.07ms (     27 GFLOPS   56|64     GB/s)
*** AMD      258 E[90m_[0m[34m320[0m[90m_[0m[36m32[0m[90m_[0m[33m4[0m                                     arg  2 mem  17.58 GB tm      9.96us/  5972.08ms (     25 GFLOPS   25|25     GB/s)
*** AMD      259 E[90m_[0m[34m3[0m[90m_[0m[36m4[0m[90m_[0m[33m4[0m                                        arg  2 mem  17.58 GB tm      7.68us/  5972.08ms (      0 GFLOPS    0|0      GB/s)
*** AMD      260 E[90m_[0m[34m3[0m[90m_[0m[36m4[0m[90m_[0m[33m4[0m                                        arg  2 mem  17.58 GB tm      7.64us/  5972.09ms (      0 GFLOPS    0|0      GB/s)
*** AMD      261 E[90m_[0m[36m32[0m[90m_[0m[33m4[0m                                         arg  2 mem  17.58 GB tm      8.32us/  5972.10ms (      0 GFLOPS    0|0      GB/s)
*** AMD      262 E[90m_[0m[34m40[0m[90m_[0m[36m32[0m[90m_[0m[33m4[0m                                      arg  2 mem  17.58 GB tm      8.68us/  5972.11ms (      4 GFLOPS    4|4      GB/s)
*** AMD      263 E[90m_[0m[34m40[0m[90m_[0m[36m32[0m[90m_[0m[33m4[0m                                      arg  2 mem  17.58 GB tm      8.60us/  5972.12ms (      4 GFLOPS    4|4      GB/s)
*** AMD      264 E[90m_[0m[34m480[0m[90m_[0m[36m16[0m[90m_[0m[36m8[0m[90m_[0m[33m4[0m                                   arg  2 mem  17.58 GB tm     12.60us/  5972.13ms (     29 GFLOPS   60|68     GB/s)
*** AMD      265 E[90m_[0m[34m480[0m[90m_[0m[36m16[0m[90m_[0m[36m8[0m[90m_[0m[33m4[0m                                   arg  2 mem  17.58 GB tm     14.92us/  5972.14ms (     25 GFLOPS   50|58     GB/s)
*** AMD      266 E[90m_[0m[34m320[0m[90m_[0m[36m32[0m[90m_[0m[33m4[0m                                     arg  2 mem  17.58 GB tm     10.36us/  5972.16ms (     24 GFLOPS   24|24     GB/s)
*** AMD      267 E[90m_[0m[34m3[0m[90m_[0m[36m4[0m[90m_[0m[33m4[0m                                        arg  2 mem  17.58 GB tm      7.64us/  5972.16ms (      0 GFLOPS    0|0      GB/s)
*** AMD      268 E[90m_[0m[34m3[0m[90m_[0m[36m4[0m[90m_[0m[33m4[0m                                        arg  2 mem  17.58 GB tm      7.68us/  5972.17ms (      0 GFLOPS    0|0      GB/s)
*** AMD      269 E[90m_[0m[36m32[0m[90m_[0m[33m4[0m                                         arg  2 mem  17.58 GB tm      8.28us/  5972.18ms (      0 GFLOPS    0|0      GB/s)
*** AMD      270 E[90m_[0m[34m40[0m[90m_[0m[36m32[0m[90m_[0m[33m4[0m                                      arg  2 mem  17.58 GB tm      8.84us/  5972.19ms (      3 GFLOPS    3|3      GB/s)
*** AMD      271 E[90m_[0m[34m40[0m[90m_[0m[36m32[0m[90m_[0m[33m4[0m                                      arg  2 mem  17.58 GB tm      8.92us/  5972.20ms (      3 GFLOPS    3|3      GB/s)
*** AMD      272 E[90m_[0m[34m480[0m[90m_[0m[36m16[0m[90m_[0m[36m8[0m[90m_[0m[33m4[0m                                   arg  2 mem  17.58 GB tm     13.80us/  5972.21ms (     27 GFLOPS   55|62     GB/s)
*** AMD      273 E[90m_[0m[34m480[0m[90m_[0m[36m16[0m[90m_[0m[36m8[0m[90m_[0m[33m4[0m                                   arg  2 mem  17.58 GB tm     12.96us/  5972.22ms (     28 GFLOPS   58|66     GB/s)
*** AMD      274 E[90m_[0m[34m320[0m[90m_[0m[36m32[0m[90m_[0m[33m4[0m                                     arg  2 mem  17.58 GB tm      9.56us/  5972.23ms (     26 GFLOPS   26|26     GB/s)
*** AMD      275 E[90m_[0m[34m3[0m[90m_[0m[36m4[0m[90m_[0m[33m4[0m                                        arg  2 mem  17.58 GB tm      7.72us/  5972.24ms (      0 GFLOPS    0|0      GB/s)
*** AMD      276 E[90m_[0m[34m3[0m[90m_[0m[36m4[0m[90m_[0m[33m4[0m                                        arg  2 mem  17.58 GB tm      7.72us/  5972.25ms (      0 GFLOPS    0|0      GB/s)
*** AMD      277 E[90m_[0m[36m32[0m[90m_[0m[33m4[0m                                         arg  2 mem  17.58 GB tm      8.36us/  5972.26ms (      0 GFLOPS    0|0      GB/s)
*** AMD      278 E[90m_[0m[34m40[0m[90m_[0m[36m32[0m[90m_[0m[33m4[0m                                      arg  2 mem  17.58 GB tm      8.52us/  5972.27ms (      4 GFLOPS    4|4      GB/s)
*** AMD      279 E[90m_[0m[34m40[0m[90m_[0m[36m32[0m[90m_[0m[33m4[0m                                      arg  2 mem  17.58 GB tm      8.72us/  5972.27ms (      4 GFLOPS    4|4      GB/s)
*** AMD      280 E[90m_[0m[34m2[0m[90m_[0m[36m32[0m[90m_[0m[33m4[0m                                       arg  2 mem  17.58 GB tm      8.64us/  5972.28ms (      0 GFLOPS    0|0      GB/s)
*** AMD      281 E[90m_[0m[34m2[0m[90m_[0m[36m32[0m[90m_[0m[33m4[0m                                       arg  2 mem  17.58 GB tm      8.32us/  5972.29ms (      0 GFLOPS    0|0      GB/s)
*** AMD      282 E[90m_[0m[34m40[0m[90m_[0m[36m32[0m[90m_[0m[33m4[0m                                      arg  2 mem  17.58 GB tm      8.32us/  5972.30ms (      4 GFLOPS    4|4      GB/s)
*** AMD      283 E[90m_[0m[34m40[0m[90m_[0m[36m32[0m[90m_[0m[33m4[0m                                      arg  2 mem  17.58 GB tm      8.72us/  5972.31ms (      4 GFLOPS    4|4      GB/s)
*** AMD      284 E[90m_[0m[34m480[0m[90m_[0m[36m16[0m[90m_[0m[36m8[0m[90m_[0m[33m4[0m                                   arg  2 mem  17.58 GB tm     12.52us/  5972.32ms (     29 GFLOPS   60|69     GB/s)
*** AMD      285 E[90m_[0m[34m480[0m[90m_[0m[36m16[0m[90m_[0m[36m8[0m[90m_[0m[33m4[0m                                   arg  2 mem  17.58 GB tm     14.28us/  5972.33ms (     26 GFLOPS   53|60     GB/s)
*** AMD      286 E[90m_[0m[34m320[0m[90m_[0m[36m32[0m[90m_[0m[33m4[0m                                     arg  2 mem  17.58 GB tm     10.36us/  5972.35ms (     24 GFLOPS   24|24     GB/s)
*** AMD      287 E[90m_[0m[34m3[0m[90m_[0m[36m4[0m[90m_[0m[33m4[0m                                        arg  2 mem  17.58 GB tm      7.72us/  5972.35ms (      0 GFLOPS    0|0      GB/s)
*** AMD      288 E[90m_[0m[34m3[0m[90m_[0m[36m4[0m[90m_[0m[33m4[0m                                        arg  2 mem  17.58 GB tm      7.64us/  5972.36ms (      0 GFLOPS    0|0      GB/s)
*** AMD      289 E[90m_[0m[36m32[0m[90m_[0m[33m4[0m                                         arg  2 mem  17.58 GB tm      8.64us/  5972.37ms (      0 GFLOPS    0|0      GB/s)
*** AMD      290 E[90m_[0m[34m40[0m[90m_[0m[36m32[0m[90m_[0m[33m4[0m                                      arg  2 mem  17.58 GB tm      8.68us/  5972.38ms (      4 GFLOPS    4|4      GB/s)
*** AMD      291 E[90m_[0m[34m40[0m[90m_[0m[36m32[0m[90m_[0m[33m4[0m                                      arg  2 mem  17.58 GB tm      8.80us/  5972.39ms (      3 GFLOPS    3|3      GB/s)
*** AMD      292 E[90m_[0m[34m480[0m[90m_[0m[36m16[0m[90m_[0m[36m8[0m[90m_[0m[33m4[0m                                   arg  2 mem  17.58 GB tm     14.40us/  5972.40ms (     26 GFLOPS   52|60     GB/s)
*** AMD      293 E[90m_[0m[34m480[0m[90m_[0m[36m16[0m[90m_[0m[36m8[0m[90m_[0m[33m4[0m                                   arg  2 mem  17.58 GB tm     14.12us/  5972.42ms (     26 GFLOPS   53|61     GB/s)
*** AMD      294 E[90m_[0m[34m320[0m[90m_[0m[36m32[0m[90m_[0m[33m4[0m                                     arg  2 mem  17.58 GB tm      9.80us/  5972.42ms (     25 GFLOPS   25|25     GB/s)
*** AMD      295 E[90m_[0m[34m3[0m[90m_[0m[36m4[0m[90m_[0m[33m4[0m                                        arg  2 mem  17.58 GB tm      7.72us/  5972.43ms (      0 GFLOPS    0|0      GB/s)
*** AMD      296 E[90m_[0m[34m3[0m[90m_[0m[36m4[0m[90m_[0m[33m4[0m                                        arg  2 mem  17.58 GB tm      7.68us/  5972.44ms (      0 GFLOPS    0|0      GB/s)
*** AMD      297 E[90m_[0m[36m32[0m[90m_[0m[33m4[0m                                         arg  2 mem  17.58 GB tm      8.20us/  5972.45ms (      0 GFLOPS    0|0      GB/s)
*** AMD      298 E[90m_[0m[34m40[0m[90m_[0m[36m32[0m[90m_[0m[33m4[0m                                      arg  2 mem  17.58 GB tm      8.68us/  5972.46ms (      4 GFLOPS    4|4      GB/s)
*** AMD      299 E[90m_[0m[34m40[0m[90m_[0m[36m32[0m[90m_[0m[33m4[0m                                      arg  2 mem  17.58 GB tm      8.92us/  5972.47ms (      3 GFLOPS    3|3      GB/s)
*** AMD      300 E[90m_[0m[34m480[0m[90m_[0m[36m16[0m[90m_[0m[36m8[0m[90m_[0m[33m4[0m                                   arg  2 mem  17.58 GB tm     13.96us/  5972.48ms (     26 GFLOPS   54|62     GB/s)
*** AMD      301 E[90m_[0m[34m480[0m[90m_[0m[36m16[0m[90m_[0m[36m8[0m[90m_[0m[33m4[0m                                   arg  2 mem  17.58 GB tm     13.20us/  5972.49ms (     28 GFLOPS   57|65     GB/s)
*** AMD      302 E[90m_[0m[34m320[0m[90m_[0m[36m32[0m[90m_[0m[33m4[0m                                     arg  2 mem  17.58 GB tm      9.80us/  5972.50ms (     25 GFLOPS   25|25     GB/s)
*** AMD      303 E[90m_[0m[34m3[0m[90m_[0m[36m4[0m[90m_[0m[33m4[0m                                        arg  2 mem  17.58 GB tm      8.24us/  5972.51ms (      0 GFLOPS    0|0      GB/s)
*** AMD      304 E[90m_[0m[34m3[0m[90m_[0m[36m4[0m[90m_[0m[33m4[0m                                        arg  2 mem  17.58 GB tm      7.48us/  5972.52ms (      0 GFLOPS    0|0      GB/s)
*** AMD      305 E[90m_[0m[36m32[0m[90m_[0m[33m4[0m                                         arg  2 mem  17.58 GB tm      8.04us/  5972.53ms (      0 GFLOPS    0|0      GB/s)
*** AMD      306 E[90m_[0m[34m40[0m[90m_[0m[36m32[0m[90m_[0m[33m4[0m                                      arg  2 mem  17.58 GB tm      8.48us/  5972.54ms (      4 GFLOPS    4|4      GB/s)
*** AMD      307 E[90m_[0m[34m40[0m[90m_[0m[36m32[0m[90m_[0m[33m4[0m                                      arg  2 mem  17.58 GB tm      8.40us/  5972.54ms (      4 GFLOPS    4|4      GB/s)
*** AMD      308 E[90m_[0m[34m2[0m[90m_[0m[36m32[0m[90m_[0m[33m4[0m                                       arg  2 mem  17.58 GB tm      8.44us/  5972.55ms (      0 GFLOPS    0|0      GB/s)
*** AMD      309 E[90m_[0m[34m2[0m[90m_[0m[36m32[0m[90m_[0m[33m4[0m                                       arg  2 mem  17.58 GB tm      8.04us/  5972.56ms (      0 GFLOPS    0|0      GB/s)
*** AMD      310 E[90m_[0m[34m40[0m[90m_[0m[36m32[0m[90m_[0m[33m4[0m                                      arg  2 mem  17.58 GB tm      8.64us/  5972.57ms (      4 GFLOPS    4|4      GB/s)
*** AMD      311 E[90m_[0m[34m40[0m[90m_[0m[36m32[0m[90m_[0m[33m4[0m                                      arg  2 mem  17.58 GB tm      8.44us/  5972.58ms (      4 GFLOPS    4|4      GB/s)
*** AMD      312 E[90m_[0m[34m480[0m[90m_[0m[36m16[0m[90m_[0m[36m8[0m[90m_[0m[33m4[0m                                   arg  2 mem  17.58 GB tm     13.28us/  5972.59ms (     28 GFLOPS   57|65     GB/s)
*** AMD      313 E[90m_[0m[34m480[0m[90m_[0m[36m16[0m[90m_[0m[36m8[0m[90m_[0m[33m4[0m                                   arg  2 mem  17.59 GB tm     13.00us/  5972.60ms (     28 GFLOPS   58|66     GB/s)
*** AMD      314 E[90m_[0m[34m320[0m[90m_[0m[36m32[0m[90m_[0m[33m4[0m                                     arg  2 mem  17.59 GB tm     10.08us/  5972.61ms (     24 GFLOPS   24|24     GB/s)
*** AMD      315 E[90m_[0m[34m3[0m[90m_[0m[36m4[0m[90m_[0m[33m4[0m                                        arg  2 mem  17.59 GB tm      7.52us/  5972.62ms (      0 GFLOPS    0|0      GB/s)
*** AMD      316 E[90m_[0m[34m3[0m[90m_[0m[36m4[0m[90m_[0m[33m4[0m                                        arg  2 mem  17.59 GB tm      7.48us/  5972.63ms (      0 GFLOPS    0|0      GB/s)
*** AMD      317 E[90m_[0m[36m32[0m[90m_[0m[33m4[0m                                         arg  2 mem  17.59 GB tm      8.00us/  5972.64ms (      0 GFLOPS    0|0      GB/s)
*** AMD      318 E[90m_[0m[34m40[0m[90m_[0m[36m32[0m[90m_[0m[33m4[0m                                      arg  2 mem  17.59 GB tm      8.72us/  5972.65ms (      4 GFLOPS    4|4      GB/s)
*** AMD      319 E[90m_[0m[34m40[0m[90m_[0m[36m32[0m[90m_[0m[33m4[0m                                      arg  2 mem  17.59 GB tm      8.68us/  5972.65ms (      4 GFLOPS    4|4      GB/s)
*** AMD      320 E[90m_[0m[34m480[0m[90m_[0m[36m16[0m[90m_[0m[36m8[0m[90m_[0m[33m4[0m                                   arg  2 mem  17.59 GB tm     12.60us/  5972.67ms (     29 GFLOPS   60|68     GB/s)
*** AMD      321 E[90m_[0m[34m480[0m[90m_[0m[36m16[0m[90m_[0m[36m8[0m[90m_[0m[33m4[0m                                   arg  2 mem  17.59 GB tm     12.76us/  5972.68ms (     29 GFLOPS   59|67     GB/s)
*** AMD      322 E[90m_[0m[34m320[0m[90m_[0m[36m32[0m[90m_[0m[33m4[0m                                     arg  2 mem  17.59 GB tm     10.20us/  5972.69ms (     24 GFLOPS   24|24     GB/s)
*** AMD      323 E[90m_[0m[34m3[0m[90m_[0m[36m4[0m[90m_[0m[33m4[0m                                        arg  2 mem  17.59 GB tm      7.60us/  5972.70ms (      0 GFLOPS    0|0      GB/s)
*** AMD      324 E[90m_[0m[34m3[0m[90m_[0m[36m4[0m[90m_[0m[33m4[0m                                        arg  2 mem  17.59 GB tm      7.92us/  5972.71ms (      0 GFLOPS    0|0      GB/s)
*** AMD      325 E[90m_[0m[36m32[0m[90m_[0m[33m4[0m                                         arg  2 mem  17.59 GB tm      8.28us/  5972.71ms (      0 GFLOPS    0|0      GB/s)
*** AMD      326 E[90m_[0m[34m40[0m[90m_[0m[36m32[0m[90m_[0m[33m4[0m                                      arg  2 mem  17.59 GB tm      8.64us/  5972.72ms (      4 GFLOPS    4|4      GB/s)
*** AMD      327 E[90m_[0m[34m40[0m[90m_[0m[36m32[0m[90m_[0m[33m4[0m                                      arg  2 mem  17.59 GB tm      8.60us/  5972.73ms (      4 GFLOPS    4|4      GB/s)
*** AMD      328 E[90m_[0m[34m480[0m[90m_[0m[36m16[0m[90m_[0m[36m8[0m[90m_[0m[33m4[0m                                   arg  2 mem  17.59 GB tm     13.32us/  5972.74ms (     28 GFLOPS   57|65     GB/s)
*** AMD      329 E[90m_[0m[34m480[0m[90m_[0m[36m16[0m[90m_[0m[36m8[0m[90m_[0m[33m4[0m                                   arg  2 mem  17.59 GB tm     13.68us/  5972.76ms (     27 GFLOPS   55|63     GB/s)
*** AMD      330 E[90m_[0m[34m320[0m[90m_[0m[36m32[0m[90m_[0m[33m4[0m                                     arg  2 mem  17.59 GB tm      9.76us/  5972.77ms (     25 GFLOPS   25|25     GB/s)
*** AMD      331 E[90m_[0m[34m3[0m[90m_[0m[36m4[0m[90m_[0m[33m4[0m                                        arg  2 mem  17.59 GB tm      7.88us/  5972.78ms (      0 GFLOPS    0|0      GB/s)
*** AMD      332 E[90m_[0m[34m3[0m[90m_[0m[36m4[0m[90m_[0m[33m4[0m                                        arg  2 mem  17.59 GB tm      7.68us/  5972.78ms (      0 GFLOPS    0|0      GB/s)
*** AMD      333 E[90m_[0m[36m32[0m[90m_[0m[33m4[0m                                         arg  2 mem  17.59 GB tm      8.32us/  5972.79ms (      0 GFLOPS    0|0      GB/s)
*** AMD      334 E[90m_[0m[34m40[0m[90m_[0m[36m32[0m[90m_[0m[33m4[0m                                      arg  2 mem  17.59 GB tm      8.76us/  5972.80ms (      4 GFLOPS    4|4      GB/s)
*** AMD      335 E[90m_[0m[34m40[0m[90m_[0m[36m32[0m[90m_[0m[33m4[0m                                      arg  2 mem  17.59 GB tm      8.64us/  5972.81ms (      4 GFLOPS    4|4      GB/s)
*** AMD      336 E[90m_[0m[34m2[0m[90m_[0m[36m32[0m[90m_[0m[33m4[0m                                       arg  2 mem  17.59 GB tm      8.64us/  5972.82ms (      0 GFLOPS    0|0      GB/s)
*** AMD      337 E[90m_[0m[34m2[0m[90m_[0m[36m32[0m[90m_[0m[33m4[0m                                       arg  2 mem  17.59 GB tm      8.36us/  5972.83ms (      0 GFLOPS    0|0      GB/s)
*** AMD      338 E[90m_[0m[34m40[0m[90m_[0m[36m32[0m[90m_[0m[33m4[0m                                      arg  2 mem  17.59 GB tm      8.96us/  5972.83ms (      3 GFLOPS    3|3      GB/s)
*** AMD      339 E[90m_[0m[34m40[0m[90m_[0m[36m32[0m[90m_[0m[33m4[0m                                      arg  2 mem  17.59 GB tm      8.64us/  5972.84ms (      4 GFLOPS    4|4      GB/s)
*** AMD      340 E[90m_[0m[34m480[0m[90m_[0m[36m16[0m[90m_[0m[36m8[0m[90m_[0m[33m4[0m                                   arg  2 mem  17.59 GB tm     13.60us/  5972.86ms (     27 GFLOPS   55|63     GB/s)
*** AMD      341 E[90m_[0m[34m480[0m[90m_[0m[36m16[0m[90m_[0m[36m8[0m[90m_[0m[33m4[0m                                   arg  2 mem  17.59 GB tm     13.48us/  5972.87ms (     27 GFLOPS   56|64     GB/s)
*** AMD      342 E[90m_[0m[34m320[0m[90m_[0m[36m32[0m[90m_[0m[33m4[0m                                     arg  2 mem  17.59 GB tm     10.24us/  5972.88ms (     24 GFLOPS   24|24     GB/s)
*** AMD      343 E[90m_[0m[34m3[0m[90m_[0m[36m4[0m[90m_[0m[33m4[0m                                        arg  2 mem  17.59 GB tm      7.64us/  5972.89ms (      0 GFLOPS    0|0      GB/s)
*** AMD      344 E[90m_[0m[34m3[0m[90m_[0m[36m4[0m[90m_[0m[33m4[0m                                        arg  2 mem  17.59 GB tm      7.80us/  5972.90ms (      0 GFLOPS    0|0      GB/s)
*** AMD      345 E[90m_[0m[36m32[0m[90m_[0m[33m4[0m                                         arg  2 mem  17.59 GB tm      8.28us/  5972.90ms (      0 GFLOPS    0|0      GB/s)
*** AMD      346 E[90m_[0m[34m40[0m[90m_[0m[36m32[0m[90m_[0m[33m4[0m                                      arg  2 mem  17.59 GB tm      8.84us/  5972.91ms (      3 GFLOPS    3|3      GB/s)
*** AMD      347 E[90m_[0m[34m40[0m[90m_[0m[36m32[0m[90m_[0m[33m4[0m                                      arg  2 mem  17.59 GB tm      8.84us/  5972.92ms (      3 GFLOPS    3|3      GB/s)
*** AMD      348 E[90m_[0m[34m480[0m[90m_[0m[36m16[0m[90m_[0m[36m8[0m[90m_[0m[33m4[0m                                   arg  2 mem  17.59 GB tm     14.00us/  5972.94ms (     26 GFLOPS   54|61     GB/s)
*** AMD      349 E[90m_[0m[34m480[0m[90m_[0m[36m16[0m[90m_[0m[36m8[0m[90m_[0m[33m4[0m                                   arg  2 mem  17.59 GB tm     13.40us/  5972.95ms (     28 GFLOPS   56|64     GB/s)
*** AMD      350 E[90m_[0m[34m320[0m[90m_[0m[36m32[0m[90m_[0m[33m4[0m                                     arg  2 mem  17.59 GB tm      9.80us/  5972.96ms (     25 GFLOPS   25|25     GB/s)
*** AMD      351 E[90m_[0m[34m3[0m[90m_[0m[36m4[0m[90m_[0m[33m4[0m                                        arg  2 mem  17.59 GB tm      7.72us/  5972.97ms (      0 GFLOPS    0|0      GB/s)
*** AMD      352 E[90m_[0m[34m3[0m[90m_[0m[36m4[0m[90m_[0m[33m4[0m                                        arg  2 mem  17.59 GB tm      7.72us/  5972.97ms (      0 GFLOPS    0|0      GB/s)
*** AMD      353 E[90m_[0m[36m32[0m[90m_[0m[33m4[0m                                         arg  2 mem  17.59 GB tm      8.24us/  5972.98ms (      0 GFLOPS    0|0      GB/s)
*** AMD      354 E[90m_[0m[34m40[0m[90m_[0m[36m32[0m[90m_[0m[33m4[0m                                      arg  2 mem  17.59 GB tm      8.68us/  5972.99ms (      4 GFLOPS    4|4      GB/s)
*** AMD      355 E[90m_[0m[34m40[0m[90m_[0m[36m32[0m[90m_[0m[33m4[0m                                      arg  2 mem  17.59 GB tm      8.64us/  5973.00ms (      4 GFLOPS    4|4      GB/s)
*** AMD      356 E[90m_[0m[34m480[0m[90m_[0m[36m16[0m[90m_[0m[36m8[0m[90m_[0m[33m4[0m                                   arg  2 mem  17.59 GB tm     13.84us/  5973.01ms (     27 GFLOPS   54|62     GB/s)
*** AMD      357 E[90m_[0m[34m480[0m[90m_[0m[36m16[0m[90m_[0m[36m8[0m[90m_[0m[33m4[0m                                   arg  2 mem  17.59 GB tm     14.72us/  5973.03ms (     25 GFLOPS   51|58     GB/s)
*** AMD      358 E[90m_[0m[34m320[0m[90m_[0m[36m32[0m[90m_[0m[33m4[0m                                     arg  2 mem  17.59 GB tm      9.76us/  5973.04ms (     25 GFLOPS   25|25     GB/s)
*** AMD      359 E[90m_[0m[34m3[0m[90m_[0m[36m4[0m[90m_[0m[33m4[0m                                        arg  2 mem  17.59 GB tm      7.68us/  5973.05ms (      0 GFLOPS    0|0      GB/s)
*** AMD      360 E[90m_[0m[34m3[0m[90m_[0m[36m4[0m[90m_[0m[33m4[0m                                        arg  2 mem  17.59 GB tm      7.76us/  5973.05ms (      0 GFLOPS    0|0      GB/s)
*** AMD      361 E[90m_[0m[36m32[0m[90m_[0m[33m4[0m                                         arg  2 mem  17.59 GB tm      8.36us/  5973.06ms (      0 GFLOPS    0|0      GB/s)
*** AMD      362 E[90m_[0m[34m40[0m[90m_[0m[36m32[0m[90m_[0m[33m4[0m                                      arg  2 mem  17.59 GB tm      8.96us/  5973.07ms (      3 GFLOPS    3|3      GB/s)
*** AMD      363 E[90m_[0m[34m40[0m[90m_[0m[36m32[0m[90m_[0m[33m4[0m                                      arg  2 mem  17.59 GB tm      8.68us/  5973.08ms (      4 GFLOPS    4|4      GB/s)
*** AMD      364 E[90m_[0m[34m2[0m[90m_[0m[36m32[0m[90m_[0m[33m4[0m                                       arg  2 mem  17.59 GB tm      8.72us/  5973.09ms (      0 GFLOPS    0|0      GB/s)
*** AMD      365 E[90m_[0m[34m2[0m[90m_[0m[36m32[0m[90m_[0m[33m4[0m                                       arg  2 mem  17.59 GB tm      8.28us/  5973.10ms (      0 GFLOPS    0|0      GB/s)
*** AMD      366 E[90m_[0m[34m40[0m[90m_[0m[36m32[0m[90m_[0m[33m4[0m                                      arg  2 mem  17.59 GB tm      8.64us/  5973.11ms (      4 GFLOPS    4|4      GB/s)
*** AMD      367 E[90m_[0m[34m40[0m[90m_[0m[36m32[0m[90m_[0m[33m4[0m                                      arg  2 mem  17.59 GB tm      8.92us/  5973.11ms (      3 GFLOPS    3|3      GB/s)
*** AMD      368 E[90m_[0m[34m480[0m[90m_[0m[36m16[0m[90m_[0m[36m8[0m[90m_[0m[33m4[0m                                   arg  2 mem  17.59 GB tm     13.68us/  5973.13ms (     27 GFLOPS   55|63     GB/s)
*** AMD      369 E[90m_[0m[34m480[0m[90m_[0m[36m16[0m[90m_[0m[36m8[0m[90m_[0m[33m4[0m                                   arg  2 mem  17.59 GB tm     13.88us/  5973.14ms (     27 GFLOPS   54|62     GB/s)
*** AMD      370 E[90m_[0m[34m320[0m[90m_[0m[36m32[0m[90m_[0m[33m4[0m                                     arg  2 mem  17.59 GB tm     10.20us/  5973.15ms (     24 GFLOPS   24|24     GB/s)
*** AMD      371 E[90m_[0m[34m3[0m[90m_[0m[36m4[0m[90m_[0m[33m4[0m                                        arg  2 mem  17.59 GB tm      7.68us/  5973.16ms (      0 GFLOPS    0|0      GB/s)
*** AMD      372 E[90m_[0m[34m3[0m[90m_[0m[36m4[0m[90m_[0m[33m4[0m                                        arg  2 mem  17.59 GB tm      7.60us/  5973.17ms (      0 GFLOPS    0|0      GB/s)
*** AMD      373 E[90m_[0m[36m32[0m[90m_[0m[33m4[0m                                         arg  2 mem  17.59 GB tm      8.28us/  5973.18ms (      0 GFLOPS    0|0      GB/s)
*** AMD      374 E[90m_[0m[34m40[0m[90m_[0m[36m32[0m[90m_[0m[33m4[0m                                      arg  2 mem  17.59 GB tm      8.68us/  5973.18ms (      4 GFLOPS    4|4      GB/s)
*** AMD      375 E[90m_[0m[34m40[0m[90m_[0m[36m32[0m[90m_[0m[33m4[0m                                      arg  2 mem  17.59 GB tm      8.80us/  5973.19ms (      3 GFLOPS    3|3      GB/s)
*** AMD      376 E[90m_[0m[34m480[0m[90m_[0m[36m16[0m[90m_[0m[36m8[0m[90m_[0m[33m4[0m                                   arg  2 mem  17.59 GB tm     13.72us/  5973.21ms (     27 GFLOPS   55|63     GB/s)
*** AMD      377 E[90m_[0m[34m480[0m[90m_[0m[36m16[0m[90m_[0m[36m8[0m[90m_[0m[33m4[0m                                   arg  2 mem  17.59 GB tm     14.68us/  5973.22ms (     25 GFLOPS   51|59     GB/s)
*** AMD      378 E[90m_[0m[34m320[0m[90m_[0m[36m32[0m[90m_[0m[33m4[0m                                     arg  2 mem  17.59 GB tm     11.00us/  5973.23ms (     22 GFLOPS   22|22     GB/s)
*** AMD      379 E[90m_[0m[34m3[0m[90m_[0m[36m4[0m[90m_[0m[33m4[0m                                        arg  2 mem  17.59 GB tm      7.92us/  5973.24ms (      0 GFLOPS    0|0      GB/s)
*** AMD      380 E[90m_[0m[34m3[0m[90m_[0m[36m4[0m[90m_[0m[33m4[0m                                        arg  2 mem  17.59 GB tm      7.92us/  5973.25ms (      0 GFLOPS    0|0      GB/s)
*** AMD      381 E[90m_[0m[36m32[0m[90m_[0m[33m4[0m                                         arg  2 mem  17.59 GB tm      9.36us/  5973.26ms (      0 GFLOPS    0|0      GB/s)
*** AMD      382 E[90m_[0m[34m40[0m[90m_[0m[36m32[0m[90m_[0m[33m4[0m                                      arg  2 mem  17.59 GB tm      8.88us/  5973.27ms (      3 GFLOPS    3|3      GB/s)
*** AMD      383 E[90m_[0m[34m40[0m[90m_[0m[36m32[0m[90m_[0m[33m4[0m                                      arg  2 mem  17.59 GB tm      9.12us/  5973.28ms (      3 GFLOPS    3|3      GB/s)
*** AMD      384 E[90m_[0m[34m480[0m[90m_[0m[36m16[0m[90m_[0m[36m8[0m[90m_[0m[33m4[0m                                   arg  2 mem  17.59 GB tm     14.20us/  5973.29ms (     26 GFLOPS   53|61     GB/s)
*** AMD      385 E[90m_[0m[34m480[0m[90m_[0m[36m16[0m[90m_[0m[36m8[0m[90m_[0m[33m4[0m                                   arg  2 mem  17.59 GB tm     15.00us/  5973.31ms (     25 GFLOPS   50|57     GB/s)
*** AMD      386 E[90m_[0m[34m320[0m[90m_[0m[36m32[0m[90m_[0m[33m4[0m                                     arg  2 mem  17.59 GB tm     10.44us/  5973.32ms (     24 GFLOPS   24|24     GB/s)
*** AMD      387 E[90m_[0m[34m3[0m[90m_[0m[36m4[0m[90m_[0m[33m4[0m                                        arg  2 mem  17.59 GB tm      7.68us/  5973.32ms (      0 GFLOPS    0|0      GB/s)
*** AMD      388 E[90m_[0m[34m3[0m[90m_[0m[36m4[0m[90m_[0m[33m4[0m                                        arg  2 mem  17.59 GB tm      7.72us/  5973.33ms (      0 GFLOPS    0|0      GB/s)
*** AMD      389 E[90m_[0m[36m32[0m[90m_[0m[33m4[0m                                         arg  2 mem  17.59 GB tm      8.40us/  5973.34ms (      0 GFLOPS    0|0      GB/s)
*** AMD      390 E[90m_[0m[34m40[0m[90m_[0m[36m32[0m[90m_[0m[33m4[0m                                      arg  2 mem  17.59 GB tm      8.72us/  5973.35ms (      4 GFLOPS    4|4      GB/s)
*** AMD      391 E[90m_[0m[34m40[0m[90m_[0m[36m32[0m[90m_[0m[33m4[0m                                      arg  2 mem  17.59 GB tm      8.64us/  5973.36ms (      4 GFLOPS    4|4      GB/s)
*** AMD      392 E[90m_[0m[34m2[0m[90m_[0m[36m32[0m[90m_[0m[33m4[0m                                       arg  2 mem  17.59 GB tm      8.68us/  5973.37ms (      0 GFLOPS    0|0      GB/s)
*** AMD      393 E[90m_[0m[34m2[0m[90m_[0m[36m32[0m[90m_[0m[33m4[0m                                       arg  2 mem  17.59 GB tm      8.28us/  5973.37ms (      0 GFLOPS    0|0      GB/s)
*** AMD      394 E[90m_[0m[34m40[0m[90m_[0m[36m32[0m[90m_[0m[33m4[0m                                      arg  2 mem  17.59 GB tm      8.68us/  5973.38ms (      4 GFLOPS    4|4      GB/s)
*** AMD      395 E[90m_[0m[34m40[0m[90m_[0m[36m32[0m[90m_[0m[33m4[0m                                      arg  2 mem  17.59 GB tm      8.64us/  5973.39ms (      4 GFLOPS    4|4      GB/s)
*** AMD      396 E[90m_[0m[34m480[0m[90m_[0m[36m16[0m[90m_[0m[36m8[0m[90m_[0m[33m4[0m                                   arg  2 mem  17.59 GB tm     14.56us/  5973.41ms (     25 GFLOPS   52|59     GB/s)
*** AMD      397 E[90m_[0m[34m480[0m[90m_[0m[36m16[0m[90m_[0m[36m8[0m[90m_[0m[33m4[0m                                   arg  2 mem  17.60 GB tm     15.32us/  5973.42ms (     24 GFLOPS   49|56     GB/s)
*** AMD      398 E[90m_[0m[34m320[0m[90m_[0m[36m32[0m[90m_[0m[33m4[0m                                     arg  2 mem  17.60 GB tm     11.76us/  5973.43ms (     21 GFLOPS   21|21     GB/s)
*** AMD      399 E[90m_[0m[34m3[0m[90m_[0m[36m4[0m[90m_[0m[33m4[0m                                        arg  2 mem  17.60 GB tm      7.72us/  5973.44ms (      0 GFLOPS    0|0      GB/s)
*** AMD      400 E[90m_[0m[34m3[0m[90m_[0m[36m4[0m[90m_[0m[33m4[0m                                        arg  2 mem  17.60 GB tm      7.68us/  5973.45ms (      0 GFLOPS    0|0      GB/s)
*** AMD      401 E[90m_[0m[36m32[0m[90m_[0m[33m4[0m                                         arg  2 mem  17.60 GB tm      8.28us/  5973.46ms (      0 GFLOPS    0|0      GB/s)
*** AMD      402 E[90m_[0m[34m40[0m[90m_[0m[36m32[0m[90m_[0m[33m4[0m                                      arg  2 mem  17.60 GB tm      9.16us/  5973.47ms (      3 GFLOPS    3|3      GB/s)
*** AMD      403 E[90m_[0m[34m40[0m[90m_[0m[36m32[0m[90m_[0m[33m4[0m                                      arg  2 mem  17.60 GB tm      8.64us/  5973.47ms (      4 GFLOPS    4|4      GB/s)
*** AMD      404 E[90m_[0m[34m480[0m[90m_[0m[36m16[0m[90m_[0m[36m8[0m[90m_[0m[33m4[0m                                   arg  2 mem  17.60 GB tm     14.48us/  5973.49ms (     25 GFLOPS   52|59     GB/s)
*** AMD      405 E[90m_[0m[34m480[0m[90m_[0m[36m16[0m[90m_[0m[36m8[0m[90m_[0m[33m4[0m                                   arg  2 mem  17.60 GB tm     13.40us/  5973.50ms (     28 GFLOPS   56|64     GB/s)
*** AMD      406 E[90m_[0m[34m320[0m[90m_[0m[36m32[0m[90m_[0m[33m4[0m                                     arg  2 mem  17.60 GB tm     10.52us/  5973.51ms (     23 GFLOPS   23|23     GB/s)
*** AMD      407 E[90m_[0m[34m3[0m[90m_[0m[36m4[0m[90m_[0m[33m4[0m                                        arg  2 mem  17.60 GB tm      7.76us/  5973.52ms (      0 GFLOPS    0|0      GB/s)
*** AMD      408 E[90m_[0m[34m3[0m[90m_[0m[36m4[0m[90m_[0m[33m4[0m                                        arg  2 mem  17.60 GB tm      7.76us/  5973.53ms (      0 GFLOPS    0|0      GB/s)
*** AMD      409 E[90m_[0m[36m32[0m[90m_[0m[33m4[0m                                         arg  2 mem  17.60 GB tm      8.32us/  5973.54ms (      0 GFLOPS    0|0      GB/s)
*** AMD      410 E[90m_[0m[34m40[0m[90m_[0m[36m32[0m[90m_[0m[33m4[0m                                      arg  2 mem  17.60 GB tm      8.72us/  5973.55ms (      4 GFLOPS    4|4      GB/s)
*** AMD      411 E[90m_[0m[34m40[0m[90m_[0m[36m32[0m[90m_[0m[33m4[0m                                      arg  2 mem  17.60 GB tm      8.64us/  5973.55ms (      4 GFLOPS    4|4      GB/s)
*** AMD      412 E[90m_[0m[34m480[0m[90m_[0m[36m16[0m[90m_[0m[36m8[0m[90m_[0m[33m4[0m                                   arg  2 mem  17.60 GB tm     14.32us/  5973.57ms (     26 GFLOPS   53|60     GB/s)
*** AMD      413 E[90m_[0m[34m480[0m[90m_[0m[36m16[0m[90m_[0m[36m8[0m[90m_[0m[33m4[0m                                   arg  2 mem  17.60 GB tm     13.64us/  5973.58ms (     27 GFLOPS   55|63     GB/s)
*** AMD      414 E[90m_[0m[34m320[0m[90m_[0m[36m32[0m[90m_[0m[33m4[0m                                     arg  2 mem  17.60 GB tm     10.00us/  5973.59ms (     25 GFLOPS   25|25     GB/s)
*** AMD      415 E[90m_[0m[34m3[0m[90m_[0m[36m4[0m[90m_[0m[33m4[0m                                        arg  2 mem  17.60 GB tm      7.88us/  5973.60ms (      0 GFLOPS    0|0      GB/s)
*** AMD      416 E[90m_[0m[34m3[0m[90m_[0m[36m4[0m[90m_[0m[33m4[0m                                        arg  2 mem  17.60 GB tm      7.68us/  5973.61ms (      0 GFLOPS    0|0      GB/s)
*** AMD      417 E[90m_[0m[36m32[0m[90m_[0m[33m4[0m                                         arg  2 mem  17.60 GB tm      8.32us/  5973.62ms (      0 GFLOPS    0|0      GB/s)
*** AMD      418 E[90m_[0m[34m40[0m[90m_[0m[36m32[0m[90m_[0m[33m4[0m                                      arg  2 mem  17.60 GB tm      8.32us/  5973.62ms (      4 GFLOPS    4|4      GB/s)
*** AMD      419 E[90m_[0m[34m40[0m[90m_[0m[36m32[0m[90m_[0m[33m4[0m                                      arg  2 mem  17.60 GB tm      8.64us/  5973.63ms (      4 GFLOPS    4|4      GB/s)
*** AMD      420 E[90m_[0m[34m2[0m[90m_[0m[36m32[0m[90m_[0m[33m4[0m                                       arg  2 mem  17.60 GB tm      8.68us/  5973.64ms (      0 GFLOPS    0|0      GB/s)
*** AMD      421 E[90m_[0m[34m2[0m[90m_[0m[36m32[0m[90m_[0m[33m4[0m                                       arg  2 mem  17.60 GB tm      8.36us/  5973.65ms (      0 GFLOPS    0|0      GB/s)
*** AMD      422 E[90m_[0m[34m40[0m[90m_[0m[36m32[0m[90m_[0m[33m4[0m                                      arg  2 mem  17.60 GB tm      8.68us/  5973.66ms (      4 GFLOPS    4|4      GB/s)
*** AMD      423 E[90m_[0m[34m40[0m[90m_[0m[36m32[0m[90m_[0m[33m4[0m                                      arg  2 mem  17.60 GB tm      8.68us/  5973.67ms (      4 GFLOPS    4|4      GB/s)
*** AMD      424 E[90m_[0m[34m480[0m[90m_[0m[36m16[0m[90m_[0m[36m8[0m[90m_[0m[33m4[0m                                   arg  2 mem  17.60 GB tm     13.60us/  5973.68ms (     27 GFLOPS   55|63     GB/s)
*** AMD      425 E[90m_[0m[34m480[0m[90m_[0m[36m16[0m[90m_[0m[36m8[0m[90m_[0m[33m4[0m                                   arg  2 mem  17.60 GB tm     13.60us/  5973.69ms (     27 GFLOPS   55|63     GB/s)
*** AMD      426 E[90m_[0m[34m320[0m[90m_[0m[36m32[0m[90m_[0m[33m4[0m                                     arg  2 mem  17.60 GB tm      9.72us/  5973.70ms (     25 GFLOPS   25|25     GB/s)
*** AMD      427 E[90m_[0m[34m3[0m[90m_[0m[36m4[0m[90m_[0m[33m4[0m                                        arg  2 mem  17.60 GB tm      7.88us/  5973.71ms (      0 GFLOPS    0|0      GB/s)
*** AMD      428 E[90m_[0m[34m3[0m[90m_[0m[36m4[0m[90m_[0m[33m4[0m                                        arg  2 mem  17.60 GB tm      7.72us/  5973.72ms (      0 GFLOPS    0|0      GB/s)
*** AMD      429 E[90m_[0m[36m32[0m[90m_[0m[33m4[0m                                         arg  2 mem  17.60 GB tm      8.44us/  5973.73ms (      0 GFLOPS    0|0      GB/s)
*** AMD      430 E[90m_[0m[34m40[0m[90m_[0m[36m32[0m[90m_[0m[33m4[0m                                      arg  2 mem  17.60 GB tm      8.92us/  5973.74ms (      3 GFLOPS    3|3      GB/s)
*** AMD      431 E[90m_[0m[34m40[0m[90m_[0m[36m32[0m[90m_[0m[33m4[0m                                      arg  2 mem  17.60 GB tm      8.92us/  5973.75ms (      3 GFLOPS    3|3      GB/s)
*** AMD      432 E[90m_[0m[34m480[0m[90m_[0m[36m16[0m[90m_[0m[36m8[0m[90m_[0m[33m4[0m                                   arg  2 mem  17.60 GB tm     14.36us/  5973.76ms (     26 GFLOPS   52|60     GB/s)
*** AMD      433 E[90m_[0m[34m480[0m[90m_[0m[36m16[0m[90m_[0m[36m8[0m[90m_[0m[33m4[0m                                   arg  2 mem  17.60 GB tm     14.64us/  5973.77ms (     25 GFLOPS   51|59     GB/s)
*** AMD      434 E[90m_[0m[34m320[0m[90m_[0m[36m32[0m[90m_[0m[33m4[0m                                     arg  2 mem  17.60 GB tm     10.48us/  5973.79ms (     23 GFLOPS   23|23     GB/s)
*** AMD      435 E[90m_[0m[34m3[0m[90m_[0m[36m4[0m[90m_[0m[33m4[0m                                        arg  2 mem  17.60 GB tm      7.76us/  5973.79ms (      0 GFLOPS    0|0      GB/s)
*** AMD      436 E[90m_[0m[34m3[0m[90m_[0m[36m4[0m[90m_[0m[33m4[0m                                        arg  2 mem  17.60 GB tm      7.68us/  5973.80ms (      0 GFLOPS    0|0      GB/s)
*** AMD      437 E[90m_[0m[36m32[0m[90m_[0m[33m4[0m                                         arg  2 mem  17.60 GB tm      8.28us/  5973.81ms (      0 GFLOPS    0|0      GB/s)
*** AMD      438 E[90m_[0m[34m40[0m[90m_[0m[36m32[0m[90m_[0m[33m4[0m                                      arg  2 mem  17.60 GB tm      9.28us/  5973.82ms (      3 GFLOPS    3|3      GB/s)
*** AMD      439 E[90m_[0m[34m40[0m[90m_[0m[36m32[0m[90m_[0m[33m4[0m                                      arg  2 mem  17.60 GB tm      9.24us/  5973.83ms (      3 GFLOPS    3|3      GB/s)
*** AMD      440 E[90m_[0m[34m480[0m[90m_[0m[36m16[0m[90m_[0m[36m8[0m[90m_[0m[33m4[0m                                   arg  2 mem  17.60 GB tm     14.52us/  5973.84ms (     25 GFLOPS   52|59     GB/s)
*** AMD      441 E[90m_[0m[34m480[0m[90m_[0m[36m16[0m[90m_[0m[36m8[0m[90m_[0m[33m4[0m                                   arg  2 mem  17.60 GB tm     14.56us/  5973.86ms (     25 GFLOPS   52|59     GB/s)
*** AMD      442 E[90m_[0m[34m320[0m[90m_[0m[36m32[0m[90m_[0m[33m4[0m                                     arg  2 mem  17.60 GB tm     10.24us/  5973.87ms (     24 GFLOPS   24|24     GB/s)
*** AMD      443 E[90m_[0m[34m3[0m[90m_[0m[36m4[0m[90m_[0m[33m4[0m                                        arg  2 mem  17.60 GB tm      7.84us/  5973.87ms (      0 GFLOPS    0|0      GB/s)
*** AMD      444 E[90m_[0m[34m3[0m[90m_[0m[36m4[0m[90m_[0m[33m4[0m                                        arg  2 mem  17.60 GB tm      7.68us/  5973.88ms (      0 GFLOPS    0|0      GB/s)
*** AMD      445 E[90m_[0m[36m32[0m[90m_[0m[33m4[0m                                         arg  2 mem  17.60 GB tm      8.32us/  5973.89ms (      0 GFLOPS    0|0      GB/s)
*** AMD      446 E[90m_[0m[34m40[0m[90m_[0m[36m32[0m[90m_[0m[33m4[0m                                      arg  2 mem  17.60 GB tm      9.28us/  5973.90ms (      3 GFLOPS    3|3      GB/s)
*** AMD      447 E[90m_[0m[34m40[0m[90m_[0m[36m32[0m[90m_[0m[33m4[0m                                      arg  2 mem  17.60 GB tm      9.24us/  5973.91ms (      3 GFLOPS    3|3      GB/s)
*** AMD      448 E[90m_[0m[34m2[0m[90m_[0m[36m32[0m[90m_[0m[33m4[0m                                       arg  2 mem  17.60 GB tm      9.52us/  5973.92ms (      0 GFLOPS    0|0      GB/s)
*** AMD      449 E[90m_[0m[34m2[0m[90m_[0m[36m32[0m[90m_[0m[33m4[0m                                       arg  2 mem  17.60 GB tm      8.32us/  5973.93ms (      0 GFLOPS    0|0      GB/s)
*** AMD      450 E[90m_[0m[34m40[0m[90m_[0m[36m32[0m[90m_[0m[33m4[0m                                      arg  2 mem  17.60 GB tm      9.12us/  5973.94ms (      3 GFLOPS    3|3      GB/s)
*** AMD      451 E[90m_[0m[34m40[0m[90m_[0m[36m32[0m[90m_[0m[33m4[0m                                      arg  2 mem  17.60 GB tm      8.32us/  5973.94ms (      4 GFLOPS    4|4      GB/s)
*** AMD      452 E[90m_[0m[34m40[0m[90m_[0m[36m32[0m[90m_[0m[33m4[0m                                      arg  2 mem  17.60 GB tm      8.84us/  5973.95ms (      3 GFLOPS    3|3      GB/s)
*** AMD      453 E[90m_[0m[34m2[0m[90m_[0m[36m32[0m[90m_[0m[33m4[0m                                       arg  2 mem  17.60 GB tm      9.32us/  5973.96ms (      0 GFLOPS    0|0      GB/s)
*** AMD      454 E[90m_[0m[34m2[0m[90m_[0m[36m32[0m[90m_[0m[33m4[0m                                       arg  2 mem  17.60 GB tm     10.08us/  5973.97ms (      0 GFLOPS    0|0      GB/s)
*** AMD      455 E[90m_[0m[34m40[0m[90m_[0m[36m32[0m[90m_[0m[33m4[0m                                      arg  2 mem  17.60 GB tm      7.80us/  5973.98ms (      4 GFLOPS    4|4      GB/s)
*** AMD      456 E[90m_[0m[34m40[0m[90m_[0m[36m32[0m[90m_[0m[33m4[0m                                      arg  2 mem  17.60 GB tm      7.60us/  5973.99ms (      4 GFLOPS    4|4      GB/s)
*** AMD      457 E[90m_[0m[34m40[0m[90m_[0m[36m32[0m[90m_[0m[33m4[0m                                      arg  2 mem  17.60 GB tm      7.72us/  5974.00ms (      4 GFLOPS    4|4      GB/s)
loaded weights in 2588.42 ms
scheduled   216 kernels in   109.57 ms | CACHE MISS e3e93c71 |   36475 uops in cache | <frozen runpy>:88
compiling:   0%|                                          | 0/3 [00:00<?, ?it/s]compiling E[90m_[0m[34m40[0m[90m_[0m[36m32[0m[90m_[0m[33m4[0m                               :  33%|▎| 1/3 [00:00<00:00,  7.69it/s]compiling E[90m_[0m[34m2[0m[90m_[0m[36m32[0m[90m_[0m[33m4[0m                                :  67%|▋| 2/3 [00:00<00:00, 15.14it/s]compiling E[90m_[0m[36m32[0m[90m_[0m[33m4[0m                                  : 100%|█| 3/3 [00:00<00:00, 17.04it/s]compiling E[90m_[0m[36m32[0m[90m_[0m[33m4[0m                                  : 100%|█| 3/3 [00:00<00:00, 17.03it/s]
[32m*** AMD      458[0m E[90m_[0m[34m40[0m[90m_[0m[36m32[0m[90m_[0m[33m4[0m                                      arg  2 mem  17.60 GB tm     18.24us/  5974.01ms (      0 GFLOPS    2|2      GB/s)
*** AMD      459 E[90m_[0m[34m40[0m[90m_[0m[36m32[0m[90m_[0m[33m4[0m                                      arg  2 mem  17.60 GB tm     12.00us/  5974.03ms (      0 GFLOPS    3|3      GB/s)
[32m*** AMD      460[0m E[90m_[0m[36m32[0m[90m_[0m[33m4[0m                                         arg  2 mem  17.60 GB tm      6.88us/  5974.03ms (      0 GFLOPS    0|0      GB/s)
*** AMD      461 E[90m_[0m[34m40[0m[90m_[0m[36m32[0m[90m_[0m[33m4[0m                                      arg  2 mem  17.60 GB tm      8.36us/  5974.04ms (      0 GFLOPS    4|4      GB/s)
*** AMD      462 E[90m_[0m[34m40[0m[90m_[0m[36m32[0m[90m_[0m[33m4[0m                                      arg  2 mem  17.60 GB tm      7.76us/  5974.05ms (      0 GFLOPS    4|4      GB/s)
*** AMD      463 E[90m_[0m[36m32[0m[90m_[0m[33m4[0m                                         arg  2 mem  17.60 GB tm      9.16us/  5974.06ms (      0 GFLOPS    0|0      GB/s)
*** AMD      464 E[90m_[0m[34m40[0m[90m_[0m[36m32[0m[90m_[0m[33m4[0m                                      arg  2 mem  17.60 GB tm      8.12us/  5974.07ms (      0 GFLOPS    4|4      GB/s)
*** AMD      465 E[90m_[0m[34m40[0m[90m_[0m[36m32[0m[90m_[0m[33m4[0m                                      arg  2 mem  17.60 GB tm      8.24us/  5974.07ms (      0 GFLOPS    4|4      GB/s)
*** AMD      466 E[90m_[0m[36m32[0m[90m_[0m[33m4[0m                                         arg  2 mem  17.60 GB tm      8.00us/  5974.08ms (      0 GFLOPS    0|0      GB/s)
*** AMD      467 E[90m_[0m[34m40[0m[90m_[0m[36m32[0m[90m_[0m[33m4[0m                                      arg  2 mem  17.60 GB tm      7.60us/  5974.09ms (      0 GFLOPS    4|4      GB/s)
*** AMD      468 E[90m_[0m[34m40[0m[90m_[0m[36m32[0m[90m_[0m[33m4[0m                                      arg  2 mem  17.60 GB tm      7.64us/  5974.10ms (      0 GFLOPS    4|4      GB/s)
[32m*** AMD      469[0m E[90m_[0m[34m2[0m[90m_[0m[36m32[0m[90m_[0m[33m4[0m                                       arg  2 mem  17.60 GB tm      7.72us/  5974.11ms (      0 GFLOPS    0|0      GB/s)
*** AMD      470 E[90m_[0m[34m2[0m[90m_[0m[36m32[0m[90m_[0m[33m4[0m                                       arg  2 mem  17.60 GB tm      8.08us/  5974.11ms (      0 GFLOPS    0|0      GB/s)
*** AMD      471 E[90m_[0m[34m40[0m[90m_[0m[36m32[0m[90m_[0m[33m4[0m                                      arg  2 mem  17.60 GB tm      7.68us/  5974.12ms (      0 GFLOPS    4|4      GB/s)
*** AMD      472 E[90m_[0m[34m40[0m[90m_[0m[36m32[0m[90m_[0m[33m4[0m                                      arg  2 mem  17.60 GB tm      8.20us/  5974.13ms (      0 GFLOPS    4|4      GB/s)
*** AMD      473 E[90m_[0m[36m32[0m[90m_[0m[33m4[0m                                         arg  2 mem  17.60 GB tm      7.76us/  5974.14ms (      0 GFLOPS    0|0      GB/s)
*** AMD      474 E[90m_[0m[34m40[0m[90m_[0m[36m32[0m[90m_[0m[33m4[0m                                      arg  2 mem  17.60 GB tm      8.16us/  5974.15ms (      0 GFLOPS    4|4      GB/s)
*** AMD      475 E[90m_[0m[34m40[0m[90m_[0m[36m32[0m[90m_[0m[33m4[0m                                      arg  2 mem  17.60 GB tm      7.60us/  5974.15ms (      0 GFLOPS    4|4      GB/s)
*** AMD      476 E[90m_[0m[36m32[0m[90m_[0m[33m4[0m                                         arg  2 mem  17.60 GB tm      7.84us/  5974.16ms (      0 GFLOPS    0|0      GB/s)
*** AMD      477 E[90m_[0m[34m40[0m[90m_[0m[36m32[0m[90m_[0m[33m4[0m                                      arg  2 mem  17.60 GB tm      7.92us/  5974.17ms (      0 GFLOPS    4|4      GB/s)
*** AMD      478 E[90m_[0m[34m40[0m[90m_[0m[36m32[0m[90m_[0m[33m4[0m                                      arg  2 mem  17.60 GB tm      7.52us/  5974.18ms (      0 GFLOPS    4|4      GB/s)
*** AMD      479 E[90m_[0m[36m32[0m[90m_[0m[33m4[0m                                         arg  2 mem  17.60 GB tm      8.48us/  5974.18ms (      0 GFLOPS    0|0      GB/s)
*** AMD      480 E[90m_[0m[34m40[0m[90m_[0m[36m32[0m[90m_[0m[33m4[0m                                      arg  2 mem  17.60 GB tm      7.56us/  5974.19ms (      0 GFLOPS    4|4      GB/s)
*** AMD      481 E[90m_[0m[34m40[0m[90m_[0m[36m32[0m[90m_[0m[33m4[0m                                      arg  2 mem  17.60 GB tm      7.68us/  5974.20ms (      0 GFLOPS    4|4      GB/s)
*** AMD      482 E[90m_[0m[34m2[0m[90m_[0m[36m32[0m[90m_[0m[33m4[0m                                       arg  2 mem  17.60 GB tm      8.60us/  5974.21ms (      0 GFLOPS    0|0      GB/s)
*** AMD      483 E[90m_[0m[34m2[0m[90m_[0m[36m32[0m[90m_[0m[33m4[0m                                       arg  2 mem  17.60 GB tm      7.56us/  5974.22ms (      0 GFLOPS    0|0      GB/s)
*** AMD      484 E[90m_[0m[34m40[0m[90m_[0m[36m32[0m[90m_[0m[33m4[0m                                      arg  2 mem  17.60 GB tm      8.16us/  5974.22ms (      0 GFLOPS    4|4      GB/s)
*** AMD      485 E[90m_[0m[34m40[0m[90m_[0m[36m32[0m[90m_[0m[33m4[0m                                      arg  2 mem  17.60 GB tm      7.48us/  5974.23ms (      0 GFLOPS    4|4      GB/s)
*** AMD      486 E[90m_[0m[36m32[0m[90m_[0m[33m4[0m                                         arg  2 mem  17.60 GB tm      7.84us/  5974.24ms (      0 GFLOPS    0|0      GB/s)
*** AMD      487 E[90m_[0m[34m40[0m[90m_[0m[36m32[0m[90m_[0m[33m4[0m                                      arg  2 mem  17.60 GB tm      7.88us/  5974.25ms (      0 GFLOPS    4|4      GB/s)
*** AMD      488 E[90m_[0m[34m40[0m[90m_[0m[36m32[0m[90m_[0m[33m4[0m                                      arg  2 mem  17.60 GB tm      7.52us/  5974.26ms (      0 GFLOPS    4|4      GB/s)
*** AMD      489 E[90m_[0m[36m32[0m[90m_[0m[33m4[0m                                         arg  2 mem  17.60 GB tm      7.52us/  5974.26ms (      0 GFLOPS    0|0      GB/s)
*** AMD      490 E[90m_[0m[34m40[0m[90m_[0m[36m32[0m[90m_[0m[33m4[0m                                      arg  2 mem  17.60 GB tm      9.36us/  5974.27ms (      0 GFLOPS    3|3      GB/s)
*** AMD      491 E[90m_[0m[34m40[0m[90m_[0m[36m32[0m[90m_[0m[33m4[0m                                      arg  2 mem  17.60 GB tm      7.56us/  5974.28ms (      0 GFLOPS    4|4      GB/s)
*** AMD      492 E[90m_[0m[36m32[0m[90m_[0m[33m4[0m                                         arg  2 mem  17.60 GB tm      7.84us/  5974.29ms (      0 GFLOPS    0|0      GB/s)
*** AMD      493 E[90m_[0m[34m40[0m[90m_[0m[36m32[0m[90m_[0m[33m4[0m                                      arg  2 mem  17.60 GB tm      9.20us/  5974.30ms (      0 GFLOPS    3|3      GB/s)
*** AMD      494 E[90m_[0m[34m40[0m[90m_[0m[36m32[0m[90m_[0m[33m4[0m                                      arg  2 mem  17.60 GB tm      8.44us/  5974.30ms (      0 GFLOPS    4|4      GB/s)
*** AMD      495 E[90m_[0m[34m2[0m[90m_[0m[36m32[0m[90m_[0m[33m4[0m                                       arg  2 mem  17.60 GB tm      7.80us/  5974.31ms (      0 GFLOPS    0|0      GB/s)
*** AMD      496 E[90m_[0m[34m2[0m[90m_[0m[36m32[0m[90m_[0m[33m4[0m                                       arg  2 mem  17.60 GB tm      8.24us/  5974.32ms (      0 GFLOPS    0|0      GB/s)
*** AMD      497 E[90m_[0m[34m40[0m[90m_[0m[36m32[0m[90m_[0m[33m4[0m                                      arg  2 mem  17.60 GB tm      8.68us/  5974.33ms (      0 GFLOPS    4|4      GB/s)
*** AMD      498 E[90m_[0m[34m40[0m[90m_[0m[36m32[0m[90m_[0m[33m4[0m                                      arg  2 mem  17.60 GB tm      7.92us/  5974.34ms (      0 GFLOPS    4|4      GB/s)
*** AMD      499 E[90m_[0m[36m32[0m[90m_[0m[33m4[0m                                         arg  2 mem  17.60 GB tm      7.72us/  5974.35ms (      0 GFLOPS    0|0      GB/s)
*** AMD      500 E[90m_[0m[34m40[0m[90m_[0m[36m32[0m[90m_[0m[33m4[0m                                      arg  2 mem  17.60 GB tm      8.00us/  5974.35ms (      0 GFLOPS    4|4      GB/s)
*** AMD      501 E[90m_[0m[34m40[0m[90m_[0m[36m32[0m[90m_[0m[33m4[0m                                      arg  2 mem  17.60 GB tm      8.96us/  5974.36ms (      0 GFLOPS    3|3      GB/s)
*** AMD      502 E[90m_[0m[36m32[0m[90m_[0m[33m4[0m                                         arg  2 mem  17.60 GB tm      8.44us/  5974.37ms (      0 GFLOPS    0|0      GB/s)
*** AMD      503 E[90m_[0m[34m40[0m[90m_[0m[36m32[0m[90m_[0m[33m4[0m                                      arg  2 mem  17.60 GB tm      7.56us/  5974.38ms (      0 GFLOPS    4|4      GB/s)
*** AMD      504 E[90m_[0m[34m40[0m[90m_[0m[36m32[0m[90m_[0m[33m4[0m                                      arg  2 mem  17.60 GB tm      8.44us/  5974.39ms (      0 GFLOPS    4|4      GB/s)
*** AMD      505 E[90m_[0m[36m32[0m[90m_[0m[33m4[0m                                         arg  2 mem  17.60 GB tm      7.88us/  5974.39ms (      0 GFLOPS    0|0      GB/s)
*** AMD      506 E[90m_[0m[34m40[0m[90m_[0m[36m32[0m[90m_[0m[33m4[0m                                      arg  2 mem  17.60 GB tm      7.60us/  5974.40ms (      0 GFLOPS    4|4      GB/s)
*** AMD      507 E[90m_[0m[34m40[0m[90m_[0m[36m32[0m[90m_[0m[33m4[0m                                      arg  2 mem  17.60 GB tm      7.56us/  5974.41ms (      0 GFLOPS    4|4      GB/s)
*** AMD      508 E[90m_[0m[34m2[0m[90m_[0m[36m32[0m[90m_[0m[33m4[0m                                       arg  2 mem  17.60 GB tm      7.84us/  5974.42ms (      0 GFLOPS    0|0      GB/s)
*** AMD      509 E[90m_[0m[34m2[0m[90m_[0m[36m32[0m[90m_[0m[33m4[0m                                       arg  2 mem  17.60 GB tm      7.56us/  5974.43ms (      0 GFLOPS    0|0      GB/s)
*** AMD      510 E[90m_[0m[34m40[0m[90m_[0m[36m32[0m[90m_[0m[33m4[0m                                      arg  2 mem  17.60 GB tm      7.52us/  5974.43ms (      0 GFLOPS    4|4      GB/s)
*** AMD      511 E[90m_[0m[34m40[0m[90m_[0m[36m32[0m[90m_[0m[33m4[0m                                      arg  2 mem  17.60 GB tm      7.60us/  5974.44ms (      0 GFLOPS    4|4      GB/s)
*** AMD      512 E[90m_[0m[36m32[0m[90m_[0m[33m4[0m                                         arg  2 mem  17.60 GB tm      7.76us/  5974.45ms (      0 GFLOPS    0|0      GB/s)
*** AMD      513 E[90m_[0m[34m40[0m[90m_[0m[36m32[0m[90m_[0m[33m4[0m                                      arg  2 mem  17.60 GB tm      7.84us/  5974.46ms (      0 GFLOPS    4|4      GB/s)
*** AMD      514 E[90m_[0m[34m40[0m[90m_[0m[36m32[0m[90m_[0m[33m4[0m                                      arg  2 mem  17.60 GB tm      7.72us/  5974.46ms (      0 GFLOPS    4|4      GB/s)
*** AMD      515 E[90m_[0m[36m32[0m[90m_[0m[33m4[0m                                         arg  2 mem  17.60 GB tm      8.16us/  5974.47ms (      0 GFLOPS    0|0      GB/s)
*** AMD      516 E[90m_[0m[34m40[0m[90m_[0m[36m32[0m[90m_[0m[33m4[0m                                      arg  2 mem  17.60 GB tm      7.56us/  5974.48ms (      0 GFLOPS    4|4      GB/s)
*** AMD      517 E[90m_[0m[34m40[0m[90m_[0m[36m32[0m[90m_[0m[33m4[0m                                      arg  2 mem  17.60 GB tm      7.92us/  5974.49ms (      0 GFLOPS    4|4      GB/s)
*** AMD      518 E[90m_[0m[36m32[0m[90m_[0m[33m4[0m                                         arg  2 mem  17.60 GB tm      7.92us/  5974.50ms (      0 GFLOPS    0|0      GB/s)
*** AMD      519 E[90m_[0m[34m40[0m[90m_[0m[36m32[0m[90m_[0m[33m4[0m                                      arg  2 mem  17.60 GB tm      7.48us/  5974.50ms (      0 GFLOPS    4|4      GB/s)
*** AMD      520 E[90m_[0m[34m40[0m[90m_[0m[36m32[0m[90m_[0m[33m4[0m                                      arg  2 mem  17.60 GB tm      7.56us/  5974.51ms (      0 GFLOPS    4|4      GB/s)
*** AMD      521 E[90m_[0m[34m2[0m[90m_[0m[36m32[0m[90m_[0m[33m4[0m                                       arg  2 mem  17.60 GB tm      7.68us/  5974.52ms (      0 GFLOPS    0|0      GB/s)
*** AMD      522 E[90m_[0m[34m2[0m[90m_[0m[36m32[0m[90m_[0m[33m4[0m                                       arg  2 mem  17.60 GB tm      7.84us/  5974.53ms (      0 GFLOPS    0|0      GB/s)
*** AMD      523 E[90m_[0m[34m40[0m[90m_[0m[36m32[0m[90m_[0m[33m4[0m                                      arg  2 mem  17.60 GB tm      7.56us/  5974.53ms (      0 GFLOPS    4|4      GB/s)
*** AMD      524 E[90m_[0m[34m40[0m[90m_[0m[36m32[0m[90m_[0m[33m4[0m                                      arg  2 mem  17.60 GB tm      7.52us/  5974.54ms (      0 GFLOPS    4|4      GB/s)
*** AMD      525 E[90m_[0m[36m32[0m[90m_[0m[33m4[0m                                         arg  2 mem  17.60 GB tm      8.08us/  5974.55ms (      0 GFLOPS    0|0      GB/s)
*** AMD      526 E[90m_[0m[34m40[0m[90m_[0m[36m32[0m[90m_[0m[33m4[0m                                      arg  2 mem  17.60 GB tm      7.64us/  5974.56ms (      0 GFLOPS    4|4      GB/s)
*** AMD      527 E[90m_[0m[34m40[0m[90m_[0m[36m32[0m[90m_[0m[33m4[0m                                      arg  2 mem  17.60 GB tm      7.60us/  5974.56ms (      0 GFLOPS    4|4      GB/s)
*** AMD      528 E[90m_[0m[36m32[0m[90m_[0m[33m4[0m                                         arg  2 mem  17.60 GB tm      7.76us/  5974.57ms (      0 GFLOPS    0|0      GB/s)
*** AMD      529 E[90m_[0m[34m40[0m[90m_[0m[36m32[0m[90m_[0m[33m4[0m                                      arg  2 mem  17.60 GB tm      7.52us/  5974.58ms (      0 GFLOPS    4|4      GB/s)
*** AMD      530 E[90m_[0m[34m40[0m[90m_[0m[36m32[0m[90m_[0m[33m4[0m                                      arg  2 mem  17.60 GB tm      7.60us/  5974.59ms (      0 GFLOPS    4|4      GB/s)
*** AMD      531 E[90m_[0m[36m32[0m[90m_[0m[33m4[0m                                         arg  2 mem  17.60 GB tm      8.04us/  5974.60ms (      0 GFLOPS    0|0      GB/s)
*** AMD      532 E[90m_[0m[34m40[0m[90m_[0m[36m32[0m[90m_[0m[33m4[0m                                      arg  2 mem  17.60 GB tm      7.84us/  5974.60ms (      0 GFLOPS    4|4      GB/s)
*** AMD      533 E[90m_[0m[34m40[0m[90m_[0m[36m32[0m[90m_[0m[33m4[0m                                      arg  2 mem  17.60 GB tm      7.60us/  5974.61ms (      0 GFLOPS    4|4      GB/s)
*** AMD      534 E[90m_[0m[34m2[0m[90m_[0m[36m32[0m[90m_[0m[33m4[0m                                       arg  2 mem  17.60 GB tm      7.52us/  5974.62ms (      0 GFLOPS    0|0      GB/s)
*** AMD      535 E[90m_[0m[34m2[0m[90m_[0m[36m32[0m[90m_[0m[33m4[0m                                       arg  2 mem  17.60 GB tm      7.56us/  5974.63ms (      0 GFLOPS    0|0      GB/s)
*** AMD      536 E[90m_[0m[34m40[0m[90m_[0m[36m32[0m[90m_[0m[33m4[0m                                      arg  2 mem  17.60 GB tm      7.88us/  5974.63ms (      0 GFLOPS    4|4      GB/s)
*** AMD      537 E[90m_[0m[34m40[0m[90m_[0m[36m32[0m[90m_[0m[33m4[0m                                      arg  2 mem  17.60 GB tm      7.72us/  5974.64ms (      0 GFLOPS    4|4      GB/s)
*** AMD      538 E[90m_[0m[36m32[0m[90m_[0m[33m4[0m                                         arg  2 mem  17.60 GB tm      7.84us/  5974.65ms (      0 GFLOPS    0|0      GB/s)
*** AMD      539 E[90m_[0m[34m40[0m[90m_[0m[36m32[0m[90m_[0m[33m4[0m                                      arg  2 mem  17.60 GB tm      7.56us/  5974.66ms (      0 GFLOPS    4|4      GB/s)
*** AMD      540 E[90m_[0m[34m40[0m[90m_[0m[36m32[0m[90m_[0m[33m4[0m                                      arg  2 mem  17.60 GB tm      7.84us/  5974.66ms (      0 GFLOPS    4|4      GB/s)
*** AMD      541 E[90m_[0m[36m32[0m[90m_[0m[33m4[0m                                         arg  2 mem  17.60 GB tm      7.88us/  5974.67ms (      0 GFLOPS    0|0      GB/s)
*** AMD      542 E[90m_[0m[34m40[0m[90m_[0m[36m32[0m[90m_[0m[33m4[0m                                      arg  2 mem  17.60 GB tm      7.52us/  5974.68ms (      0 GFLOPS    4|4      GB/s)
*** AMD      543 E[90m_[0m[34m40[0m[90m_[0m[36m32[0m[90m_[0m[33m4[0m                                      arg  2 mem  17.60 GB tm      7.68us/  5974.69ms (      0 GFLOPS    4|4      GB/s)
*** AMD      544 E[90m_[0m[36m32[0m[90m_[0m[33m4[0m                                         arg  2 mem  17.60 GB tm      7.84us/  5974.70ms (      0 GFLOPS    0|0      GB/s)
*** AMD      545 E[90m_[0m[34m40[0m[90m_[0m[36m32[0m[90m_[0m[33m4[0m                                      arg  2 mem  17.60 GB tm      7.84us/  5974.70ms (      0 GFLOPS    4|4      GB/s)
*** AMD      546 E[90m_[0m[34m40[0m[90m_[0m[36m32[0m[90m_[0m[33m4[0m                                      arg  2 mem  17.60 GB tm      7.52us/  5974.71ms (      0 GFLOPS    4|4      GB/s)
*** AMD      547 E[90m_[0m[34m2[0m[90m_[0m[36m32[0m[90m_[0m[33m4[0m                                       arg  2 mem  17.60 GB tm      7.48us/  5974.72ms (      0 GFLOPS    0|0      GB/s)
*** AMD      548 E[90m_[0m[34m2[0m[90m_[0m[36m32[0m[90m_[0m[33m4[0m                                       arg  2 mem  17.60 GB tm      7.52us/  5974.73ms (      0 GFLOPS    0|0      GB/s)
*** AMD      549 E[90m_[0m[34m40[0m[90m_[0m[36m32[0m[90m_[0m[33m4[0m                                      arg  2 mem  17.60 GB tm      7.56us/  5974.73ms (      0 GFLOPS    4|4      GB/s)
*** AMD      550 E[90m_[0m[34m40[0m[90m_[0m[36m32[0m[90m_[0m[33m4[0m                                      arg  2 mem  17.60 GB tm      7.56us/  5974.74ms (      0 GFLOPS    4|4      GB/s)
*** AMD      551 E[90m_[0m[36m32[0m[90m_[0m[33m4[0m                                         arg  2 mem  17.60 GB tm      7.88us/  5974.75ms (      0 GFLOPS    0|0      GB/s)
*** AMD      552 E[90m_[0m[34m40[0m[90m_[0m[36m32[0m[90m_[0m[33m4[0m                                      arg  2 mem  17.60 GB tm      7.52us/  5974.76ms (      0 GFLOPS    4|4      GB/s)
*** AMD      553 E[90m_[0m[34m40[0m[90m_[0m[36m32[0m[90m_[0m[33m4[0m                                      arg  2 mem  17.60 GB tm      7.56us/  5974.76ms (      0 GFLOPS    4|4      GB/s)
*** AMD      554 E[90m_[0m[36m32[0m[90m_[0m[33m4[0m                                         arg  2 mem  17.60 GB tm      7.88us/  5974.77ms (      0 GFLOPS    0|0      GB/s)
*** AMD      555 E[90m_[0m[34m40[0m[90m_[0m[36m32[0m[90m_[0m[33m4[0m                                      arg  2 mem  17.60 GB tm      7.64us/  5974.78ms (      0 GFLOPS    4|4      GB/s)
*** AMD      556 E[90m_[0m[34m40[0m[90m_[0m[36m32[0m[90m_[0m[33m4[0m                                      arg  2 mem  17.60 GB tm      7.56us/  5974.79ms (      0 GFLOPS    4|4      GB/s)
*** AMD      557 E[90m_[0m[36m32[0m[90m_[0m[33m4[0m                                         arg  2 mem  17.60 GB tm      7.96us/  5974.79ms (      0 GFLOPS    0|0      GB/s)
*** AMD      558 E[90m_[0m[34m40[0m[90m_[0m[36m32[0m[90m_[0m[33m4[0m                                      arg  2 mem  17.60 GB tm      7.52us/  5974.80ms (      0 GFLOPS    4|4      GB/s)
*** AMD      559 E[90m_[0m[34m40[0m[90m_[0m[36m32[0m[90m_[0m[33m4[0m                                      arg  2 mem  17.60 GB tm      7.56us/  5974.81ms (      0 GFLOPS    4|4      GB/s)
*** AMD      560 E[90m_[0m[34m2[0m[90m_[0m[36m32[0m[90m_[0m[33m4[0m                                       arg  2 mem  17.60 GB tm      7.44us/  5974.82ms (      0 GFLOPS    0|0      GB/s)
*** AMD      561 E[90m_[0m[34m2[0m[90m_[0m[36m32[0m[90m_[0m[33m4[0m                                       arg  2 mem  17.60 GB tm      7.56us/  5974.82ms (      0 GFLOPS    0|0      GB/s)
*** AMD      562 E[90m_[0m[34m40[0m[90m_[0m[36m32[0m[90m_[0m[33m4[0m                                      arg  2 mem  17.60 GB tm      7.76us/  5974.83ms (      0 GFLOPS    4|4      GB/s)
*** AMD      563 E[90m_[0m[34m40[0m[90m_[0m[36m32[0m[90m_[0m[33m4[0m                                      arg  2 mem  17.60 GB tm      7.48us/  5974.84ms (      0 GFLOPS    4|4      GB/s)
*** AMD      564 E[90m_[0m[36m32[0m[90m_[0m[33m4[0m                                         arg  2 mem  17.60 GB tm      7.76us/  5974.85ms (      0 GFLOPS    0|0      GB/s)
*** AMD      565 E[90m_[0m[34m40[0m[90m_[0m[36m32[0m[90m_[0m[33m4[0m                                      arg  2 mem  17.60 GB tm      7.52us/  5974.86ms (      0 GFLOPS    4|4      GB/s)
*** AMD      566 E[90m_[0m[34m40[0m[90m_[0m[36m32[0m[90m_[0m[33m4[0m                                      arg  2 mem  17.60 GB tm      7.84us/  5974.86ms (      0 GFLOPS    4|4      GB/s)
*** AMD      567 E[90m_[0m[36m32[0m[90m_[0m[33m4[0m                                         arg  2 mem  17.60 GB tm      7.80us/  5974.87ms (      0 GFLOPS    0|0      GB/s)
*** AMD      568 E[90m_[0m[34m40[0m[90m_[0m[36m32[0m[90m_[0m[33m4[0m                                      arg  2 mem  17.60 GB tm      7.80us/  5974.88ms (      0 GFLOPS    4|4      GB/s)
*** AMD      569 E[90m_[0m[34m40[0m[90m_[0m[36m32[0m[90m_[0m[33m4[0m                                      arg  2 mem  17.60 GB tm      7.52us/  5974.89ms (      0 GFLOPS    4|4      GB/s)
*** AMD      570 E[90m_[0m[36m32[0m[90m_[0m[33m4[0m                                         arg  2 mem  17.60 GB tm      7.80us/  5974.89ms (      0 GFLOPS    0|0      GB/s)
*** AMD      571 E[90m_[0m[34m40[0m[90m_[0m[36m32[0m[90m_[0m[33m4[0m                                      arg  2 mem  17.60 GB tm      7.64us/  5974.90ms (      0 GFLOPS    4|4      GB/s)
*** AMD      572 E[90m_[0m[34m40[0m[90m_[0m[36m32[0m[90m_[0m[33m4[0m                                      arg  2 mem  17.60 GB tm      7.88us/  5974.91ms (      0 GFLOPS    4|4      GB/s)
*** AMD      573 E[90m_[0m[34m2[0m[90m_[0m[36m32[0m[90m_[0m[33m4[0m                                       arg  2 mem  17.60 GB tm      7.48us/  5974.92ms (      0 GFLOPS    0|0      GB/s)
*** AMD      574 E[90m_[0m[34m2[0m[90m_[0m[36m32[0m[90m_[0m[33m4[0m                                       arg  2 mem  17.60 GB tm      7.60us/  5974.92ms (      0 GFLOPS    0|0      GB/s)
*** AMD      575 E[90m_[0m[34m40[0m[90m_[0m[36m32[0m[90m_[0m[33m4[0m                                      arg  2 mem  17.60 GB tm      7.56us/  5974.93ms (      0 GFLOPS    4|4      GB/s)
*** AMD      576 E[90m_[0m[34m40[0m[90m_[0m[36m32[0m[90m_[0m[33m4[0m                                      arg  2 mem  17.60 GB tm      7.84us/  5974.94ms (      0 GFLOPS    4|4      GB/s)
*** AMD      577 E[90m_[0m[36m32[0m[90m_[0m[33m4[0m                                         arg  2 mem  17.60 GB tm      7.84us/  5974.95ms (      0 GFLOPS    0|0      GB/s)
*** AMD      578 E[90m_[0m[34m40[0m[90m_[0m[36m32[0m[90m_[0m[33m4[0m                                      arg  2 mem  17.60 GB tm      7.56us/  5974.96ms (      0 GFLOPS    4|4      GB/s)
*** AMD      579 E[90m_[0m[34m40[0m[90m_[0m[36m32[0m[90m_[0m[33m4[0m                                      arg  2 mem  17.60 GB tm      7.72us/  5974.96ms (      0 GFLOPS    4|4      GB/s)
*** AMD      580 E[90m_[0m[36m32[0m[90m_[0m[33m4[0m                                         arg  2 mem  17.60 GB tm      7.76us/  5974.97ms (      0 GFLOPS    0|0      GB/s)
*** AMD      581 E[90m_[0m[34m40[0m[90m_[0m[36m32[0m[90m_[0m[33m4[0m                                      arg  2 mem  17.60 GB tm      7.76us/  5974.98ms (      0 GFLOPS    4|4      GB/s)
*** AMD      582 E[90m_[0m[34m40[0m[90m_[0m[36m32[0m[90m_[0m[33m4[0m                                      arg  2 mem  17.60 GB tm      7.48us/  5974.99ms (      0 GFLOPS    4|4      GB/s)
*** AMD      583 E[90m_[0m[36m32[0m[90m_[0m[33m4[0m                                         arg  2 mem  17.60 GB tm      8.12us/  5974.99ms (      0 GFLOPS    0|0      GB/s)
*** AMD      584 E[90m_[0m[34m40[0m[90m_[0m[36m32[0m[90m_[0m[33m4[0m                                      arg  2 mem  17.60 GB tm      7.72us/  5975.00ms (      0 GFLOPS    4|4      GB/s)
*** AMD      585 E[90m_[0m[34m40[0m[90m_[0m[36m32[0m[90m_[0m[33m4[0m                                      arg  2 mem  17.60 GB tm      7.76us/  5975.01ms (      0 GFLOPS    4|4      GB/s)
*** AMD      586 E[90m_[0m[34m2[0m[90m_[0m[36m32[0m[90m_[0m[33m4[0m                                       arg  2 mem  17.60 GB tm      7.48us/  5975.02ms (      0 GFLOPS    0|0      GB/s)
*** AMD      587 E[90m_[0m[34m2[0m[90m_[0m[36m32[0m[90m_[0m[33m4[0m                                       arg  2 mem  17.60 GB tm      7.48us/  5975.02ms (      0 GFLOPS    0|0      GB/s)
*** AMD      588 E[90m_[0m[34m40[0m[90m_[0m[36m32[0m[90m_[0m[33m4[0m                                      arg  2 mem  17.60 GB tm      7.56us/  5975.03ms (      0 GFLOPS    4|4      GB/s)
*** AMD      589 E[90m_[0m[34m40[0m[90m_[0m[36m32[0m[90m_[0m[33m4[0m                                      arg  2 mem  17.60 GB tm      7.88us/  5975.04ms (      0 GFLOPS    4|4      GB/s)
*** AMD      590 E[90m_[0m[36m32[0m[90m_[0m[33m4[0m                                         arg  2 mem  17.60 GB tm      7.84us/  5975.05ms (      0 GFLOPS    0|0      GB/s)
*** AMD      591 E[90m_[0m[34m40[0m[90m_[0m[36m32[0m[90m_[0m[33m4[0m                                      arg  2 mem  17.60 GB tm      7.56us/  5975.06ms (      0 GFLOPS    4|4      GB/s)
*** AMD      592 E[90m_[0m[34m40[0m[90m_[0m[36m32[0m[90m_[0m[33m4[0m                                      arg  2 mem  17.60 GB tm      7.56us/  5975.06ms (      0 GFLOPS    4|4      GB/s)
*** AMD      593 E[90m_[0m[36m32[0m[90m_[0m[33m4[0m                                         arg  2 mem  17.60 GB tm      7.84us/  5975.07ms (      0 GFLOPS    0|0      GB/s)
*** AMD      594 E[90m_[0m[34m40[0m[90m_[0m[36m32[0m[90m_[0m[33m4[0m                                      arg  2 mem  17.60 GB tm      8.04us/  5975.08ms (      0 GFLOPS    4|4      GB/s)
*** AMD      595 E[90m_[0m[34m40[0m[90m_[0m[36m32[0m[90m_[0m[33m4[0m                                      arg  2 mem  17.60 GB tm      7.48us/  5975.09ms (      0 GFLOPS    4|4      GB/s)
*** AMD      596 E[90m_[0m[36m32[0m[90m_[0m[33m4[0m                                         arg  2 mem  17.60 GB tm      8.00us/  5975.09ms (      0 GFLOPS    0|0      GB/s)
*** AMD      597 E[90m_[0m[34m40[0m[90m_[0m[36m32[0m[90m_[0m[33m4[0m                                      arg  2 mem  17.60 GB tm      7.56us/  5975.10ms (      0 GFLOPS    4|4      GB/s)
*** AMD      598 E[90m_[0m[34m40[0m[90m_[0m[36m32[0m[90m_[0m[33m4[0m                                      arg  2 mem  17.60 GB tm      7.80us/  5975.11ms (      0 GFLOPS    4|4      GB/s)
*** AMD      599 E[90m_[0m[34m2[0m[90m_[0m[36m32[0m[90m_[0m[33m4[0m                                       arg  2 mem  17.60 GB tm      7.44us/  5975.12ms (      0 GFLOPS    0|0      GB/s)
*** AMD      600 E[90m_[0m[34m2[0m[90m_[0m[36m32[0m[90m_[0m[33m4[0m                                       arg  2 mem  17.60 GB tm      7.56us/  5975.12ms (      0 GFLOPS    0|0      GB/s)
*** AMD      601 E[90m_[0m[34m40[0m[90m_[0m[36m32[0m[90m_[0m[33m4[0m                                      arg  2 mem  17.60 GB tm      8.32us/  5975.13ms (      0 GFLOPS    4|4      GB/s)
*** AMD      602 E[90m_[0m[34m40[0m[90m_[0m[36m32[0m[90m_[0m[33m4[0m                                      arg  2 mem  17.60 GB tm      7.84us/  5975.14ms (      0 GFLOPS    4|4      GB/s)
*** AMD      603 E[90m_[0m[36m32[0m[90m_[0m[33m4[0m                                         arg  2 mem  17.60 GB tm      8.08us/  5975.15ms (      0 GFLOPS    0|0      GB/s)
*** AMD      604 E[90m_[0m[34m40[0m[90m_[0m[36m32[0m[90m_[0m[33m4[0m                                      arg  2 mem  17.60 GB tm      8.08us/  5975.16ms (      0 GFLOPS    4|4      GB/s)
*** AMD      605 E[90m_[0m[34m40[0m[90m_[0m[36m32[0m[90m_[0m[33m4[0m                                      arg  2 mem  17.60 GB tm      7.76us/  5975.17ms (      0 GFLOPS    4|4      GB/s)
*** AMD      606 E[90m_[0m[36m32[0m[90m_[0m[33m4[0m                                         arg  2 mem  17.60 GB tm      8.08us/  5975.17ms (      0 GFLOPS    0|0      GB/s)
*** AMD      607 E[90m_[0m[34m40[0m[90m_[0m[36m32[0m[90m_[0m[33m4[0m                                      arg  2 mem  17.60 GB tm      7.72us/  5975.18ms (      0 GFLOPS    4|4      GB/s)
*** AMD      608 E[90m_[0m[34m40[0m[90m_[0m[36m32[0m[90m_[0m[33m4[0m                                      arg  2 mem  17.60 GB tm      8.08us/  5975.19ms (      0 GFLOPS    4|4      GB/s)
*** AMD      609 E[90m_[0m[36m32[0m[90m_[0m[33m4[0m                                         arg  2 mem  17.60 GB tm      8.00us/  5975.20ms (      0 GFLOPS    0|0      GB/s)
*** AMD      610 E[90m_[0m[34m40[0m[90m_[0m[36m32[0m[90m_[0m[33m4[0m                                      arg  2 mem  17.60 GB tm      7.80us/  5975.20ms (      0 GFLOPS    4|4      GB/s)
*** AMD      611 E[90m_[0m[34m40[0m[90m_[0m[36m32[0m[90m_[0m[33m4[0m                                      arg  2 mem  17.60 GB tm      7.76us/  5975.21ms (      0 GFLOPS    4|4      GB/s)
*** AMD      612 E[90m_[0m[34m2[0m[90m_[0m[36m32[0m[90m_[0m[33m4[0m                                       arg  2 mem  17.60 GB tm      8.04us/  5975.22ms (      0 GFLOPS    0|0      GB/s)
*** AMD      613 E[90m_[0m[34m2[0m[90m_[0m[36m32[0m[90m_[0m[33m4[0m                                       arg  2 mem  17.60 GB tm      7.80us/  5975.23ms (      0 GFLOPS    0|0      GB/s)
*** AMD      614 E[90m_[0m[34m40[0m[90m_[0m[36m32[0m[90m_[0m[33m4[0m                                      arg  2 mem  17.60 GB tm      7.80us/  5975.24ms (      0 GFLOPS    4|4      GB/s)
*** AMD      615 E[90m_[0m[34m40[0m[90m_[0m[36m32[0m[90m_[0m[33m4[0m                                      arg  2 mem  17.60 GB tm      7.76us/  5975.24ms (      0 GFLOPS    4|4      GB/s)
*** AMD      616 E[90m_[0m[36m32[0m[90m_[0m[33m4[0m                                         arg  2 mem  17.60 GB tm      8.04us/  5975.25ms (      0 GFLOPS    0|0      GB/s)
*** AMD      617 E[90m_[0m[34m40[0m[90m_[0m[36m32[0m[90m_[0m[33m4[0m                                      arg  2 mem  17.60 GB tm      8.00us/  5975.26ms (      0 GFLOPS    4|4      GB/s)
*** AMD      618 E[90m_[0m[34m40[0m[90m_[0m[36m32[0m[90m_[0m[33m4[0m                                      arg  2 mem  17.60 GB tm      7.88us/  5975.27ms (      0 GFLOPS    4|4      GB/s)
*** AMD      619 E[90m_[0m[36m32[0m[90m_[0m[33m4[0m                                         arg  2 mem  17.60 GB tm      8.00us/  5975.28ms (      0 GFLOPS    0|0      GB/s)
*** AMD      620 E[90m_[0m[34m40[0m[90m_[0m[36m32[0m[90m_[0m[33m4[0m                                      arg  2 mem  17.60 GB tm      8.00us/  5975.28ms (      0 GFLOPS    4|4      GB/s)
*** AMD      621 E[90m_[0m[34m40[0m[90m_[0m[36m32[0m[90m_[0m[33m4[0m                                      arg  2 mem  17.60 GB tm      8.04us/  5975.29ms (      0 GFLOPS    4|4      GB/s)
*** AMD      622 E[90m_[0m[36m32[0m[90m_[0m[33m4[0m                                         arg  2 mem  17.60 GB tm      8.00us/  5975.30ms (      0 GFLOPS    0|0      GB/s)
*** AMD      623 E[90m_[0m[34m40[0m[90m_[0m[36m32[0m[90m_[0m[33m4[0m                                      arg  2 mem  17.60 GB tm      7.96us/  5975.31ms (      0 GFLOPS    4|4      GB/s)
*** AMD      624 E[90m_[0m[34m40[0m[90m_[0m[36m32[0m[90m_[0m[33m4[0m                                      arg  2 mem  17.60 GB tm      7.76us/  5975.32ms (      0 GFLOPS    4|4      GB/s)
*** AMD      625 E[90m_[0m[34m2[0m[90m_[0m[36m32[0m[90m_[0m[33m4[0m                                       arg  2 mem  17.60 GB tm      7.72us/  5975.32ms (      0 GFLOPS    0|0      GB/s)
*** AMD      626 E[90m_[0m[34m2[0m[90m_[0m[36m32[0m[90m_[0m[33m4[0m                                       arg  2 mem  17.60 GB tm      8.12us/  5975.33ms (      0 GFLOPS    0|0      GB/s)
*** AMD      627 E[90m_[0m[34m40[0m[90m_[0m[36m32[0m[90m_[0m[33m4[0m                                      arg  2 mem  17.60 GB tm      7.72us/  5975.34ms (      0 GFLOPS    4|4      GB/s)
*** AMD      628 E[90m_[0m[34m40[0m[90m_[0m[36m32[0m[90m_[0m[33m4[0m                                      arg  2 mem  17.60 GB tm      7.76us/  5975.35ms (      0 GFLOPS    4|4      GB/s)
*** AMD      629 E[90m_[0m[36m32[0m[90m_[0m[33m4[0m                                         arg  2 mem  17.60 GB tm      8.36us/  5975.36ms (      0 GFLOPS    0|0      GB/s)
*** AMD      630 E[90m_[0m[34m40[0m[90m_[0m[36m32[0m[90m_[0m[33m4[0m                                      arg  2 mem  17.60 GB tm      7.76us/  5975.36ms (      0 GFLOPS    4|4      GB/s)
*** AMD      631 E[90m_[0m[34m40[0m[90m_[0m[36m32[0m[90m_[0m[33m4[0m                                      arg  2 mem  17.60 GB tm      7.84us/  5975.37ms (      0 GFLOPS    4|4      GB/s)
*** AMD      632 E[90m_[0m[36m32[0m[90m_[0m[33m4[0m                                         arg  2 mem  17.60 GB tm      8.04us/  5975.38ms (      0 GFLOPS    0|0      GB/s)
*** AMD      633 E[90m_[0m[34m40[0m[90m_[0m[36m32[0m[90m_[0m[33m4[0m                                      arg  2 mem  17.60 GB tm      7.76us/  5975.39ms (      0 GFLOPS    4|4      GB/s)
*** AMD      634 E[90m_[0m[34m40[0m[90m_[0m[36m32[0m[90m_[0m[33m4[0m                                      arg  2 mem  17.60 GB tm      7.80us/  5975.39ms (      0 GFLOPS    4|4      GB/s)
*** AMD      635 E[90m_[0m[36m32[0m[90m_[0m[33m4[0m                                         arg  2 mem  17.60 GB tm      8.32us/  5975.40ms (      0 GFLOPS    0|0      GB/s)
*** AMD      636 E[90m_[0m[34m40[0m[90m_[0m[36m32[0m[90m_[0m[33m4[0m                                      arg  2 mem  17.60 GB tm      8.08us/  5975.41ms (      0 GFLOPS    4|4      GB/s)
*** AMD      637 E[90m_[0m[34m40[0m[90m_[0m[36m32[0m[90m_[0m[33m4[0m                                      arg  2 mem  17.60 GB tm      7.76us/  5975.42ms (      0 GFLOPS    4|4      GB/s)
*** AMD      638 E[90m_[0m[34m2[0m[90m_[0m[36m32[0m[90m_[0m[33m4[0m                                       arg  2 mem  17.60 GB tm      7.80us/  5975.43ms (      0 GFLOPS    0|0      GB/s)
*** AMD      639 E[90m_[0m[34m2[0m[90m_[0m[36m32[0m[90m_[0m[33m4[0m                                       arg  2 mem  17.60 GB tm      7.80us/  5975.43ms (      0 GFLOPS    0|0      GB/s)
*** AMD      640 E[90m_[0m[34m40[0m[90m_[0m[36m32[0m[90m_[0m[33m4[0m                                      arg  2 mem  17.60 GB tm      8.08us/  5975.44ms (      0 GFLOPS    4|4      GB/s)
*** AMD      641 E[90m_[0m[34m40[0m[90m_[0m[36m32[0m[90m_[0m[33m4[0m                                      arg  2 mem  17.60 GB tm      7.80us/  5975.45ms (      0 GFLOPS    4|4      GB/s)
*** AMD      642 E[90m_[0m[36m32[0m[90m_[0m[33m4[0m                                         arg  2 mem  17.60 GB tm      8.12us/  5975.46ms (      0 GFLOPS    0|0      GB/s)
*** AMD      643 E[90m_[0m[34m40[0m[90m_[0m[36m32[0m[90m_[0m[33m4[0m                                      arg  2 mem  17.60 GB tm      7.76us/  5975.47ms (      0 GFLOPS    4|4      GB/s)
*** AMD      644 E[90m_[0m[34m40[0m[90m_[0m[36m32[0m[90m_[0m[33m4[0m                                      arg  2 mem  17.60 GB tm      8.12us/  5975.47ms (      0 GFLOPS    4|4      GB/s)
*** AMD      645 E[90m_[0m[36m32[0m[90m_[0m[33m4[0m                                         arg  2 mem  17.60 GB tm      8.08us/  5975.48ms (      0 GFLOPS    0|0      GB/s)
*** AMD      646 E[90m_[0m[34m40[0m[90m_[0m[36m32[0m[90m_[0m[33m4[0m                                      arg  2 mem  17.60 GB tm      7.76us/  5975.49ms (      0 GFLOPS    4|4      GB/s)
*** AMD      647 E[90m_[0m[34m40[0m[90m_[0m[36m32[0m[90m_[0m[33m4[0m                                      arg  2 mem  17.60 GB tm      7.76us/  5975.50ms (      0 GFLOPS    4|4      GB/s)
*** AMD      648 E[90m_[0m[36m32[0m[90m_[0m[33m4[0m                                         arg  2 mem  17.60 GB tm      8.00us/  5975.51ms (      0 GFLOPS    0|0      GB/s)
*** AMD      649 E[90m_[0m[34m40[0m[90m_[0m[36m32[0m[90m_[0m[33m4[0m                                      arg  2 mem  17.60 GB tm      7.88us/  5975.51ms (      0 GFLOPS    4|4      GB/s)
*** AMD      650 E[90m_[0m[34m40[0m[90m_[0m[36m32[0m[90m_[0m[33m4[0m                                      arg  2 mem  17.60 GB tm      7.88us/  5975.52ms (      0 GFLOPS    4|4      GB/s)
*** AMD      651 E[90m_[0m[34m2[0m[90m_[0m[36m32[0m[90m_[0m[33m4[0m                                       arg  2 mem  17.60 GB tm      8.08us/  5975.53ms (      0 GFLOPS    0|0      GB/s)
*** AMD      652 E[90m_[0m[34m2[0m[90m_[0m[36m32[0m[90m_[0m[33m4[0m                                       arg  2 mem  17.60 GB tm      8.04us/  5975.54ms (      0 GFLOPS    0|0      GB/s)
*** AMD      653 E[90m_[0m[34m40[0m[90m_[0m[36m32[0m[90m_[0m[33m4[0m                                      arg  2 mem  17.60 GB tm      7.96us/  5975.55ms (      0 GFLOPS    4|4      GB/s)
*** AMD      654 E[90m_[0m[34m40[0m[90m_[0m[36m32[0m[90m_[0m[33m4[0m                                      arg  2 mem  17.60 GB tm      7.84us/  5975.55ms (      0 GFLOPS    4|4      GB/s)
*** AMD      655 E[90m_[0m[36m32[0m[90m_[0m[33m4[0m                                         arg  2 mem  17.60 GB tm      8.08us/  5975.56ms (      0 GFLOPS    0|0      GB/s)
*** AMD      656 E[90m_[0m[34m40[0m[90m_[0m[36m32[0m[90m_[0m[33m4[0m                                      arg  2 mem  17.60 GB tm      7.72us/  5975.57ms (      0 GFLOPS    4|4      GB/s)
*** AMD      657 E[90m_[0m[34m40[0m[90m_[0m[36m32[0m[90m_[0m[33m4[0m                                      arg  2 mem  17.60 GB tm      7.92us/  5975.58ms (      0 GFLOPS    4|4      GB/s)
*** AMD      658 E[90m_[0m[36m32[0m[90m_[0m[33m4[0m                                         arg  2 mem  17.60 GB tm      8.12us/  5975.59ms (      0 GFLOPS    0|0      GB/s)
*** AMD      659 E[90m_[0m[34m40[0m[90m_[0m[36m32[0m[90m_[0m[33m4[0m                                      arg  2 mem  17.60 GB tm      7.76us/  5975.59ms (      0 GFLOPS    4|4      GB/s)
*** AMD      660 E[90m_[0m[34m40[0m[90m_[0m[36m32[0m[90m_[0m[33m4[0m                                      arg  2 mem  17.60 GB tm      7.76us/  5975.60ms (      0 GFLOPS    4|4      GB/s)
*** AMD      661 E[90m_[0m[36m32[0m[90m_[0m[33m4[0m                                         arg  2 mem  17.60 GB tm      8.04us/  5975.61ms (      0 GFLOPS    0|0      GB/s)
*** AMD      662 E[90m_[0m[34m40[0m[90m_[0m[36m32[0m[90m_[0m[33m4[0m                                      arg  2 mem  17.60 GB tm      7.76us/  5975.62ms (      0 GFLOPS    4|4      GB/s)
*** AMD      663 E[90m_[0m[34m40[0m[90m_[0m[36m32[0m[90m_[0m[33m4[0m                                      arg  2 mem  17.60 GB tm      7.72us/  5975.62ms (      0 GFLOPS    4|4      GB/s)
*** AMD      664 E[90m_[0m[34m2[0m[90m_[0m[36m32[0m[90m_[0m[33m4[0m                                       arg  2 mem  17.60 GB tm      7.72us/  5975.63ms (      0 GFLOPS    0|0      GB/s)
*** AMD      665 E[90m_[0m[34m2[0m[90m_[0m[36m32[0m[90m_[0m[33m4[0m                                       arg  2 mem  17.60 GB tm      7.80us/  5975.64ms (      0 GFLOPS    0|0      GB/s)
*** AMD      666 E[90m_[0m[34m40[0m[90m_[0m[36m32[0m[90m_[0m[33m4[0m                                      arg  2 mem  17.60 GB tm      8.04us/  5975.65ms (      0 GFLOPS    4|4      GB/s)
*** AMD      667 E[90m_[0m[34m40[0m[90m_[0m[36m32[0m[90m_[0m[33m4[0m                                      arg  2 mem  17.60 GB tm      7.76us/  5975.66ms (      0 GFLOPS    4|4      GB/s)
*** AMD      668 E[90m_[0m[34m40[0m[90m_[0m[36m32[0m[90m_[0m[33m4[0m                                      arg  2 mem  17.60 GB tm      7.76us/  5975.66ms (      0 GFLOPS    4|4      GB/s)
*** AMD      669 E[90m_[0m[34m2[0m[90m_[0m[36m32[0m[90m_[0m[33m4[0m                                       arg  2 mem  17.60 GB tm      7.72us/  5975.67ms (      0 GFLOPS    0|0      GB/s)
*** AMD      670 E[90m_[0m[34m2[0m[90m_[0m[36m32[0m[90m_[0m[33m4[0m                                       arg  2 mem  17.60 GB tm      8.08us/  5975.68ms (      0 GFLOPS    0|0      GB/s)
*** AMD      671 E[90m_[0m[34m40[0m[90m_[0m[36m32[0m[90m_[0m[33m4[0m                                      arg  2 mem  17.60 GB tm      7.72us/  5975.69ms (      0 GFLOPS    4|4      GB/s)
*** AMD      672 E[90m_[0m[34m40[0m[90m_[0m[36m32[0m[90m_[0m[33m4[0m                                      arg  2 mem  17.60 GB tm      7.76us/  5975.69ms (      0 GFLOPS    4|4      GB/s)
*** AMD      673 E[90m_[0m[34m40[0m[90m_[0m[36m32[0m[90m_[0m[33m4[0m                                      arg  2 mem  17.60 GB tm      7.76us/  5975.70ms (      0 GFLOPS    4|4      GB/s)
[32m*** AMD      674[0m [33mcopy   32.00 KB,     AMD <- PYTHON [0m            arg  2 mem  17.60 GB tm    921.55us/  5976.62ms (      0 GFLOPS    0|0      GB/s)
amd_gemv: attached raw ggml weights to 506 layers
mtp: draft head restricted to the first 65536 token ids (275 MB of 1.04 GB)
compiling:   0%|                                          | 0/1 [00:00<?, ?it/s]compiling E[90m_[0m[34m320[0m[90m_[0m[36m32[0m[90m_[0m[33m4[0m                              : 100%|█| 1/1 [00:00<00:00, 25.43it/s]compiling E[90m_[0m[34m320[0m[90m_[0m[36m32[0m[90m_[0m[33m4[0m                              : 100%|█| 1/1 [00:00<00:00, 25.39it/s]
[32m*** AMD      675[0m E[90m_[0m[34m320[0m[90m_[0m[36m32[0m[90m_[0m[33m4[0m                                     arg  2 mem  17.60 GB tm     17.16us/  5976.64ms (      0 GFLOPS   14|14     GB/s)
compiling:   0%|                                          | 0/1 [00:00<?, ?it/s]compiling E[90m_[0m[34m3[0m[90m_[0m[36m4[0m[90m_[0m[33m4[0m                                 : 100%|█| 1/1 [00:00<00:00, 118.17it/s]compiling E[90m_[0m[34m3[0m[90m_[0m[36m4[0m[90m_[0m[33m4[0m                                 : 100%|█| 1/1 [00:00<00:00, 117.58it/s]
[32m*** AMD      676[0m E[90m_[0m[34m3[0m[90m_[0m[36m4[0m[90m_[0m[33m4[0m                                        arg  2 mem  17.60 GB tm      8.16us/  5976.65ms (      0 GFLOPS    0|0      GB/s)
*** AMD      677 E[90m_[0m[34m3[0m[90m_[0m[36m4[0m[90m_[0m[33m4[0m                                        arg  2 mem  17.60 GB tm      8.76us/  5976.66ms (      0 GFLOPS    0|0      GB/s)
*** AMD      678 E[90m_[0m[36m32[0m[90m_[0m[33m4[0m                                         arg  2 mem  17.60 GB tm      8.20us/  5976.67ms (      0 GFLOPS    0|0      GB/s)
*** AMD      679 E[90m_[0m[34m320[0m[90m_[0m[36m32[0m[90m_[0m[33m4[0m                                     arg  2 mem  17.60 GB tm      9.24us/  5976.68ms (      0 GFLOPS   27|27     GB/s)
*** AMD      680 E[90m_[0m[34m3[0m[90m_[0m[36m4[0m[90m_[0m[33m4[0m                                        arg  2 mem  17.60 GB tm      8.24us/  5976.68ms (      0 GFLOPS    0|0      GB/s)
*** AMD      681 E[90m_[0m[34m3[0m[90m_[0m[36m4[0m[90m_[0m[33m4[0m                                        arg  2 mem  17.60 GB tm      8.32us/  5976.69ms (      0 GFLOPS    0|0      GB/s)
*** AMD      682 E[90m_[0m[36m32[0m[90m_[0m[33m4[0m                                         arg  2 mem  17.60 GB tm      7.76us/  5976.70ms (      0 GFLOPS    0|0      GB/s)
*** AMD      683 E[90m_[0m[34m320[0m[90m_[0m[36m32[0m[90m_[0m[33m4[0m                                     arg  2 mem  17.60 GB tm      8.96us/  5976.71ms (      0 GFLOPS   27|27     GB/s)
*** AMD      684 E[90m_[0m[34m3[0m[90m_[0m[36m4[0m[90m_[0m[33m4[0m                                        arg  2 mem  17.60 GB tm      8.24us/  5976.72ms (      0 GFLOPS    0|0      GB/s)
*** AMD      685 E[90m_[0m[34m3[0m[90m_[0m[36m4[0m[90m_[0m[33m4[0m                                        arg  2 mem  17.60 GB tm      8.28us/  5976.73ms (      0 GFLOPS    0|0      GB/s)
*** AMD      686 E[90m_[0m[36m32[0m[90m_[0m[33m4[0m                                         arg  2 mem  17.60 GB tm      8.20us/  5976.73ms (      0 GFLOPS    0|0      GB/s)
*** AMD      687 E[90m_[0m[34m320[0m[90m_[0m[36m32[0m[90m_[0m[33m4[0m                                     arg  2 mem  17.60 GB tm      8.44us/  5976.74ms (      0 GFLOPS   29|29     GB/s)
*** AMD      688 E[90m_[0m[34m3[0m[90m_[0m[36m4[0m[90m_[0m[33m4[0m                                        arg  2 mem  17.60 GB tm      8.32us/  5976.75ms (      0 GFLOPS    0|0      GB/s)
*** AMD      689 E[90m_[0m[34m3[0m[90m_[0m[36m4[0m[90m_[0m[33m4[0m                                        arg  2 mem  17.60 GB tm      8.20us/  5976.76ms (      0 GFLOPS    0|0      GB/s)
*** AMD      690 E[90m_[0m[36m32[0m[90m_[0m[33m4[0m                                         arg  2 mem  17.60 GB tm      7.72us/  5976.77ms (      0 GFLOPS    0|0      GB/s)
*** AMD      691 E[90m_[0m[34m320[0m[90m_[0m[36m32[0m[90m_[0m[33m4[0m                                     arg  2 mem  17.60 GB tm      8.36us/  5976.77ms (      0 GFLOPS   29|29     GB/s)
*** AMD      692 E[90m_[0m[34m3[0m[90m_[0m[36m4[0m[90m_[0m[33m4[0m                                        arg  2 mem  17.60 GB tm      8.16us/  5976.78ms (      0 GFLOPS    0|0      GB/s)
*** AMD      693 E[90m_[0m[34m3[0m[90m_[0m[36m4[0m[90m_[0m[33m4[0m                                        arg  2 mem  17.60 GB tm      8.16us/  5976.79ms (      0 GFLOPS    0|0      GB/s)
*** AMD      694 E[90m_[0m[36m32[0m[90m_[0m[33m4[0m                                         arg  2 mem  17.60 GB tm      7.56us/  5976.80ms (      0 GFLOPS    0|0      GB/s)
*** AMD      695 E[90m_[0m[34m320[0m[90m_[0m[36m32[0m[90m_[0m[33m4[0m                                     arg  2 mem  17.60 GB tm      8.88us/  5976.81ms (      0 GFLOPS   28|28     GB/s)
*** AMD      696 E[90m_[0m[34m3[0m[90m_[0m[36m4[0m[90m_[0m[33m4[0m                                        arg  2 mem  17.60 GB tm      8.64us/  5976.82ms (      0 GFLOPS    0|0      GB/s)
*** AMD      697 E[90m_[0m[34m3[0m[90m_[0m[36m4[0m[90m_[0m[33m4[0m                                        arg  2 mem  17.60 GB tm      8.72us/  5976.82ms (      0 GFLOPS    0|0      GB/s)
*** AMD      698 E[90m_[0m[36m32[0m[90m_[0m[33m4[0m                                         arg  2 mem  17.60 GB tm      8.08us/  5976.83ms (      0 GFLOPS    0|0      GB/s)
*** AMD      699 E[90m_[0m[34m320[0m[90m_[0m[36m32[0m[90m_[0m[33m4[0m                                     arg  2 mem  17.60 GB tm      9.72us/  5976.84ms (      0 GFLOPS   25|25     GB/s)
*** AMD      700 E[90m_[0m[34m3[0m[90m_[0m[36m4[0m[90m_[0m[33m4[0m                                        arg  2 mem  17.60 GB tm      8.52us/  5976.85ms (      0 GFLOPS    0|0      GB/s)
*** AMD      701 E[90m_[0m[34m3[0m[90m_[0m[36m4[0m[90m_[0m[33m4[0m                                        arg  2 mem  17.60 GB tm      8.52us/  5976.86ms (      0 GFLOPS    0|0      GB/s)
*** AMD      702 E[90m_[0m[36m32[0m[90m_[0m[33m4[0m                                         arg  2 mem  17.60 GB tm      8.04us/  5976.87ms (      0 GFLOPS    0|0      GB/s)
*** AMD      703 E[90m_[0m[34m320[0m[90m_[0m[36m32[0m[90m_[0m[33m4[0m                                     arg  2 mem  17.60 GB tm      9.76us/  5976.88ms (      0 GFLOPS   25|25     GB/s)
*** AMD      704 E[90m_[0m[34m3[0m[90m_[0m[36m4[0m[90m_[0m[33m4[0m                                        arg  2 mem  17.60 GB tm      8.64us/  5976.89ms (      0 GFLOPS    0|0      GB/s)
*** AMD      705 E[90m_[0m[34m3[0m[90m_[0m[36m4[0m[90m_[0m[33m4[0m                                        arg  2 mem  17.60 GB tm      9.00us/  5976.89ms (      0 GFLOPS    0|0      GB/s)
*** AMD      706 E[90m_[0m[36m32[0m[90m_[0m[33m4[0m                                         arg  2 mem  17.60 GB tm      8.00us/  5976.90ms (      0 GFLOPS    0|0      GB/s)
*** AMD      707 E[90m_[0m[34m320[0m[90m_[0m[36m32[0m[90m_[0m[33m4[0m                                     arg  2 mem  17.61 GB tm     10.08us/  5976.91ms (      0 GFLOPS   24|24     GB/s)
*** AMD      708 E[90m_[0m[34m3[0m[90m_[0m[36m4[0m[90m_[0m[33m4[0m                                        arg  2 mem  17.61 GB tm      8.92us/  5976.92ms (      0 GFLOPS    0|0      GB/s)
*** AMD      709 E[90m_[0m[34m3[0m[90m_[0m[36m4[0m[90m_[0m[33m4[0m                                        arg  2 mem  17.61 GB tm      9.20us/  5976.93ms (      0 GFLOPS    0|0      GB/s)
*** AMD      710 E[90m_[0m[36m32[0m[90m_[0m[33m4[0m                                         arg  2 mem  17.61 GB tm      8.12us/  5976.94ms (      0 GFLOPS    0|0      GB/s)
*** AMD      711 E[90m_[0m[34m320[0m[90m_[0m[36m32[0m[90m_[0m[33m4[0m                                     arg  2 mem  17.61 GB tm      9.00us/  5976.95ms (      0 GFLOPS   27|27     GB/s)
*** AMD      712 E[90m_[0m[34m3[0m[90m_[0m[36m4[0m[90m_[0m[33m4[0m                                        arg  2 mem  17.61 GB tm      8.80us/  5976.96ms (      0 GFLOPS    0|0      GB/s)
*** AMD      713 E[90m_[0m[34m3[0m[90m_[0m[36m4[0m[90m_[0m[33m4[0m                                        arg  2 mem  17.61 GB tm      8.48us/  5976.97ms (      0 GFLOPS    0|0      GB/s)
*** AMD      714 E[90m_[0m[36m32[0m[90m_[0m[33m4[0m                                         arg  2 mem  17.61 GB tm      7.96us/  5976.97ms (      0 GFLOPS    0|0      GB/s)
*** AMD      715 E[90m_[0m[34m320[0m[90m_[0m[36m32[0m[90m_[0m[33m4[0m                                     arg  2 mem  17.61 GB tm      9.04us/  5976.98ms (      0 GFLOPS   27|27     GB/s)
*** AMD      716 E[90m_[0m[34m3[0m[90m_[0m[36m4[0m[90m_[0m[33m4[0m                                        arg  2 mem  17.61 GB tm      8.60us/  5976.99ms (      0 GFLOPS    0|0      GB/s)
*** AMD      717 E[90m_[0m[34m3[0m[90m_[0m[36m4[0m[90m_[0m[33m4[0m                                        arg  2 mem  17.61 GB tm      8.48us/  5977.00ms (      0 GFLOPS    0|0      GB/s)
*** AMD      718 E[90m_[0m[36m32[0m[90m_[0m[33m4[0m                                         arg  2 mem  17.61 GB tm      7.84us/  5977.01ms (      0 GFLOPS    0|0      GB/s)
*** AMD      719 E[90m_[0m[34m320[0m[90m_[0m[36m32[0m[90m_[0m[33m4[0m                                     arg  2 mem  17.61 GB tm      8.96us/  5977.02ms (      0 GFLOPS   27|27     GB/s)
*** AMD      720 E[90m_[0m[34m3[0m[90m_[0m[36m4[0m[90m_[0m[33m4[0m                                        arg  2 mem  17.61 GB tm      8.60us/  5977.02ms (      0 GFLOPS    0|0      GB/s)
*** AMD      721 E[90m_[0m[34m3[0m[90m_[0m[36m4[0m[90m_[0m[33m4[0m                                        arg  2 mem  17.61 GB tm      8.96us/  5977.03ms (      0 GFLOPS    0|0      GB/s)
*** AMD      722 E[90m_[0m[36m32[0m[90m_[0m[33m4[0m                                         arg  2 mem  17.61 GB tm      8.08us/  5977.04ms (      0 GFLOPS    0|0      GB/s)
*** AMD      723 E[90m_[0m[34m320[0m[90m_[0m[36m32[0m[90m_[0m[33m4[0m                                     arg  2 mem  17.61 GB tm      8.44us/  5977.05ms (      0 GFLOPS   29|29     GB/s)
*** AMD      724 E[90m_[0m[34m3[0m[90m_[0m[36m4[0m[90m_[0m[33m4[0m                                        arg  2 mem  17.61 GB tm      8.52us/  5977.06ms (      0 GFLOPS    0|0      GB/s)
*** AMD      725 E[90m_[0m[34m3[0m[90m_[0m[36m4[0m[90m_[0m[33m4[0m                                        arg  2 mem  17.61 GB tm      8.52us/  5977.07ms (      0 GFLOPS    0|0      GB/s)
*** AMD      726 E[90m_[0m[36m32[0m[90m_[0m[33m4[0m                                         arg  2 mem  17.61 GB tm      8.04us/  5977.08ms (      0 GFLOPS    0|0      GB/s)
*** AMD      727 E[90m_[0m[34m320[0m[90m_[0m[36m32[0m[90m_[0m[33m4[0m                                     arg  2 mem  17.61 GB tm      8.40us/  5977.08ms (      0 GFLOPS   29|29     GB/s)
*** AMD      728 E[90m_[0m[34m3[0m[90m_[0m[36m4[0m[90m_[0m[33m4[0m                                        arg  2 mem  17.61 GB tm      8.56us/  5977.09ms (      0 GFLOPS    0|0      GB/s)
*** AMD      729 E[90m_[0m[34m3[0m[90m_[0m[36m4[0m[90m_[0m[33m4[0m                                        arg  2 mem  17.61 GB tm      8.60us/  5977.10ms (      0 GFLOPS    0|0      GB/s)
*** AMD      730 E[90m_[0m[36m32[0m[90m_[0m[33m4[0m                                         arg  2 mem  17.61 GB tm      8.08us/  5977.11ms (      0 GFLOPS    0|0      GB/s)
*** AMD      731 E[90m_[0m[34m320[0m[90m_[0m[36m32[0m[90m_[0m[33m4[0m                                     arg  2 mem  17.61 GB tm      8.76us/  5977.12ms (      0 GFLOPS   28|28     GB/s)
*** AMD      732 E[90m_[0m[34m3[0m[90m_[0m[36m4[0m[90m_[0m[33m4[0m                                        arg  2 mem  17.61 GB tm      8.60us/  5977.13ms (      0 GFLOPS    0|0      GB/s)
*** AMD      733 E[90m_[0m[34m3[0m[90m_[0m[36m4[0m[90m_[0m[33m4[0m                                        arg  2 mem  17.61 GB tm      8.44us/  5977.13ms (      0 GFLOPS    0|0      GB/s)
*** AMD      734 E[90m_[0m[36m32[0m[90m_[0m[33m4[0m                                         arg  2 mem  17.61 GB tm      8.32us/  5977.14ms (      0 GFLOPS    0|0      GB/s)
*** AMD      735 E[90m_[0m[34m320[0m[90m_[0m[36m32[0m[90m_[0m[33m4[0m                                     arg  2 mem  17.61 GB tm      9.36us/  5977.15ms (      0 GFLOPS   26|26     GB/s)
*** AMD      736 E[90m_[0m[34m3[0m[90m_[0m[36m4[0m[90m_[0m[33m4[0m                                        arg  2 mem  17.61 GB tm      8.64us/  5977.16ms (      0 GFLOPS    0|0      GB/s)
*** AMD      737 E[90m_[0m[34m3[0m[90m_[0m[36m4[0m[90m_[0m[33m4[0m                                        arg  2 mem  17.61 GB tm      8.64us/  5977.17ms (      0 GFLOPS    0|0      GB/s)
*** AMD      738 E[90m_[0m[36m32[0m[90m_[0m[33m4[0m                                         arg  2 mem  17.61 GB tm      8.04us/  5977.18ms (      0 GFLOPS    0|0      GB/s)
*** AMD      739 E[90m_[0m[34m320[0m[90m_[0m[36m32[0m[90m_[0m[33m4[0m                                     arg  2 mem  17.61 GB tm      8.44us/  5977.19ms (      0 GFLOPS   29|29     GB/s)
*** AMD      740 E[90m_[0m[34m3[0m[90m_[0m[36m4[0m[90m_[0m[33m4[0m                                        arg  2 mem  17.61 GB tm      8.80us/  5977.20ms (      0 GFLOPS    0|0      GB/s)
*** AMD      741 E[90m_[0m[34m3[0m[90m_[0m[36m4[0m[90m_[0m[33m4[0m                                        arg  2 mem  17.61 GB tm      8.48us/  5977.20ms (      0 GFLOPS    0|0      GB/s)
*** AMD      742 E[90m_[0m[36m32[0m[90m_[0m[33m4[0m                                         arg  2 mem  17.61 GB tm      8.08us/  5977.21ms (      0 GFLOPS    0|0      GB/s)
*** AMD      743 E[90m_[0m[34m320[0m[90m_[0m[36m32[0m[90m_[0m[33m4[0m                                     arg  2 mem  17.61 GB tm      9.32us/  5977.22ms (      0 GFLOPS   26|26     GB/s)
*** AMD      744 E[90m_[0m[34m3[0m[90m_[0m[36m4[0m[90m_[0m[33m4[0m                                        arg  2 mem  17.61 GB tm      8.56us/  5977.23ms (      0 GFLOPS    0|0      GB/s)
*** AMD      745 E[90m_[0m[34m3[0m[90m_[0m[36m4[0m[90m_[0m[33m4[0m                                        arg  2 mem  17.61 GB tm      8.48us/  5977.24ms (      0 GFLOPS    0|0      GB/s)
*** AMD      746 E[90m_[0m[36m32[0m[90m_[0m[33m4[0m                                         arg  2 mem  17.61 GB tm      8.16us/  5977.25ms (      0 GFLOPS    0|0      GB/s)
*** AMD      747 E[90m_[0m[34m320[0m[90m_[0m[36m32[0m[90m_[0m[33m4[0m                                     arg  2 mem  17.61 GB tm      8.40us/  5977.25ms (      0 GFLOPS   29|29     GB/s)
*** AMD      748 E[90m_[0m[34m3[0m[90m_[0m[36m4[0m[90m_[0m[33m4[0m                                        arg  2 mem  17.61 GB tm      8.60us/  5977.26ms (      0 GFLOPS    0|0      GB/s)
*** AMD      749 E[90m_[0m[34m3[0m[90m_[0m[36m4[0m[90m_[0m[33m4[0m                                        arg  2 mem  17.61 GB tm      8.68us/  5977.27ms (      0 GFLOPS    0|0      GB/s)
*** AMD      750 E[90m_[0m[36m32[0m[90m_[0m[33m4[0m                                         arg  2 mem  17.61 GB tm      8.08us/  5977.28ms (      0 GFLOPS    0|0      GB/s)
*** AMD      751 E[90m_[0m[34m320[0m[90m_[0m[36m32[0m[90m_[0m[33m4[0m                                     arg  2 mem  17.61 GB tm      8.80us/  5977.29ms (      0 GFLOPS   28|28     GB/s)
*** AMD      752 E[90m_[0m[34m3[0m[90m_[0m[36m4[0m[90m_[0m[33m4[0m                                        arg  2 mem  17.61 GB tm      8.56us/  5977.30ms (      0 GFLOPS    0|0      GB/s)
*** AMD      753 E[90m_[0m[34m3[0m[90m_[0m[36m4[0m[90m_[0m[33m4[0m                                        arg  2 mem  17.61 GB tm      8.96us/  5977.31ms (      0 GFLOPS    0|0      GB/s)
*** AMD      754 E[90m_[0m[36m32[0m[90m_[0m[33m4[0m                                         arg  2 mem  17.61 GB tm      8.04us/  5977.31ms (      0 GFLOPS    0|0      GB/s)
*** AMD      755 E[90m_[0m[34m320[0m[90m_[0m[36m32[0m[90m_[0m[33m4[0m                                     arg  2 mem  17.61 GB tm      8.84us/  5977.32ms (      0 GFLOPS   28|28     GB/s)
*** AMD      756 E[90m_[0m[34m3[0m[90m_[0m[36m4[0m[90m_[0m[33m4[0m                                        arg  2 mem  17.61 GB tm      8.44us/  5977.33ms (      0 GFLOPS    0|0      GB/s)
*** AMD      757 E[90m_[0m[34m3[0m[90m_[0m[36m4[0m[90m_[0m[33m4[0m                                        arg  2 mem  17.61 GB tm      8.56us/  5977.34ms (      0 GFLOPS    0|0      GB/s)
*** AMD      758 E[90m_[0m[36m32[0m[90m_[0m[33m4[0m                                         arg  2 mem  17.61 GB tm      8.00us/  5977.35ms (      0 GFLOPS    0|0      GB/s)
*** AMD      759 E[90m_[0m[34m320[0m[90m_[0m[36m32[0m[90m_[0m[33m4[0m                                     arg  2 mem  17.61 GB tm      9.52us/  5977.36ms (      0 GFLOPS   26|26     GB/s)
*** AMD      760 E[90m_[0m[34m3[0m[90m_[0m[36m4[0m[90m_[0m[33m4[0m                                        arg  2 mem  17.61 GB tm      8.56us/  5977.37ms (      0 GFLOPS    0|0      GB/s)
*** AMD      761 E[90m_[0m[34m3[0m[90m_[0m[36m4[0m[90m_[0m[33m4[0m                                        arg  2 mem  17.61 GB tm      8.56us/  5977.37ms (      0 GFLOPS    0|0      GB/s)
*** AMD      762 E[90m_[0m[36m32[0m[90m_[0m[33m4[0m                                         arg  2 mem  17.61 GB tm      7.92us/  5977.38ms (      0 GFLOPS    0|0      GB/s)
*** AMD      763 E[90m_[0m[34m320[0m[90m_[0m[36m32[0m[90m_[0m[33m4[0m                                     arg  2 mem  17.61 GB tm      8.44us/  5977.39ms (      0 GFLOPS   29|29     GB/s)
*** AMD      764 E[90m_[0m[34m3[0m[90m_[0m[36m4[0m[90m_[0m[33m4[0m                                        arg  2 mem  17.61 GB tm      8.52us/  5977.40ms (      0 GFLOPS    0|0      GB/s)
*** AMD      765 E[90m_[0m[34m3[0m[90m_[0m[36m4[0m[90m_[0m[33m4[0m                                        arg  2 mem  17.61 GB tm      8.40us/  5977.41ms (      0 GFLOPS    0|0      GB/s)
*** AMD      766 E[90m_[0m[36m32[0m[90m_[0m[33m4[0m                                         arg  2 mem  17.61 GB tm      8.32us/  5977.42ms (      0 GFLOPS    0|0      GB/s)
*** AMD      767 E[90m_[0m[34m320[0m[90m_[0m[36m32[0m[90m_[0m[33m4[0m                                     arg  2 mem  17.61 GB tm      8.84us/  5977.43ms (      0 GFLOPS   28|28     GB/s)
*** AMD      768 E[90m_[0m[34m3[0m[90m_[0m[36m4[0m[90m_[0m[33m4[0m                                        arg  2 mem  17.61 GB tm      8.40us/  5977.43ms (      0 GFLOPS    0|0      GB/s)
*** AMD      769 E[90m_[0m[34m3[0m[90m_[0m[36m4[0m[90m_[0m[33m4[0m                                        arg  2 mem  17.61 GB tm      8.48us/  5977.44ms (      0 GFLOPS    0|0      GB/s)
*** AMD      770 E[90m_[0m[36m32[0m[90m_[0m[33m4[0m                                         arg  2 mem  17.61 GB tm      7.88us/  5977.45ms (      0 GFLOPS    0|0      GB/s)
*** AMD      771 E[90m_[0m[34m320[0m[90m_[0m[36m32[0m[90m_[0m[33m4[0m                                     arg  2 mem  17.61 GB tm      8.44us/  5977.46ms (      0 GFLOPS   29|29     GB/s)
*** AMD      772 E[90m_[0m[34m3[0m[90m_[0m[36m4[0m[90m_[0m[33m4[0m                                        arg  2 mem  17.61 GB tm      8.92us/  5977.47ms (      0 GFLOPS    0|0      GB/s)
*** AMD      773 E[90m_[0m[34m3[0m[90m_[0m[36m4[0m[90m_[0m[33m4[0m                                        arg  2 mem  17.61 GB tm      8.64us/  5977.48ms (      0 GFLOPS    0|0      GB/s)
*** AMD      774 E[90m_[0m[36m32[0m[90m_[0m[33m4[0m                                         arg  2 mem  17.61 GB tm      8.04us/  5977.48ms (      0 GFLOPS    0|0      GB/s)
*** AMD      775 E[90m_[0m[34m320[0m[90m_[0m[36m32[0m[90m_[0m[33m4[0m                                     arg  2 mem  17.61 GB tm      8.32us/  5977.49ms (      0 GFLOPS   30|30     GB/s)
*** AMD      776 E[90m_[0m[34m3[0m[90m_[0m[36m4[0m[90m_[0m[33m4[0m                                        arg  2 mem  17.61 GB tm      8.36us/  5977.50ms (      0 GFLOPS    0|0      GB/s)
*** AMD      777 E[90m_[0m[34m3[0m[90m_[0m[36m4[0m[90m_[0m[33m4[0m                                        arg  2 mem  17.61 GB tm      8.36us/  5977.51ms (      0 GFLOPS    0|0      GB/s)
*** AMD      778 E[90m_[0m[36m32[0m[90m_[0m[33m4[0m                                         arg  2 mem  17.61 GB tm      7.84us/  5977.52ms (      0 GFLOPS    0|0      GB/s)
*** AMD      779 E[90m_[0m[34m320[0m[90m_[0m[36m32[0m[90m_[0m[33m4[0m                                     arg  2 mem  17.61 GB tm      9.36us/  5977.53ms (      0 GFLOPS   26|26     GB/s)
*** AMD      780 E[90m_[0m[34m3[0m[90m_[0m[36m4[0m[90m_[0m[33m4[0m                                        arg  2 mem  17.61 GB tm      8.48us/  5977.53ms (      0 GFLOPS    0|0      GB/s)
*** AMD      781 E[90m_[0m[34m3[0m[90m_[0m[36m4[0m[90m_[0m[33m4[0m                                        arg  2 mem  17.61 GB tm      8.56us/  5977.54ms (      0 GFLOPS    0|0      GB/s)
*** AMD      782 E[90m_[0m[36m32[0m[90m_[0m[33m4[0m                                         arg  2 mem  17.61 GB tm      7.88us/  5977.55ms (      0 GFLOPS    0|0      GB/s)
*** AMD      783 E[90m_[0m[34m320[0m[90m_[0m[36m32[0m[90m_[0m[33m4[0m                                     arg  2 mem  17.61 GB tm      8.40us/  5977.56ms (      0 GFLOPS   29|29     GB/s)
*** AMD      784 E[90m_[0m[34m3[0m[90m_[0m[36m4[0m[90m_[0m[33m4[0m                                        arg  2 mem  17.61 GB tm      8.56us/  5977.57ms (      0 GFLOPS    0|0      GB/s)
*** AMD      785 E[90m_[0m[34m3[0m[90m_[0m[36m4[0m[90m_[0m[33m4[0m                                        arg  2 mem  17.61 GB tm      8.84us/  5977.58ms (      0 GFLOPS    0|0      GB/s)
*** AMD      786 E[90m_[0m[36m32[0m[90m_[0m[33m4[0m                                         arg  2 mem  17.61 GB tm      8.00us/  5977.59ms (      0 GFLOPS    0|0      GB/s)
*** AMD      787 E[90m_[0m[34m320[0m[90m_[0m[36m32[0m[90m_[0m[33m4[0m                                     arg  2 mem  17.61 GB tm      9.44us/  5977.59ms (      0 GFLOPS   26|26     GB/s)
*** AMD      788 E[90m_[0m[34m3[0m[90m_[0m[36m4[0m[90m_[0m[33m4[0m                                        arg  2 mem  17.61 GB tm      8.64us/  5977.60ms (      0 GFLOPS    0|0      GB/s)
*** AMD      789 E[90m_[0m[34m3[0m[90m_[0m[36m4[0m[90m_[0m[33m4[0m                                        arg  2 mem  17.61 GB tm      8.52us/  5977.61ms (      0 GFLOPS    0|0      GB/s)
*** AMD      790 E[90m_[0m[36m32[0m[90m_[0m[33m4[0m                                         arg  2 mem  17.61 GB tm      8.12us/  5977.62ms (      0 GFLOPS    0|0      GB/s)
*** AMD      791 E[90m_[0m[34m320[0m[90m_[0m[36m32[0m[90m_[0m[33m4[0m                                     arg  2 mem  17.61 GB tm      9.44us/  5977.63ms (      0 GFLOPS   26|26     GB/s)
*** AMD      792 E[90m_[0m[34m3[0m[90m_[0m[36m4[0m[90m_[0m[33m4[0m                                        arg  2 mem  17.61 GB tm      8.48us/  5977.64ms (      0 GFLOPS    0|0      GB/s)
*** AMD      793 E[90m_[0m[34m3[0m[90m_[0m[36m4[0m[90m_[0m[33m4[0m                                        arg  2 mem  17.61 GB tm      8.72us/  5977.65ms (      0 GFLOPS    0|0      GB/s)
*** AMD      794 E[90m_[0m[36m32[0m[90m_[0m[33m4[0m                                         arg  2 mem  17.61 GB tm      7.84us/  5977.65ms (      0 GFLOPS    0|0      GB/s)
*** AMD      795 E[90m_[0m[34m320[0m[90m_[0m[36m32[0m[90m_[0m[33m4[0m                                     arg  2 mem  17.61 GB tm      8.92us/  5977.66ms (      0 GFLOPS   28|28     GB/s)
*** AMD      796 E[90m_[0m[34m3[0m[90m_[0m[36m4[0m[90m_[0m[33m4[0m                                        arg  2 mem  17.61 GB tm      8.60us/  5977.67ms (      0 GFLOPS    0|0      GB/s)
*** AMD      797 E[90m_[0m[34m3[0m[90m_[0m[36m4[0m[90m_[0m[33m4[0m                                        arg  2 mem  17.61 GB tm      8.48us/  5977.68ms (      0 GFLOPS    0|0      GB/s)
*** AMD      798 E[90m_[0m[36m32[0m[90m_[0m[33m4[0m                                         arg  2 mem  17.61 GB tm      8.40us/  5977.69ms (      0 GFLOPS    0|0      GB/s)
*** AMD      799 E[90m_[0m[34m320[0m[90m_[0m[36m32[0m[90m_[0m[33m4[0m                                     arg  2 mem  17.61 GB tm      8.40us/  5977.70ms (      0 GFLOPS   29|29     GB/s)
*** AMD      800 E[90m_[0m[34m3[0m[90m_[0m[36m4[0m[90m_[0m[33m4[0m                                        arg  2 mem  17.61 GB tm      8.52us/  5977.71ms (      0 GFLOPS    0|0      GB/s)
*** AMD      801 E[90m_[0m[34m3[0m[90m_[0m[36m4[0m[90m_[0m[33m4[0m                                        arg  2 mem  17.61 GB tm      8.48us/  5977.71ms (      0 GFLOPS    0|0      GB/s)
*** AMD      802 E[90m_[0m[36m32[0m[90m_[0m[33m4[0m                                         arg  2 mem  17.61 GB tm      8.04us/  5977.72ms (      0 GFLOPS    0|0      GB/s)
*** AMD      803 E[90m_[0m[34m320[0m[90m_[0m[36m32[0m[90m_[0m[33m4[0m                                     arg  2 mem  17.61 GB tm      8.80us/  5977.73ms (      0 GFLOPS   28|28     GB/s)
*** AMD      804 E[90m_[0m[34m3[0m[90m_[0m[36m4[0m[90m_[0m[33m4[0m                                        arg  2 mem  17.61 GB tm      9.12us/  5977.74ms (      0 GFLOPS    0|0      GB/s)
*** AMD      805 E[90m_[0m[34m3[0m[90m_[0m[36m4[0m[90m_[0m[33m4[0m                                        arg  2 mem  17.61 GB tm      8.44us/  5977.75ms (      0 GFLOPS    0|0      GB/s)
*** AMD      806 E[90m_[0m[36m32[0m[90m_[0m[33m4[0m                                         arg  2 mem  17.61 GB tm      7.92us/  5977.76ms (      0 GFLOPS    0|0      GB/s)
*** AMD      807 E[90m_[0m[34m320[0m[90m_[0m[36m32[0m[90m_[0m[33m4[0m                                     arg  2 mem  17.61 GB tm      8.44us/  5977.76ms (      0 GFLOPS   29|29     GB/s)
*** AMD      808 E[90m_[0m[34m3[0m[90m_[0m[36m4[0m[90m_[0m[33m4[0m                                        arg  2 mem  17.61 GB tm      8.60us/  5977.77ms (      0 GFLOPS    0|0      GB/s)
*** AMD      809 E[90m_[0m[34m3[0m[90m_[0m[36m4[0m[90m_[0m[33m4[0m                                        arg  2 mem  17.61 GB tm      8.64us/  5977.78ms (      0 GFLOPS    0|0      GB/s)
*** AMD      810 E[90m_[0m[36m32[0m[90m_[0m[33m4[0m                                         arg  2 mem  17.61 GB tm      7.96us/  5977.79ms (      0 GFLOPS    0|0      GB/s)
*** AMD      811 E[90m_[0m[34m320[0m[90m_[0m[36m32[0m[90m_[0m[33m4[0m                                     arg  2 mem  17.61 GB tm      8.84us/  5977.80ms (      0 GFLOPS   28|28     GB/s)
*** AMD      812 E[90m_[0m[34m3[0m[90m_[0m[36m4[0m[90m_[0m[33m4[0m                                        arg  2 mem  17.61 GB tm      8.52us/  5977.81ms (      0 GFLOPS    0|0      GB/s)
*** AMD      813 E[90m_[0m[34m3[0m[90m_[0m[36m4[0m[90m_[0m[33m4[0m                                        arg  2 mem  17.61 GB tm      8.52us/  5977.82ms (      0 GFLOPS    0|0      GB/s)
*** AMD      814 E[90m_[0m[36m32[0m[90m_[0m[33m4[0m                                         arg  2 mem  17.61 GB tm      7.88us/  5977.82ms (      0 GFLOPS    0|0      GB/s)
*** AMD      815 E[90m_[0m[34m320[0m[90m_[0m[36m32[0m[90m_[0m[33m4[0m                                     arg  2 mem  17.61 GB tm      8.80us/  5977.83ms (      0 GFLOPS   28|28     GB/s)
*** AMD      816 E[90m_[0m[34m3[0m[90m_[0m[36m4[0m[90m_[0m[33m4[0m                                        arg  2 mem  17.61 GB tm      8.60us/  5977.84ms (      0 GFLOPS    0|0      GB/s)
*** AMD      817 E[90m_[0m[34m3[0m[90m_[0m[36m4[0m[90m_[0m[33m4[0m                                        arg  2 mem  17.61 GB tm      8.88us/  5977.85ms (      0 GFLOPS    0|0      GB/s)
*** AMD      818 E[90m_[0m[36m32[0m[90m_[0m[33m4[0m                                         arg  2 mem  17.61 GB tm      8.20us/  5977.86ms (      0 GFLOPS    0|0      GB/s)
*** AMD      819 E[90m_[0m[34m320[0m[90m_[0m[36m32[0m[90m_[0m[33m4[0m                                     arg  2 mem  17.61 GB tm      8.44us/  5977.87ms (      0 GFLOPS   29|29     GB/s)
*** AMD      820 E[90m_[0m[34m3[0m[90m_[0m[36m4[0m[90m_[0m[33m4[0m                                        arg  2 mem  17.61 GB tm      8.60us/  5977.88ms (      0 GFLOPS    0|0      GB/s)
*** AMD      821 E[90m_[0m[34m3[0m[90m_[0m[36m4[0m[90m_[0m[33m4[0m                                        arg  2 mem  17.61 GB tm      8.60us/  5977.88ms (      0 GFLOPS    0|0      GB/s)
*** AMD      822 E[90m_[0m[36m32[0m[90m_[0m[33m4[0m                                         arg  2 mem  17.61 GB tm      8.12us/  5977.89ms (      0 GFLOPS    0|0      GB/s)
*** AMD      823 E[90m_[0m[34m320[0m[90m_[0m[36m32[0m[90m_[0m[33m4[0m                                     arg  2 mem  17.61 GB tm      8.32us/  5977.90ms (      0 GFLOPS   30|30     GB/s)
*** AMD      824 E[90m_[0m[34m3[0m[90m_[0m[36m4[0m[90m_[0m[33m4[0m                                        arg  2 mem  17.61 GB tm      8.60us/  5977.91ms (      0 GFLOPS    0|0      GB/s)
*** AMD      825 E[90m_[0m[34m3[0m[90m_[0m[36m4[0m[90m_[0m[33m4[0m                                        arg  2 mem  17.61 GB tm      8.60us/  5977.92ms (      0 GFLOPS    0|0      GB/s)
*** AMD      826 E[90m_[0m[36m32[0m[90m_[0m[33m4[0m                                         arg  2 mem  17.61 GB tm      8.16us/  5977.93ms (      0 GFLOPS    0|0      GB/s)
*** AMD      827 E[90m_[0m[34m320[0m[90m_[0m[36m32[0m[90m_[0m[33m4[0m                                     arg  2 mem  17.61 GB tm      8.88us/  5977.93ms (      0 GFLOPS   28|28     GB/s)
*** AMD      828 E[90m_[0m[34m3[0m[90m_[0m[36m4[0m[90m_[0m[33m4[0m                                        arg  2 mem  17.61 GB tm      8.48us/  5977.94ms (      0 GFLOPS    0|0      GB/s)
*** AMD      829 E[90m_[0m[34m3[0m[90m_[0m[36m4[0m[90m_[0m[33m4[0m                                        arg  2 mem  17.61 GB tm      8.60us/  5977.95ms (      0 GFLOPS    0|0      GB/s)
*** AMD      830 E[90m_[0m[36m32[0m[90m_[0m[33m4[0m                                         arg  2 mem  17.61 GB tm      8.32us/  5977.96ms (      0 GFLOPS    0|0      GB/s)
*** AMD      831 E[90m_[0m[34m320[0m[90m_[0m[36m32[0m[90m_[0m[33m4[0m                                     arg  2 mem  17.61 GB tm      8.84us/  5977.97ms (      0 GFLOPS   28|28     GB/s)
*** AMD      832 E[90m_[0m[34m3[0m[90m_[0m[36m4[0m[90m_[0m[33m4[0m                                        arg  2 mem  17.61 GB tm      8.60us/  5977.98ms (      0 GFLOPS    0|0      GB/s)
*** AMD      833 E[90m_[0m[34m3[0m[90m_[0m[36m4[0m[90m_[0m[33m4[0m                                        arg  2 mem  17.61 GB tm      8.60us/  5977.99ms (      0 GFLOPS    0|0      GB/s)
*** AMD      834 E[90m_[0m[36m32[0m[90m_[0m[33m4[0m                                         arg  2 mem  17.61 GB tm      8.08us/  5977.99ms (      0 GFLOPS    0|0      GB/s)
*** AMD      835 E[90m_[0m[34m320[0m[90m_[0m[36m32[0m[90m_[0m[33m4[0m                                     arg  2 mem  17.61 GB tm      8.32us/  5978.00ms (      0 GFLOPS   30|30     GB/s)
*** AMD      836 E[90m_[0m[34m3[0m[90m_[0m[36m4[0m[90m_[0m[33m4[0m                                        arg  2 mem  17.61 GB tm      8.88us/  5978.01ms (      0 GFLOPS    0|0      GB/s)
*** AMD      837 E[90m_[0m[34m3[0m[90m_[0m[36m4[0m[90m_[0m[33m4[0m                                        arg  2 mem  17.61 GB tm      8.56us/  5978.02ms (      0 GFLOPS    0|0      GB/s)
*** AMD      838 E[90m_[0m[36m32[0m[90m_[0m[33m4[0m                                         arg  2 mem  17.61 GB tm      8.00us/  5978.03ms (      0 GFLOPS    0|0      GB/s)
*** AMD      839 E[90m_[0m[34m320[0m[90m_[0m[36m32[0m[90m_[0m[33m4[0m                                     arg  2 mem  17.61 GB tm      9.52us/  5978.04ms (      0 GFLOPS   26|26     GB/s)
*** AMD      840 E[90m_[0m[34m3[0m[90m_[0m[36m4[0m[90m_[0m[33m4[0m                                        arg  2 mem  17.61 GB tm      8.56us/  5978.05ms (      0 GFLOPS    0|0      GB/s)
*** AMD      841 E[90m_[0m[34m3[0m[90m_[0m[36m4[0m[90m_[0m[33m4[0m                                        arg  2 mem  17.61 GB tm      8.44us/  5978.05ms (      0 GFLOPS    0|0      GB/s)
*** AMD      842 E[90m_[0m[36m32[0m[90m_[0m[33m4[0m                                         arg  2 mem  17.61 GB tm      8.00us/  5978.06ms (      0 GFLOPS    0|0      GB/s)
*** AMD      843 E[90m_[0m[34m320[0m[90m_[0m[36m32[0m[90m_[0m[33m4[0m                                     arg  2 mem  17.61 GB tm      9.76us/  5978.07ms (      0 GFLOPS   25|25     GB/s)
*** AMD      844 E[90m_[0m[34m3[0m[90m_[0m[36m4[0m[90m_[0m[33m4[0m                                        arg  2 mem  17.61 GB tm      8.48us/  5978.08ms (      0 GFLOPS    0|0      GB/s)
*** AMD      845 E[90m_[0m[34m3[0m[90m_[0m[36m4[0m[90m_[0m[33m4[0m                                        arg  2 mem  17.61 GB tm      8.52us/  5978.09ms (      0 GFLOPS    0|0      GB/s)
*** AMD      846 E[90m_[0m[36m32[0m[90m_[0m[33m4[0m                                         arg  2 mem  17.61 GB tm      8.00us/  5978.10ms (      0 GFLOPS    0|0      GB/s)
*** AMD      847 E[90m_[0m[34m320[0m[90m_[0m[36m32[0m[90m_[0m[33m4[0m                                     arg  2 mem  17.61 GB tm      8.40us/  5978.11ms (      0 GFLOPS   29|29     GB/s)
*** AMD      848 E[90m_[0m[34m3[0m[90m_[0m[36m4[0m[90m_[0m[33m4[0m                                        arg  2 mem  17.61 GB tm      8.56us/  5978.11ms (      0 GFLOPS    0|0      GB/s)
*** AMD      849 E[90m_[0m[34m3[0m[90m_[0m[36m4[0m[90m_[0m[33m4[0m                                        arg  2 mem  17.61 GB tm      8.96us/  5978.12ms (      0 GFLOPS    0|0      GB/s)
*** AMD      850 E[90m_[0m[36m32[0m[90m_[0m[33m4[0m                                         arg  2 mem  17.61 GB tm      8.20us/  5978.13ms (      0 GFLOPS    0|0      GB/s)
*** AMD      851 E[90m_[0m[34m320[0m[90m_[0m[36m32[0m[90m_[0m[33m4[0m                                     arg  2 mem  17.61 GB tm      8.80us/  5978.14ms (      0 GFLOPS   28|28     GB/s)
*** AMD      852 E[90m_[0m[34m3[0m[90m_[0m[36m4[0m[90m_[0m[33m4[0m                                        arg  2 mem  17.61 GB tm      8.48us/  5978.15ms (      0 GFLOPS    0|0      GB/s)
*** AMD      853 E[90m_[0m[34m3[0m[90m_[0m[36m4[0m[90m_[0m[33m4[0m                                        arg  2 mem  17.61 GB tm      8.72us/  5978.16ms (      0 GFLOPS    0|0      GB/s)
*** AMD      854 E[90m_[0m[36m32[0m[90m_[0m[33m4[0m                                         arg  2 mem  17.61 GB tm      8.08us/  5978.17ms (      0 GFLOPS    0|0      GB/s)
*** AMD      855 E[90m_[0m[34m320[0m[90m_[0m[36m32[0m[90m_[0m[33m4[0m                                     arg  2 mem  17.61 GB tm      9.48us/  5978.17ms (      0 GFLOPS   26|26     GB/s)
*** AMD      856 E[90m_[0m[34m3[0m[90m_[0m[36m4[0m[90m_[0m[33m4[0m                                        arg  2 mem  17.61 GB tm      8.60us/  5978.18ms (      0 GFLOPS    0|0      GB/s)
*** AMD      857 E[90m_[0m[34m3[0m[90m_[0m[36m4[0m[90m_[0m[33m4[0m                                        arg  2 mem  17.61 GB tm      8.60us/  5978.19ms (      0 GFLOPS    0|0      GB/s)
*** AMD      858 E[90m_[0m[36m32[0m[90m_[0m[33m4[0m                                         arg  2 mem  17.61 GB tm      8.04us/  5978.20ms (      0 GFLOPS    0|0      GB/s)
*** AMD      859 E[90m_[0m[34m320[0m[90m_[0m[36m32[0m[90m_[0m[33m4[0m                                     arg  2 mem  17.61 GB tm      8.80us/  5978.21ms (      0 GFLOPS   28|28     GB/s)
*** AMD      860 E[90m_[0m[34m3[0m[90m_[0m[36m4[0m[90m_[0m[33m4[0m                                        arg  2 mem  17.61 GB tm      8.72us/  5978.22ms (      0 GFLOPS    0|0      GB/s)
*** AMD      861 E[90m_[0m[34m3[0m[90m_[0m[36m4[0m[90m_[0m[33m4[0m                                        arg  2 mem  17.61 GB tm      8.60us/  5978.23ms (      0 GFLOPS    0|0      GB/s)
*** AMD      862 E[90m_[0m[36m32[0m[90m_[0m[33m4[0m                                         arg  2 mem  17.61 GB tm      8.32us/  5978.23ms (      0 GFLOPS    0|0      GB/s)
*** AMD      863 E[90m_[0m[34m320[0m[90m_[0m[36m32[0m[90m_[0m[33m4[0m                                     arg  2 mem  17.61 GB tm      8.80us/  5978.24ms (      0 GFLOPS   28|28     GB/s)
*** AMD      864 E[90m_[0m[34m3[0m[90m_[0m[36m4[0m[90m_[0m[33m4[0m                                        arg  2 mem  17.61 GB tm      8.40us/  5978.25ms (      0 GFLOPS    0|0      GB/s)
*** AMD      865 E[90m_[0m[34m3[0m[90m_[0m[36m4[0m[90m_[0m[33m4[0m                                        arg  2 mem  17.61 GB tm      8.60us/  5978.26ms (      0 GFLOPS    0|0      GB/s)
*** AMD      866 E[90m_[0m[36m32[0m[90m_[0m[33m4[0m                                         arg  2 mem  17.61 GB tm      8.00us/  5978.27ms (      0 GFLOPS    0|0      GB/s)
using model "Qwen3.8-27B" with 20,291,642,176 bytes and 65,185,378,112 params, max context 114688 on AMD
scheduled    33 kernels in    66.40 ms | CACHE MISS 0b50b4e8 |   37442 uops in cache | <frozen runpy>:88
memory reduced from 5.24 MB -> 5.24 MB, 2 -> 1 bufs
compiling:   0%|                                         | 0/27 [00:00<?, ?it/s]compiling gather_rows_256_2880                    :   4%| | 1/27 [00:00<00:00, 138.26it/s]compiling rmsnorm_quant_5120_float_b128           :   7%| | 2/27 [00:00<00:00, 248.03it/s]compiling E                                       :  15%|▏| 4/27 [00:00<00:00, 492.03it/s]compiling gemm_q8_10240_5120_t256_m64n64_wn4_pf0  :  30%|▎| 8/27 [00:00<00:00, 712.58it/s]compiling E[90m_[0m[34m8192[0m[90m_[0m[36m32[0m[90m_[0m[33m3[0m                             :  52%|▌| 14/27 [00:00<00:00, 741.91it/s]compiling gemm_q8_5120_17408_t256_m64n64_wn4_pf0_res:  78%|▊| 21/27 [00:00<00:00, 1035.22it/s]compiling E[90m_[0m[34m8192[0m[90m_[0m[36m32[0m[90m_[0m[33m3[0m                             : 100%|█| 27/27 [00:00<00:00, 133.79it/s]
scheduled    25 kernels in    12.44 ms | CACHE MISS e65358c0 |   37928 uops in cache | <frozen runpy>:88
compiling:   0%|                                          | 0/7 [00:00<?, ?it/s]compiling deq8_iq4xs_17408_5120                   :  14%|▏| 1/7 [00:00<00:00, 438.50it/s]compiling deq8_q4k_10240_5120                     :  57%|▌| 4/7 [00:00<00:00, 1318.68it/s]compiling deq8_iq4nl_5120_17408                   : 100%|█| 7/7 [00:00<00:00, 1970.48it/s]
scheduled    25 kernels in    11.43 ms | CACHE MISS bfdf5c98 |   38121 uops in cache | <frozen runpy>:88
compiling:   0%|                                          | 0/2 [00:00<?, ?it/s]compiling deq8_q5k_6144_5120                      :  50%|▌| 1/2 [00:00<00:00, 437.12it/s]compiling deq8_q4k_10240_5120                     : 100%|█| 2/2 [00:00<00:00, 719.29it/s]
scheduled    20 kernels in    37.81 ms | CACHE MISS d620039c |   38535 uops in cache | <frozen runpy>:88
compiling:   0%|                                         | 0/12 [00:00<?, ?it/s]compiling deq8_q6k_5120_6144                      :   8%| | 1/12 [00:00<00:00, 371.83it/s]compiling deq8_q4k_17408_5120                     :  25%|▎| 3/12 [00:00<00:00, 989.37it/s]compiling attn_prep_24_4_256_64_114700_11_k4jv4   :  75%|▊| 9/12 [00:00<00:00, 1616.88it/s]compiling attn_pf_24_4_256_64_114700_11_k4jv4_q8  : 100%|█| 12/12 [00:00<00:00, 49.54it/s]
scheduled    25 kernels in    11.53 ms | CACHE MISS 5e989fdf |   38431 uops in cache | <frozen runpy>:88
compiling:   0%|                                          | 0/3 [00:00<?, ?it/s]compiling deq8_q5k_6144_5120                      :  33%|▎| 1/3 [00:00<00:00, 318.02it/s]compiling deq8_q5k_5120_6144                      : 100%|█| 3/3 [00:00<00:00, 911.00it/s]compiling deq8_q5k_5120_6144                      : 100%|█| 3/3 [00:00<00:00, 901.07it/s]
scheduled    25 kernels in    11.21 ms | CACHE MISS 784e664a |   38551 uops in cache | <frozen runpy>:88
compiling:   0%|                                          | 0/1 [00:00<?, ?it/s]compiling deq8_q5k_10240_5120                     : 100%|█| 1/1 [00:00<00:00, 1548.34it/s]compiling deq8_q5k_10240_5120                     : 100%|█| 1/1 [00:00<00:00, 1469.22it/s]
scheduled    25 kernels in    11.30 ms | CACHE MISS c3b1c6f5 |   38678 uops in cache | <frozen runpy>:88
compiling:   0%|                                          | 0/2 [00:00<?, ?it/s]compiling deq8_q6k_10240_5120                     :  50%|▌| 1/2 [00:00<00:00, 461.62it/s]compiling deq8_q4k_5120_17408                     : 100%|█| 2/2 [00:00<00:00, 403.57it/s]
scheduled    19 kernels in     8.06 ms | CACHE MISS 035b8aaa |   38826 uops in cache | <frozen runpy>:88
compiling:   0%|                                          | 0/3 [00:00<?, ?it/s]compiling deq8_q5k_5120_6144                      :  33%|▎| 1/3 [00:00<00:00, 368.75it/s]compiling deq8_q4k_12288_5120                     : 100%|█| 3/3 [00:00<00:00, 1071.55it/s]compiling deq8_q4k_12288_5120                     : 100%|█| 3/3 [00:00<00:00, 1064.11it/s]
scheduled    25 kernels in    11.21 ms | CACHE MISS 66ee7eec |   38486 uops in cache | <frozen runpy>:88
scheduled    25 kernels in    11.08 ms | CACHE MISS 2b95b246 |   38599 uops in cache | <frozen runpy>:88
scheduled    25 kernels in    11.09 ms | CACHE MISS d678bab1 |   38711 uops in cache | <frozen runpy>:88
scheduled    19 kernels in     8.16 ms | CACHE MISS cc7f872d |   38868 uops in cache | <frozen runpy>:88
compiling:   0%|                                          | 0/3 [00:00<?, ?it/s]compiling deq8_q6k_1024_5120                      :  33%|▎| 1/3 [00:00<00:00, 369.05it/s]compiling deq8_q8_0_1024_5120                     : 100%|█| 3/3 [00:00<00:00, 1075.49it/s]compiling deq8_q8_0_1024_5120                     : 100%|█| 3/3 [00:00<00:00, 1067.80it/s]
scheduled    25 kernels in    11.29 ms | CACHE MISS bc893116 |   38527 uops in cache | <frozen runpy>:88
scheduled    25 kernels in    11.05 ms | CACHE MISS 42befc01 |   38643 uops in cache | <frozen runpy>:88
compiling:   0%|                                          | 0/1 [00:00<?, ?it/s]compiling deq8_q3k_17408_5120                     : 100%|█| 1/1 [00:00<00:00, 1985.86it/s]compiling deq8_q3k_17408_5120                     : 100%|█| 1/1 [00:00<00:00, 1859.84it/s]
scheduled    25 kernels in    11.41 ms | CACHE MISS 69c0af0e |   38784 uops in cache | <frozen runpy>:88
compiling:   0%|                                          | 0/3 [00:00<?, ?it/s]compiling deq8_q4k_5120_6144                      :  33%|▎| 1/3 [00:00<00:00, 443.89it/s]compiling deq8_iq3s_5120_17408                    : 100%|█| 3/3 [00:00<00:00, 966.83it/s]
scheduled    19 kernels in     8.08 ms | CACHE MISS 5216758a |   38890 uops in cache | <frozen runpy>:88
compiling:   0%|                                          | 0/2 [00:00<?, ?it/s]compiling deq8_q4k_12288_5120                     :  50%|▌| 1/2 [00:00<00:00, 483.43it/s]compiling deq8_iq4xs_5120_6144                    : 100%|█| 2/2 [00:00<00:00, 713.82it/s]
scheduled    25 kernels in    11.31 ms | CACHE MISS 8ed8a787 |   38550 uops in cache | <frozen runpy>:88
compiling:   0%|                                          | 0/1 [00:00<?, ?it/s]compiling deq8_q4k_6144_5120                      : 100%|█| 1/1 [00:00<00:00, 1978.38it/s]compiling deq8_q4k_6144_5120                      : 100%|█| 1/1 [00:00<00:00, 1851.95it/s]
scheduled    25 kernels in    11.53 ms | CACHE MISS a3e44c7d |   38672 uops in cache | <frozen runpy>:88
compiling:   0%|                                          | 0/2 [00:00<?, ?it/s]compiling deq8_iq4xs_6144_5120                    :  50%|▌| 1/2 [00:00<00:00, 455.48it/s]compiling deq8_iq4nl_17408_5120                   : 100%|█| 2/2 [00:00<00:00, 727.73it/s]
scheduled    25 kernels in     2.36 ms |  cache hit 2b95b246 |   38787 uops in cache | <frozen runpy>:88
scheduled    19 kernels in     7.98 ms | CACHE MISS ab57576e |   38881 uops in cache | <frozen runpy>:88
scheduled    25 kernels in    11.51 ms | CACHE MISS b0e9f651 |   38535 uops in cache | <frozen runpy>:88
scheduled    25 kernels in    11.52 ms | CACHE MISS 2f4f36e5 |   38651 uops in cache | <frozen runpy>:88
compiling:   0%|                                          | 0/1 [00:00<?, ?it/s]compiling deq8_iq4nl_10240_5120                   : 100%|█| 1/1 [00:00<00:00, 1518.10it/s]compiling deq8_iq4nl_10240_5120                   : 100%|█| 1/1 [00:00<00:00, 1443.81it/s]
scheduled    25 kernels in    11.33 ms | CACHE MISS 535faf81 |   38765 uops in cache | <frozen runpy>:88
scheduled    19 kernels in     8.10 ms | CACHE MISS 76f67460 |   38866 uops in cache | <frozen runpy>:88
compiling:   0%|                                          | 0/1 [00:00<?, ?it/s]compiling deq8_q5k_17408_5120                     : 100%|█| 1/1 [00:00<00:00, 1951.93it/s]compiling deq8_q5k_17408_5120                     : 100%|█| 1/1 [00:00<00:00, 1837.86it/s]
scheduled    25 kernels in    11.44 ms | CACHE MISS 978dd7e5 |   38521 uops in cache | <frozen runpy>:88
scheduled    25 kernels in    11.31 ms | CACHE MISS a25ef891 |   38633 uops in cache | <frozen runpy>:88
scheduled    25 kernels in    10.10 ms | CACHE MISS 8289fd51 |   38745 uops in cache | <frozen runpy>:88
scheduled    19 kernels in     8.23 ms | CACHE MISS 6036e582 |   38842 uops in cache | <frozen runpy>:88
compiling:   0%|                                          | 0/1 [00:00<?, ?it/s]compiling deq8_iq4xs_12288_5120                   : 100%|█| 1/1 [00:00<00:00, 1790.42it/s]compiling deq8_iq4xs_12288_5120                   : 100%|█| 1/1 [00:00<00:00, 1691.72it/s]
scheduled    25 kernels in    11.10 ms | CACHE MISS dbc2b6e3 |   38506 uops in cache | <frozen runpy>:88
compiling:   0%|                                          | 0/2 [00:00<?, ?it/s]compiling deq8_iq4nl_17408_5120                   :  50%|▌| 1/2 [00:00<00:00, 325.56it/s]compiling deq8_q6k_6144_5120                      : 100%|█| 2/2 [00:00<00:00, 574.94it/s]
scheduled    25 kernels in     2.31 ms |  cache hit 2b95b246 |   38620 uops in cache | <frozen runpy>:88
scheduled    25 kernels in    11.13 ms | CACHE MISS 2897119d |   38732 uops in cache | <frozen runpy>:88
scheduled    19 kernels in     8.21 ms | CACHE MISS e8ba1e62 |   38826 uops in cache | <frozen runpy>:88
scheduled    25 kernels in    11.34 ms | CACHE MISS 017475c0 |   38480 uops in cache | <frozen runpy>:88
scheduled    25 kernels in    11.16 ms | CACHE MISS 1431143d |   38592 uops in cache | <frozen runpy>:88
scheduled    25 kernels in    11.07 ms | CACHE MISS 93eb13ed |   38704 uops in cache | <frozen runpy>:88
scheduled    19 kernels in     8.08 ms | CACHE MISS eb02b150 |   38798 uops in cache | <frozen runpy>:88
scheduled    25 kernels in     2.39 ms |  cache hit b0e9f651 |   38451 uops in cache | <frozen runpy>:88
scheduled    25 kernels in    11.30 ms | CACHE MISS 193ea85d |   38569 uops in cache | <frozen runpy>:88
compiling:   0%|                                          | 0/1 [00:00<?, ?it/s]compiling deq8_iq4xs_10240_5120                   : 100%|█| 1/1 [00:00<00:00, 1534.57it/s]compiling deq8_iq4xs_10240_5120                   : 100%|█| 1/1 [00:00<00:00, 1455.26it/s]
scheduled    25 kernels in    11.07 ms | CACHE MISS 15be88d5 |   38683 uops in cache | <frozen runpy>:88
scheduled    19 kernels in     7.82 ms | CACHE MISS 2ddf8cb6 |   38775 uops in cache | <frozen runpy>:88
scheduled    25 kernels in    11.36 ms | CACHE MISS 9e2df60a |   38429 uops in cache | <frozen runpy>:88
scheduled    25 kernels in    11.12 ms | CACHE MISS d12a9915 |   38541 uops in cache | <frozen runpy>:88
scheduled    25 kernels in     2.31 ms |  cache hit d12a9915 |   38652 uops in cache | <frozen runpy>:88
scheduled    19 kernels in     7.88 ms | CACHE MISS 120a2d60 |   38744 uops in cache | <frozen runpy>:88
scheduled    25 kernels in    11.33 ms | CACHE MISS d13e5c7c |   38398 uops in cache | <frozen runpy>:88
scheduled    25 kernels in    11.26 ms | CACHE MISS 5f6c0318 |   38510 uops in cache | <frozen runpy>:88
scheduled    25 kernels in    11.13 ms | CACHE MISS df44424d |   38622 uops in cache | <frozen runpy>:88
scheduled    19 kernels in     8.00 ms | CACHE MISS f701caf5 |   38716 uops in cache | <frozen runpy>:88
scheduled    25 kernels in    11.30 ms | CACHE MISS 6cef1396 |   38370 uops in cache | <frozen runpy>:88
scheduled    25 kernels in    11.24 ms | CACHE MISS d065410a |   38482 uops in cache | <frozen runpy>:88
scheduled    25 kernels in    11.11 ms | CACHE MISS 85f565c1 |   38594 uops in cache | <frozen runpy>:88
scheduled    19 kernels in     7.87 ms | CACHE MISS 12371c30 |   38686 uops in cache | <frozen runpy>:88
scheduled    25 kernels in    11.25 ms | CACHE MISS 124ed4eb |   38340 uops in cache | <frozen runpy>:88
scheduled    25 kernels in     2.35 ms |  cache hit d12a9915 |   38451 uops in cache | <frozen runpy>:88
scheduled    25 kernels in     2.32 ms |  cache hit d12a9915 |   38562 uops in cache | <frozen runpy>:88
scheduled    19 kernels in     7.88 ms | CACHE MISS 13c97057 |   38654 uops in cache | <frozen runpy>:88
scheduled    25 kernels in    11.45 ms | CACHE MISS 721485f5 |   38314 uops in cache | <frozen runpy>:88
compiling:   0%|                                          | 0/1 [00:00<?, ?it/s]compiling deq8_q6k_5120_17408                     : 100%|█| 1/1 [00:00<00:00, 2103.10it/s]compiling deq8_q6k_5120_17408                     : 100%|█| 1/1 [00:00<00:00, 1976.76it/s]
scheduled    25 kernels in    11.23 ms | CACHE MISS 6787267e |   38428 uops in cache | <frozen runpy>:88
scheduled    25 kernels in    11.25 ms | CACHE MISS 0606021d |   38545 uops in cache | <frozen runpy>:88
compiling:   0%|                                          | 0/1 [00:00<?, ?it/s]compiling deq8_q6k_17408_5120                     : 100%|█| 1/1 [00:00<00:00, 1774.77it/s]compiling deq8_q6k_17408_5120                     : 100%|█| 1/1 [00:00<00:00, 1674.49it/s]
scheduled    19 kernels in     7.99 ms | CACHE MISS b69817df |   38645 uops in cache | <frozen runpy>:88
compiling:   0%|                                          | 0/1 [00:00<?, ?it/s]compiling deq8_q6k_17408_5120                     : 100%|█| 1/1 [00:00<00:00, 1817.76it/s]compiling deq8_q6k_17408_5120                     : 100%|█| 1/1 [00:00<00:00, 1711.00it/s]
scheduled    25 kernels in    11.24 ms | CACHE MISS c1077b09 |   38300 uops in cache | <frozen runpy>:88
scheduled    25 kernels in     2.36 ms |  cache hit 8289fd51 |   38411 uops in cache | <frozen runpy>:88
scheduled    25 kernels in     2.31 ms |  cache hit a25ef891 |   38522 uops in cache | <frozen runpy>:88
scheduled    19 kernels in     7.92 ms | CACHE MISS 67ac70c2 |   38614 uops in cache | <frozen runpy>:88
scheduled  1132 kernels in  6664.55 ms | CACHE MISS f4023351 |   50135 uops in cache | <frozen runpy>:88
memory reduced from 16.01 MB -> 10.49 MB, 533 -> 1 bufs
compiling:   0%|                                         | 0/54 [00:00<?, ?it/s]compiling rmsnorm_quant_5120_float                :   2%| | 1/54 [00:00<00:00, 127.37it/s]compiling gemv_q6k_248320_5120_t1_r2_u2_w128_g31040:   4%| | 2/54 [00:00<00:00, 252.07it/s]compiling E[90m_[0m[33m2[0m                                     :   7%| | 4/54 [00:00<00:00, 277.23it/s]compiling E[90m_[0m[33m2[0m                                     :  11%| | 6/54 [00:00<00:00, 248.21it/s]compiling E[90m_[0m[33m2[0m                                     :  15%|▏| 8/54 [00:00<00:00, 319.98it/s]compiling E[90m_[0m[33m2[0m                                     :  17%|▏| 9/54 [00:00<00:00, 359.02it/s]compiling E[90m_[0m[33m3[0m                                     :  22%|▏| 12/54 [00:00<00:00, 448.28it/s]compiling quant_x_2621440_float_b128              :  30%|▎| 16/54 [00:00<00:00, 472.40it/s]compiling deq8_q6k_12288_5120                     :  37%|▎| 20/54 [00:00<00:00, 535.38it/s]compiling E[90m_[0m[34m40[0m[90m_[0m[36m32[0m[90m_[0m[33m4[0m                               :  46%|▍| 25/54 [00:00<00:00, 454.58it/s]compiling E[90m_[0m[34m40[0m[90m_[0m[36m32[0m[90m_[0m[33m4[0m                               :  52%|▌| 28/54 [00:00<00:00, 392.66it/s]compiling r[90m_[0m[91m16[0m[90m_[0m[31m16[0m                                 :  56%|▌| 30/54 [00:00<00:00, 399.04it/s]compiling gemv_multi_q6k12288_q8_01024_q8_01024_5120_t1_r2u2g768_r1u2g128_r1u2g128:  61%|▌| 33/54 [00:00<00:00, 409.49it/s]compiling r[90m_[0m[91m16[0m[90m_[0m[31m16[0m                                 :  67%|▋| 36/54 [00:00<00:00, 403.52it/s]compiling silumul_quant_17408_float_t1            :  74%|▋| 40/54 [00:00<00:00, 442.61it/s]compiling r[90m_[0m[91m16[0m[90m_[0m[31m16[0m                                 :  81%|▊| 44/54 [00:00<00:00, 381.10it/s]compiling E[90m_[0m[34m259[0m                                   :  83%|▊| 45/54 [00:00<00:00, 371.37it/s]compiling E[90m_[0m[34m3880[0m[90m_[0m[36m32[0m[90m_[0m[33m2[0m                             :  89%|▉| 48/54 [00:00<00:00, 336.42it/s]compiling r[90m_[0m[34m2[0m[90m_[0m[36m32[0m[90m_[0m[33m4[0m[90m_[0m[31m970[0m                            :  94%|▉| 51/54 [00:00<00:00, 340.52it/s]compiling attn_pfd_24_4_256_64_114700_11_k4jv4_c256: 100%|█| 54/54 [00:00<00:00, 207.44it/s]compiling attn_pfd_24_4_256_64_114700_11_k4jv4_c256: 100%|█| 54/54 [00:00<00:00, 207.38it/s]
scheduled   706 kernels in   699.34 ms | CACHE MISS fac1e2b0 |   55203 uops in cache | <frozen runpy>:88
memory reduced from 0.49 MB -> 0.17 MB, 28 -> 1 bufs
compiling:   0%|                                         | 0/77 [00:00<?, ?it/s]compiling gather_rows_4_2880                      :   1%| | 1/77 [00:00<00:00, 219.56it/s]compiling gdn_step_48_16_128_128_t4               :   3%| | 2/77 [00:00<00:00, 408.18it/s]compiling gdn_conv_10240_4_t4                     :   5%| | 4/77 [00:00<00:00, 593.40it/s]compiling rmsnorm_quant_5120_float                :   6%| | 5/77 [00:00<00:00, 679.17it/s]compiling silumul_quant_17408_float_t4            :   8%| | 6/77 [00:00<00:00, 743.82it/s]compiling gemv_iq4xs_5120_17408_t4_r2_u2_w128_g640_res:   9%| | 7/77 [00:00<00:00, 857.86it/s]compiling gemv_multi_q5k10240_q5k6144_q8_048_q8_048_5120_t4_r2u2g640_r2u2g384_r2u2g3_r2u2g3:  10%| | 8/77 [00:00<00:00, 846.25it/s]compiling attn_pfd_24_4_256_64_114700_11_k4jv4_c256:  21%|▏| 16/77 [00:00<00:00, 1069.42it/s]compiling gemv_q5k_5120_17408_t4_r2_u2_w128_g640_res:  26%|▎| 20/77 [00:00<00:00, 1192.27it/s]compiling gemv_multi_iq4xs17408_q4k17408_5120_t4_r2u2g1088_r2u2g1088:  29%|▎| 22/77 [00:00<00:00, 1250.21it/s]compiling gemv_multi_q4k12288_q5k1024_q5k1024_5120_t4_r2u2g768_r2u2g64_r2u2g64:  31%|▎| 24/77 [00:00<00:00, 1245.87it/s]compiling gemv_multi_iq4nl17408_iq4xs17408_5120_t4_r2u2g1088_r2u2g1088:  47%|▍| 36/77 [00:00<00:00, 1174.36it/s]compiling gemv_multi_iq4nl17408_q5k17408_5120_t4_r2u2g1088_r2u2g1088:  57%|▌| 44/77 [00:00<00:00, 1135.31it/s]compiling gemv_multi_q6k17408_q5k17408_5120_t4_r2u2g1088_r2u2g1088:  71%|▋| 55/77 [00:00<00:00, 475.65it/s]compiling gemv_multi_q6k17408_q6k17408_5120_t4_r2u2g1088_r2u2g1088:  73%|▋| 56/77 [00:00<00:00, 467.13it/s]compiling E[90m_[0m[34m20[0m[90m_[0m[34m2[0m[90m_[0m[36m4[0m[90m_[0m[36m2[0m[90m_[0m[36m16[0m[90m_[0m[33m2[0m[90m_[0m[33m2[0m                       :  78%|▊| 60/77 [00:00<00:00, 257.04it/s]compiling r[90m_[0m[34m4[0m[90m_[0m[91m16[0m[90m_[0m[31m16[0m                               :  81%|▊| 62/77 [00:00<00:00, 171.22it/s]compiling E[90m_[0m[33m3[0m                                     :  82%|▊| 63/77 [00:00<00:00, 172.77it/s]compiling E[90m_[0m[34m320[0m[90m_[0m[36m4[0m[90m_[0m[36m16[0m[90m_[0m[33m2[0m                            :  83%|▊| 64/77 [00:00<00:00, 158.94it/s]compiling gemv_multi_q6k12288_q8_01024_q8_01024_5120_t4_r2u2g768_r2u2g64_r2u2g64:  84%|▊| 65/77 [00:00<00:00, 159.08it/s]compiling E[90m_[0m[34m40[0m[90m_[0m[36m32[0m[90m_[0m[33m4[0m                               :  86%|▊| 66/77 [00:00<00:00, 128.71it/s]compiling E[90m_[0m[33m6[0m                                     :  87%|▊| 67/77 [00:00<00:00, 123.04it/s]compiling quant_x_40960_float                     :  88%|▉| 68/77 [00:00<00:00, 123.96it/s]compiling E[90m_[0m[33m7[0m                                     :  90%|▉| 69/77 [00:00<00:00, 120.72it/s]compiling r[90m_[0m[34m4[0m[90m_[0m[91m16[0m[90m_[0m[31m16[0m                               :  91%|▉| 70/77 [00:00<00:00, 120.91it/s]compiling gemv_q6k_5120_10240_t4_r2_u2_w128_g640  :  92%|▉| 71/77 [00:00<00:00, 121.08it/s]compiling E[90m_[0m[33m3[0m                                     :  94%|▉| 72/77 [00:00<00:00, 121.06it/s]compiling r[90m_[0m[33m3[0m[90m_[0m[35m3[0m[90m_[0m[35m3[0m                                 :  95%|▉| 73/77 [00:00<00:00, 121.08it/s]compiling r[90m_[0m[35m3[0m[90m_[0m[35m3[0m                                   :  96%|▉| 74/77 [00:00<00:00, 113.82it/s]compiling E[90m_[0m[33m5[0m                                     :  97%|▉| 75/77 [00:00<00:00, 111.95it/s]compiling E[90m_[0m[33m7[0m                                     :  99%|▉| 76/77 [00:00<00:00, 112.43it/s]compiling E[90m_[0m[33m4[0m                                     : 100%|█| 77/77 [00:00<00:00, 113.40it/s]compiling E[90m_[0m[33m4[0m                                     : 100%|█| 77/77 [00:00<00:00, 113.38it/s]
scheduled  1439 kernels in  1369.95 ms | CACHE MISS e793d96a |   63360 uops in cache | <frozen runpy>:88
JIT captured 1 linears with 2 inputs
memory reduced from 7659.30 MB -> 68.51 MB, 1836 -> 1 bufs
compiling:   0%|                                          | 0/5 [00:00<?, ?it/s]compiling E[90m_[0m[34m2[0m[90m_[0m[36m32[0m[90m_[0m[33m4[0m                                :  20%|▏| 1/5 [00:00<00:00, 66.98it/s]compiling E[90m_[0m[33m3[0m                                     :  40%|▍| 2/5 [00:00<00:00, 133.22it/s]compiling E[90m_[0m[33m2[0m                                     :  60%|▌| 3/5 [00:00<00:00, 56.98it/s]compiling E[90m_[0m[33m3[0m                                     :  80%|▊| 4/5 [00:00<00:00, 61.82it/s]compiling E[90m_[0m[34m2[0m[90m_[0m[36m32[0m[90m_[0m[33m4[0m                                : 100%|█| 5/5 [00:00<00:00, 68.25it/s]compiling E[90m_[0m[34m2[0m[90m_[0m[36m32[0m[90m_[0m[33m4[0m                                : 100%|█| 5/5 [00:00<00:00, 68.22it/s]
scheduled   706 kernels in    39.49 ms |  cache hit fac1e2b0 |   62369 uops in cache | <frozen runpy>:88
JIT captured 1 linears with 2 inputs
memory reduced from 909.48 MB -> 49.74 MB, 1881 -> 1 bufs
scheduled     2 kernels in     3.35 ms | CACHE MISS 0e9565f2 |   50740 uops in cache | <frozen runpy>:88
scheduled   707 kernels in   694.95 ms | CACHE MISS 6ac15a9e |   67294 uops in cache | <frozen runpy>:88
memory reduced from 0.57 MB -> 0.21 MB, 29 -> 1 bufs
compiling:   0%|                                         | 0/76 [00:00<?, ?it/s]compiling rmsnorm_quant_5120_float                :   1%| | 1/76 [00:00<00:00, 174.63it/s]compiling gdn_conv_10240_4_t5                     :   3%| | 2/76 [00:00<00:00, 306.59it/s]compiling gdn_step_48_16_128_128_t5               :   4%| | 3/76 [00:00<00:00, 420.84it/s]compiling gemv_q8_0_5120_6144_t5_r2_u2_w128_g640_res:   5%| | 4/76 [00:00<00:00, 389.85it/s]compiling E[90m_[0m[33m2[0m                                     :   8%| | 6/76 [00:00<00:00, 467.38it/s]compiling gemv_multi_iq4xs17408_q3k17408_5120_t5_r2u2g1088_r2u2g1088:  11%| | 8/76 [00:00<00:00, 589.59it/s]compiling gemv_multi_iq4xs17408_iq4xs17408_5120_t5_r2u2g1088_r2u2g1088:  13%|▏| 10/76 [00:00<00:00, 654.52it/s]compiling gemv_multi_q4k10240_q4k6144_q8_048_q8_048_5120_t5_r2u2g640_r2u2g384_r2u2g3_r2u2g3_tg4455:  16%|▏| 12/76 [00:00<00:00, 669.04it/s]compiling attn_merge_mq_24_256_114700_256_1       :  24%|▏| 18/76 [00:00<00:00, 824.63it/s]compiling gemv_multi_iq4xs17408_q5k17408_5120_t5_r2u2g1088_r2u2g1088_tg54:  32%|▎| 24/76 [00:00<00:00, 872.73it/s]compiling gemv_iq4xs_5120_6144_t5_r2_u2_w128_g640_res:  42%|▍| 32/76 [00:00<00:00, 907.50it/s]compiling gemv_multi_q4k17408_q4k17408_5120_t5_r2u2g1088_r2u2g1088_tg44:  47%|▍| 36/76 [00:00<00:00, 946.13it/s]compiling gemv_multi_q5k10240_q4k6144_q8_048_q8_048_5120_t5_r2u2g640_r2u2g384_r2u2g3_r2u2g3_tg4455:  59%|▌| 45/76 [00:00<00:00, 961.84it/s]compiling gemv_q6k_248320_5120_t5_r2_u2_w128_g31040:  71%|▋| 54/76 [00:00<00:00, 955.40it/s]compiling E[90m_[0m[33m4[0m                                     :  83%|▊| 63/76 [00:00<00:00, 420.83it/s]compiling r[90m_[0m[34m5[0m[90m_[0m[91m16[0m[90m_[0m[31m16[0m                               :  84%|▊| 64/76 [00:00<00:00, 404.02it/s]compiling E[90m_[0m[36m2[0m[90m_[0m[33m4[0m                                   :  89%|▉| 68/76 [00:00<00:00, 407.49it/s]compiling E[90m_[0m[33m7[0m                                     :  95%|▉| 72/76 [00:00<00:00, 387.70it/s]compiling E[90m_[0m[34m25[0m[90m_[0m[34m2[0m[90m_[0m[36m4[0m[90m_[0m[36m2[0m[90m_[0m[36m16[0m[90m_[0m[33m2[0m[90m_[0m[33m2[0m                       :  99%|▉| 75/76 [00:00<00:00, 310.27it/s]compiling E[90m_[0m[33m3[0m                                     : 100%|█| 76/76 [00:00<00:00, 306.17it/s]
scheduled   707 kernels in   683.94 ms | CACHE MISS 7fd2e175 |   71716 uops in cache | <frozen runpy>:88
memory reduced from 0.66 MB -> 0.25 MB, 29 -> 1 bufs
compiling:   0%|                                         | 0/76 [00:00<?, ?it/s]compiling gather_rows_6_2880                      :   1%| | 1/76 [00:00<00:00, 441.71it/s]compiling gdn_step_48_16_128_128_t6               :   5%| | 4/76 [00:00<00:00, 677.12it/s]compiling silumul_quant_17408_float_t6            :   8%| | 6/76 [00:00<00:00, 833.03it/s]compiling gemv_iq4xs_5120_17408_t6_r2_u2_w128_g640_res:  11%| | 8/76 [00:00<00:00, 636.04it/s]compiling gemv_multi_q4k10240_q4k6144_q8_048_q8_048_5120_t6_r2u2g640_r2u2g384_r2u2g3_r2u2g3_tg4466:  16%|▏| 12/76 [00:00<00:00, 805.70it/s]compiling attn_pfd_24_4_256_64_114700_11_k4jv4_c256:  21%|▏| 16/76 [00:00<00:00, 872.49it/s]compiling gemv_multi_q6k10240_q4k6144_q8_048_q8_048_5120_t6_r2u2g640_r2u2g384_r2u2g3_r2u2g3_tg6466:  32%|▎| 24/76 [00:00<00:00, 869.80it/s]compiling gemv_iq3s_5120_17408_t6_r2_u2_w512_g160_res:  42%|▍| 32/76 [00:00<00:00, 978.68it/s]compiling gemv_iq4xs_5120_6144_t6_r2_u2_w128_g640_res:  47%|▍| 36/76 [00:00<00:00, 928.73it/s]compiling gemv_multi_q5k17408_iq4nl17408_5120_t6_r2u2g1088_r2u2g1088_tg46:  59%|▌| 45/76 [00:00<00:00, 769.68it/s]compiling gemv_multi_q5k12288_q6k1024_q6k1024_5120_t6_r2u2g768_r2u2g64_r2u2g64_tg466:  64%|▋| 49/76 [00:00<00:00, 672.13it/s]compiling gemv_q6k_248320_5120_t6_r2_u2_w128_g31040:  71%|▋| 54/76 [00:00<00:00, 654.78it/s]compiling E[90m_[0m[34m30[0m[90m_[0m[34m2[0m[90m_[0m[36m4[0m[90m_[0m[36m2[0m[90m_[0m[36m16[0m[90m_[0m[33m2[0m[90m_[0m[33m2[0m                       :  79%|▊| 60/76 [00:00<00:00, 343.27it/s]compiling gemv_q6k_5120_10240_t6_r2_u2_w128_g640  :  83%|▊| 63/76 [00:00<00:00, 332.93it/s]compiling E[90m_[0m[34m2[0m[90m_[0m[34m320[0m[90m_[0m[36m3[0m[90m_[0m[36m16[0m[90m_[0m[33m2[0m                          :  87%|▊| 66/76 [00:00<00:00, 326.23it/s]compiling E[90m_[0m[34m3[0m[90m_[0m[36m3[0m                                   :  91%|▉| 69/76 [00:00<00:00, 289.26it/s]compiling E[90m_[0m[33m5[0m                                     :  92%|▉| 70/76 [00:00<00:00, 291.98it/s]compiling r[90m_[0m[35m3[0m[90m_[0m[35m3[0m                                   :  95%|▉| 72/76 [00:00<00:00, 297.50it/s]compiling E[90m_[0m[33m7[0m                                     :  97%|▉| 74/76 [00:00<00:00, 277.11it/s]compiling E[90m_[0m[34m40[0m[90m_[0m[36m32[0m[90m_[0m[33m4[0m                               : 100%|█| 76/76 [00:00<00:00, 196.46it/s]compiling E[90m_[0m[34m40[0m[90m_[0m[36m32[0m[90m_[0m[33m4[0m                               : 100%|█| 76/76 [00:00<00:00, 196.41it/s]
scheduled   707 kernels in   698.68 ms | CACHE MISS 662dac4a |   76162 uops in cache | <frozen runpy>:88
memory reduced from 0.74 MB -> 0.29 MB, 29 -> 1 bufs
compiling:   0%|                                         | 0/76 [00:00<?, ?it/s]compiling gather_rows_7_2880                      :   1%| | 1/76 [00:00<00:00, 369.17it/s]compiling gemv_q8_0_5120_6144_t7_r2_u2_w128_g640_res:   4%| | 3/76 [00:00<00:00, 183.37it/s]compiling E[90m_[0m[33m2[0m                                     :   5%| | 4/76 [00:00<00:00, 203.40it/s]compiling gemv_multi_q4k10240_q4k6144_q8_048_q8_048_5120_t7_r2u2g640_r2u2g384_r2u2g3_r2u2g3_tg4477:   8%| | 6/76 [00:00<00:00, 218.25it/s]compiling E[90m_[0m[34m210[0m[90m_[0m[36m32[0m[90m_[0m[33m3[0m                              :  11%| | 8/76 [00:00<00:00, 255.42it/s]compiling gemv_multi_iq4xs17408_iq4xs17408_5120_t7_r2u2g1088_r2u2g1088:  13%|▏| 10/76 [00:00<00:00, 273.49it/s]compiling gemv_multi_q5k12288_q4k1024_q5k1024_5120_t7_r2u2g768_r2u2g64_r2u2g64_tg444:  16%|▏| 12/76 [00:00<00:00, 299.53it/s]compiling attn_pfd_24_4_256_64_114700_11_k4jv4_c256:  18%|▏| 14/76 [00:00<00:00, 308.79it/s]compiling attn_merge_mq_24_256_114700_256_1       :  20%|▏| 15/76 [00:00<00:00, 312.85it/s]compiling gemv_q5k_5120_6144_t7_r2_u2_w128_g640_res_tg4:  24%|▏| 18/76 [00:00<00:00, 292.43it/s]compiling gemv_multi_q6k10240_q4k6144_q8_048_q8_048_5120_t7_r2u2g640_r2u2g384_r2u2g3_r2u2g3_tg7477:  26%|▎| 20/76 [00:00<00:00, 281.21it/s]compiling gdn_step_48_16_128_128_t7               :  29%|▎| 22/76 [00:00<00:00, 179.22it/s]compiling gemv_multi_q4k12288_q5k1024_q5k1024_5120_t7_r2u2g768_r2u2g64_r2u2g64_tg444:  30%|▎| 23/76 [00:00<00:00, 176.87it/s]compiling E[90m_[0m[34m27160[0m[90m_[0m[36m32[0m[90m_[0m[33m2[0m                            :  32%|▎| 24/76 [00:00<00:00, 179.24it/s]compiling gemv_multi_iq4xs17408_q5k17408_5120_t7_r2u2g1088_r2u2g1088_tg74:  33%|▎| 25/76 [00:00<00:00, 185.27it/s]compiling gemv_multi_q4k17408_iq4xs17408_5120_t7_r2u2g1088_r2u2g1088_tg47:  34%|▎| 26/76 [00:00<00:00, 181.94it/s]compiling gemv_multi_q5k12288_q6k1024_q8_01024_5120_t7_r2u2g768_r2u2g64_r2u2g64_tg477:  36%|▎| 27/76 [00:00<00:00, 183.33it/s]compiling gemv_multi_q3k17408_iq4xs17408_5120_t7_r2u2g1088_r2u2g1088:  37%|▎| 28/76 [00:00<00:00, 186.60it/s]compiling gemv_q4k_5120_6144_t7_r2_u2_w128_g640_res_tg4:  38%|▍| 29/76 [00:00<00:00, 192.84it/s]compiling gemv_iq3s_5120_17408_t7_r2_u2_w512_g160_res:  39%|▍| 30/76 [00:00<00:00, 195.80it/s]compiling gemv_iq4xs_5120_6144_t7_r2_u2_w128_g640_res:  41%|▍| 31/76 [00:00<00:00, 201.75it/s]compiling gemv_multi_q4k12288_q6k1024_q8_01024_5120_t7_r2u2g768_r2u2g64_r2u2g64_tg477:  42%|▍| 32/76 [00:00<00:00, 205.27it/s]compiling gemv_multi_iq4nl17408_iq4xs17408_5120_t7_r2u2g1088_r2u2g1088:  45%|▍| 34/76 [00:00<00:00, 205.22it/s]compiling gdn_conv_10240_4_t7                     :  47%|▍| 36/76 [00:00<00:00, 212.11it/s]compiling gemv_multi_q4k12288_q5k1024_q8_01024_5120_t7_r2u2g768_r2u2g64_r2u2g64_tg447:  50%|▌| 38/76 [00:00<00:00, 216.87it/s]compiling gemv_multi_q5k17408_q5k17408_5120_t7_r2u2g1088_r2u2g1088_tg44:  53%|▌| 40/76 [00:00<00:00, 224.61it/s]compiling gemv_multi_iq4xs17408_q3k17408_5120_t7_r2u2g1088_r2u2g1088:  55%|▌| 42/76 [00:00<00:00, 230.70it/s]compiling gemv_multi_iq4nl17408_q5k17408_5120_t7_r2u2g1088_r2u2g1088_tg74:  58%|▌| 44/76 [00:00<00:00, 238.62it/s]compiling rmsnorm_quant_5120_float                :  61%|▌| 46/76 [00:00<00:00, 247.61it/s]compiling gemv_multi_q5k10240_q6k6144_q8_048_q8_048_5120_t7_r2u2g640_r2u2g384_r2u2g3_r2u2g3_tg4777:  63%|▋| 48/76 [00:00<00:00, 255.41it/s]compiling E[90m_[0m[33m3[0m                                     :  66%|▋| 50/76 [00:00<00:00, 262.90it/s]compiling gemv_multi_iq4xs10240_q5k6144_q8_048_q8_048_5120_t7_r2u2g640_r2u2g384_r2u2g3_r2u2g3_tg7477:  68%|▋| 52/76 [00:00<00:00, 268.91it/s]compiling gemv_q6k_5120_17408_t7_r2_u2_w128_g640_res:  71%|▋| 54/76 [00:00<00:00, 277.62it/s]compiling gemv_multi_iq4xs12288_q6k1024_q5k1024_5120_t7_r2u2g768_r2u2g64_r2u2g64_tg774:  74%|▋| 56/76 [00:00<00:00, 285.52it/s]compiling gemv_q6k_248320_5120_t7_r2_u2_w128_g31040:  76%|▊| 58/76 [00:00<00:00, 294.06it/s]compiling E[90m_[0m[33m7[0m                                     :  79%|▊| 60/76 [00:00<00:00, 200.62it/s]compiling r[90m_[0m[34m14[0m[90m_[0m[36m32[0m[90m_[0m[33m4[0m[90m_[0m[31m970[0m                           :  82%|▊| 62/76 [00:00<00:00, 174.47it/s]compiling gemv_multi_q6k12288_q8_01024_q8_01024_5120_t7_r2u2g768_r2u2g64_r2u2g64:  83%|▊| 63/76 [00:00<00:00, 174.08it/s]compiling r[90m_[0m[34m7[0m[90m_[0m[91m16[0m[90m_[0m[31m16[0m                               :  84%|▊| 64/76 [00:00<00:00, 170.60it/s]compiling E[90m_[0m[34m7[0m[90m_[0m[34m320[0m[90m_[0m[36m16[0m[90m_[0m[33m2[0m                            :  86%|▊| 65/76 [00:00<00:00, 167.71it/s]compiling E[90m_[0m[33m4[0m                                     :  87%|▊| 66/76 [00:00<00:00, 161.54it/s]compiling r[90m_[0m[35m3[0m[90m_[0m[35m3[0m                                   :  88%|▉| 67/76 [00:00<00:00, 157.99it/s]compiling E[90m_[0m[33m6[0m                                     :  89%|▉| 68/76 [00:00<00:00, 159.07it/s]compiling r[90m_[0m[33m3[0m[90m_[0m[35m3[0m[90m_[0m[35m3[0m                                 :  91%|▉| 69/76 [00:00<00:00, 160.78it/s]compiling E[90m_[0m[33m7[0m                                     :  92%|▉| 70/76 [00:00<00:00, 160.09it/s]compiling E[90m_[0m[34m40[0m[90m_[0m[36m32[0m[90m_[0m[33m4[0m                               :  93%|▉| 71/76 [00:00<00:00, 158.52it/s]compiling r[90m_[0m[34m7[0m[90m_[0m[34m4[0m[90m_[0m[36m16[0m[90m_[0m[33m4[0m[90m_[0m[31m970[0m                          :  95%|▉| 72/76 [00:00<00:00, 155.71it/s]compiling quant_x_71680_float                     :  96%|▉| 73/76 [00:00<00:00, 139.35it/s]compiling gemv_q6k_5120_10240_t7_r2_u2_w128_g640  :  97%|▉| 74/76 [00:00<00:00, 141.14it/s]compiling E[90m_[0m[34m5[0m[90m_[0m[36m2[0m                                   :  99%|▉| 75/76 [00:00<00:00, 138.51it/s]compiling E[90m_[0m[33m5[0m                                     : 100%|█| 76/76 [00:00<00:00, 135.50it/s]compiling E[90m_[0m[33m5[0m                                     : 100%|█| 76/76 [00:00<00:00, 135.48it/s]
scheduled   707 kernels in    41.66 ms |  cache hit 6ac15a9e |   77168 uops in cache | <frozen runpy>:88
JIT captured 1 linears with 2 inputs
memory reduced from 1130.60 MB -> 61.92 MB, 1882 -> 1 bufs
scheduled   707 kernels in    39.67 ms |  cache hit 7fd2e175 |   78509 uops in cache | <frozen runpy>:88
JIT captured 1 linears with 2 inputs
memory reduced from 1351.68 MB -> 74.20 MB, 1882 -> 1 bufs
scheduled   707 kernels in    39.47 ms |  cache hit 662dac4a |   79779 uops in cache | <frozen runpy>:88
JIT captured 1 linears with 2 inputs
memory reduced from 1572.80 MB -> 86.50 MB, 1882 -> 1 bufs
*** started server on http://127.0.0.1:8082 at 58.58 s
/v1/chat/completions  [90m--[0m  prep:   67 ms  [90m--[0m  in:[32m    0[0m +55064  [90m--[0m  prefill: 420 tok/s  [90m--[0m  gen:  42 tok/s  [90m--[0m  accept: 0.33 (2.00 tok/step)  [90m--[0m  out:   48  [90m--[0m  total:132.28s
/usr/lib/python3.13/multiprocessing/resource_tracker.py:301: UserWarning: resource_tracker: There appear to be 6 leaked semaphore objects to clean up at shutdown: {'/mp-an7t_yel', '/mp-v35mk6t0', '/mp-coienk26', '/mp-9znaqwms', '/mp-kf6lzzag', '/mp-r32dr9au'}
  warnings.warn(
