opened device DISK:/home/jacob/models/Qwen3.8-27B-UD-Q4_K_XL.gguf from pid:631712
opened device PYTHON from pid:631712
am usb:2-9: product string: 'custom ed4e39b7-CLEAN'
opened device CPU from pid:631712
am usb:2-9: Malformed state. Issuing a full reset.
am usb:2-9: mode1 reset
am usb:2-9: AM_SOC initialized
am usb:2-9: AM_GMC initialized
am usb:2-9: AM_IH initialized
am usb:2-9: loading sos component: PSP_FW_TYPE_PSP_KDB
am usb:2-9: loading sos component: PSP_FW_TYPE_PSP_KDB
am usb:2-9: loading sos component: PSP_FW_TYPE_PSP_SYS_DRV
am usb:2-9: loading sos component: PSP_FW_TYPE_PSP_SOS
am usb:2-9: loading fw: GFX_FW_TYPE_SMU
am usb:2-9: loading fw: GFX_FW_TYPE_SDMA_UCODE_TH1
am usb:2-9: loading fw: GFX_FW_TYPE_SDMA_UCODE_TH0
am usb:2-9: loading fw: GFX_FW_TYPE_RS64_MEC
am usb:2-9: loading fw: GFX_FW_TYPE_RS64_MEC_P0_STACK
am usb:2-9: loading fw: GFX_FW_TYPE_IMU_I
am usb:2-9: loading fw: GFX_FW_TYPE_IMU_D
am usb:2-9: loading fw: GFX_FW_TYPE_RLC_IRAM
am usb:2-9: loading fw: GFX_FW_TYPE_RLC_DRAM_BOOT
am usb:2-9: loading fw: GFX_FW_TYPE_RLC_P
am usb:2-9: loading fw: GFX_FW_TYPE_RLC_V
am usb:2-9: loading fw: GFX_FW_TYPE_RLC_G
am usb:2-9: AM_PSP initialized
am usb:2-9: AM_SMU initialized
am usb:2-9: AM_GFX initialized
am usb:2-9: AM_SDMA initialized
am usb:2-9: boot done
AMDDevice: opening 0 with target (11, 0, 0) arch gfx1100
amd: scratch regrow for private_segment 128 B/thread: 0x200001000000+24M realloced=True kept_old=False
opened device AMD from pid:631712
[32m*** AMD        1[0m [33mcopy   16.34 GB,     AMD <- DISK:/h[0m            arg  2 mem  17.55 GB tm [33m    46.23s [0m/ 46225.64ms (      0 GFLOPS    0|0      GB/s)
scheduled   456 kernels in  1502.07 ms | CACHE MISS 9eec5655 |   39168 uops in cache | <frozen runpy>:88
compiling:   0%|                                          | 0/6 [00:00<?, ?it/s]compiling E[90m_[0m[34m480[0m[90m_[0m[36m16[0m[90m_[0m[36m8[0m[90m_[0m[33m4[0m                            :  17%|▏| 1/6 [00:00<00:01,  3.12it/s]compiling E[90m_[0m[34m320[0m[90m_[0m[36m32[0m[90m_[0m[33m4[0m                              :  33%|▎| 2/6 [00:00<00:00,  6.21it/s]compiling E[90m_[0m[36m32[0m[90m_[0m[33m4[0m                                  :  50%|▌| 3/6 [00:00<00:00,  7.38it/s]compiling E[90m_[0m[34m2[0m[90m_[0m[36m32[0m[90m_[0m[33m4[0m                                :  67%|▋| 4/6 [00:00<00:00,  9.69it/s]compiling E[90m_[0m[34m40[0m[90m_[0m[36m32[0m[90m_[0m[33m4[0m                               :  83%|▊| 5/6 [00:00<00:00, 11.85it/s]compiling E[90m_[0m[34m3[0m[90m_[0m[36m4[0m[90m_[0m[33m4[0m                                 : 100%|█| 6/6 [00:00<00:00, 14.01it/s]compiling E[90m_[0m[34m3[0m[90m_[0m[36m4[0m[90m_[0m[33m4[0m                                 : 100%|█| 6/6 [00:00<00:00, 14.00it/s]
[32m*** AMD        2[0m E[90m_[0m[34m40[0m[90m_[0m[36m32[0m[90m_[0m[33m4[0m                                      arg  2 mem  17.55 GB tm      4.64us/ 46225.64ms (      7 GFLOPS    7|7      GB/s)
*** AMD        3 E[90m_[0m[34m40[0m[90m_[0m[36m32[0m[90m_[0m[33m4[0m                                      arg  2 mem  17.55 GB tm      3.24us/ 46225.65ms (      9 GFLOPS    9|9      GB/s)
[32m*** AMD        4[0m E[90m_[0m[34m480[0m[90m_[0m[36m16[0m[90m_[0m[36m8[0m[90m_[0m[33m4[0m                                   arg  2 mem  17.55 GB tm      4.04us/ 46225.65ms (     91 GFLOPS  186|213    GB/s)
*** AMD        5 E[90m_[0m[34m480[0m[90m_[0m[36m16[0m[90m_[0m[36m8[0m[90m_[0m[33m4[0m                                   arg  2 mem  17.55 GB tm      4.04us/ 46225.66ms (     91 GFLOPS  186|213    GB/s)
[32m*** AMD        6[0m E[90m_[0m[34m320[0m[90m_[0m[36m32[0m[90m_[0m[33m4[0m                                     arg  2 mem  17.55 GB tm      3.24us/ 46225.66ms (     76 GFLOPS   76|76     GB/s)
[32m*** AMD        7[0m E[90m_[0m[34m3[0m[90m_[0m[36m4[0m[90m_[0m[33m4[0m                                        arg  2 mem  17.55 GB tm      2.96us/ 46225.66ms (      0 GFLOPS    0|0      GB/s)
*** AMD        8 E[90m_[0m[34m3[0m[90m_[0m[36m4[0m[90m_[0m[33m4[0m                                        arg  2 mem  17.55 GB tm      3.08us/ 46225.66ms (      0 GFLOPS    0|0      GB/s)
[32m*** AMD        9[0m E[90m_[0m[36m32[0m[90m_[0m[33m4[0m                                         arg  2 mem  17.55 GB tm      2.92us/ 46225.67ms (      0 GFLOPS    0|0      GB/s)
*** AMD       10 E[90m_[0m[34m40[0m[90m_[0m[36m32[0m[90m_[0m[33m4[0m                                      arg  2 mem  17.55 GB tm      3.12us/ 46225.67ms (     10 GFLOPS   10|10     GB/s)
*** AMD       11 E[90m_[0m[34m40[0m[90m_[0m[36m32[0m[90m_[0m[33m4[0m                                      arg  2 mem  17.55 GB tm      3.12us/ 46225.67ms (     10 GFLOPS   10|10     GB/s)
*** AMD       12 E[90m_[0m[34m480[0m[90m_[0m[36m16[0m[90m_[0m[36m8[0m[90m_[0m[33m4[0m                                   arg  2 mem  17.55 GB tm      4.20us/ 46225.68ms (     88 GFLOPS  179|205    GB/s)
*** AMD       13 E[90m_[0m[34m480[0m[90m_[0m[36m16[0m[90m_[0m[36m8[0m[90m_[0m[33m4[0m                                   arg  2 mem  17.55 GB tm      4.00us/ 46225.68ms (     92 GFLOPS  188|215    GB/s)
*** AMD       14 E[90m_[0m[34m320[0m[90m_[0m[36m32[0m[90m_[0m[33m4[0m                                     arg  2 mem  17.55 GB tm      3.40us/ 46225.69ms (     72 GFLOPS   72|72     GB/s)
*** AMD       15 E[90m_[0m[34m3[0m[90m_[0m[36m4[0m[90m_[0m[33m4[0m                                        arg  2 mem  17.55 GB tm      3.16us/ 46225.69ms (      0 GFLOPS    0|0      GB/s)
*** AMD       16 E[90m_[0m[34m3[0m[90m_[0m[36m4[0m[90m_[0m[33m4[0m                                        arg  2 mem  17.55 GB tm      3.12us/ 46225.69ms (      0 GFLOPS    0|0      GB/s)
*** AMD       17 E[90m_[0m[36m32[0m[90m_[0m[33m4[0m                                         arg  2 mem  17.55 GB tm      3.16us/ 46225.69ms (      0 GFLOPS    0|0      GB/s)
*** AMD       18 E[90m_[0m[34m40[0m[90m_[0m[36m32[0m[90m_[0m[33m4[0m                                      arg  2 mem  17.55 GB tm      3.12us/ 46225.70ms (     10 GFLOPS   10|10     GB/s)
*** AMD       19 E[90m_[0m[34m40[0m[90m_[0m[36m32[0m[90m_[0m[33m4[0m                                      arg  2 mem  17.55 GB tm      3.12us/ 46225.70ms (     10 GFLOPS   10|10     GB/s)
*** AMD       20 E[90m_[0m[34m480[0m[90m_[0m[36m16[0m[90m_[0m[36m8[0m[90m_[0m[33m4[0m                                   arg  2 mem  17.55 GB tm      4.08us/ 46225.71ms (     90 GFLOPS  184|211    GB/s)
*** AMD       21 E[90m_[0m[34m480[0m[90m_[0m[36m16[0m[90m_[0m[36m8[0m[90m_[0m[33m4[0m                                   arg  2 mem  17.55 GB tm      3.92us/ 46225.71ms (     94 GFLOPS  192|219    GB/s)
*** AMD       22 E[90m_[0m[34m320[0m[90m_[0m[36m32[0m[90m_[0m[33m4[0m                                     arg  2 mem  17.55 GB tm      3.40us/ 46225.71ms (     72 GFLOPS   72|72     GB/s)
*** AMD       23 E[90m_[0m[34m3[0m[90m_[0m[36m4[0m[90m_[0m[33m4[0m                                        arg  2 mem  17.55 GB tm      3.24us/ 46225.72ms (      0 GFLOPS    0|0      GB/s)
*** AMD       24 E[90m_[0m[34m3[0m[90m_[0m[36m4[0m[90m_[0m[33m4[0m                                        arg  2 mem  17.55 GB tm      3.16us/ 46225.72ms (      0 GFLOPS    0|0      GB/s)
*** AMD       25 E[90m_[0m[36m32[0m[90m_[0m[33m4[0m                                         arg  2 mem  17.55 GB tm      3.16us/ 46225.72ms (      0 GFLOPS    0|0      GB/s)
*** AMD       26 E[90m_[0m[34m40[0m[90m_[0m[36m32[0m[90m_[0m[33m4[0m                                      arg  2 mem  17.55 GB tm      3.12us/ 46225.73ms (     10 GFLOPS   10|10     GB/s)
*** AMD       27 E[90m_[0m[34m40[0m[90m_[0m[36m32[0m[90m_[0m[33m4[0m                                      arg  2 mem  17.55 GB tm      3.12us/ 46225.73ms (     10 GFLOPS   10|10     GB/s)
[32m*** AMD       28[0m E[90m_[0m[34m2[0m[90m_[0m[36m32[0m[90m_[0m[33m4[0m                                       arg  2 mem  17.55 GB tm      2.96us/ 46225.73ms (      1 GFLOPS    1|1      GB/s)
*** AMD       29 E[90m_[0m[34m2[0m[90m_[0m[36m32[0m[90m_[0m[33m4[0m                                       arg  2 mem  17.55 GB tm      3.04us/ 46225.73ms (      1 GFLOPS    1|1      GB/s)
*** AMD       30 E[90m_[0m[34m40[0m[90m_[0m[36m32[0m[90m_[0m[33m4[0m                                      arg  2 mem  17.55 GB tm      3.20us/ 46225.74ms (     10 GFLOPS   10|10     GB/s)
*** AMD       31 E[90m_[0m[34m40[0m[90m_[0m[36m32[0m[90m_[0m[33m4[0m                                      arg  2 mem  17.55 GB tm      3.16us/ 46225.74ms (     10 GFLOPS   10|10     GB/s)
*** AMD       32 E[90m_[0m[34m480[0m[90m_[0m[36m16[0m[90m_[0m[36m8[0m[90m_[0m[33m4[0m                                   arg  2 mem  17.55 GB tm      4.16us/ 46225.74ms (     89 GFLOPS  181|207    GB/s)
*** AMD       33 E[90m_[0m[34m480[0m[90m_[0m[36m16[0m[90m_[0m[36m8[0m[90m_[0m[33m4[0m                                   arg  2 mem  17.55 GB tm      3.96us/ 46225.75ms (     93 GFLOPS  190|217    GB/s)
*** AMD       34 E[90m_[0m[34m320[0m[90m_[0m[36m32[0m[90m_[0m[33m4[0m                                     arg  2 mem  17.55 GB tm      3.40us/ 46225.75ms (     72 GFLOPS   72|72     GB/s)
*** AMD       35 E[90m_[0m[34m3[0m[90m_[0m[36m4[0m[90m_[0m[33m4[0m                                        arg  2 mem  17.55 GB tm      3.20us/ 46225.76ms (      0 GFLOPS    0|0      GB/s)
*** AMD       36 E[90m_[0m[34m3[0m[90m_[0m[36m4[0m[90m_[0m[33m4[0m                                        arg  2 mem  17.55 GB tm      3.24us/ 46225.76ms (      0 GFLOPS    0|0      GB/s)
*** AMD       37 E[90m_[0m[36m32[0m[90m_[0m[33m4[0m                                         arg  2 mem  17.55 GB tm      3.16us/ 46225.76ms (      0 GFLOPS    0|0      GB/s)
*** AMD       38 E[90m_[0m[34m40[0m[90m_[0m[36m32[0m[90m_[0m[33m4[0m                                      arg  2 mem  17.55 GB tm      3.12us/ 46225.76ms (     10 GFLOPS   10|10     GB/s)
*** AMD       39 E[90m_[0m[34m40[0m[90m_[0m[36m32[0m[90m_[0m[33m4[0m                                      arg  2 mem  17.55 GB tm      3.12us/ 46225.77ms (     10 GFLOPS   10|10     GB/s)
*** AMD       40 E[90m_[0m[34m480[0m[90m_[0m[36m16[0m[90m_[0m[36m8[0m[90m_[0m[33m4[0m                                   arg  2 mem  17.55 GB tm      4.12us/ 46225.77ms (     89 GFLOPS  183|209    GB/s)
*** AMD       41 E[90m_[0m[34m480[0m[90m_[0m[36m16[0m[90m_[0m[36m8[0m[90m_[0m[33m4[0m                                   arg  2 mem  17.55 GB tm      4.04us/ 46225.78ms (     91 GFLOPS  186|213    GB/s)
*** AMD       42 E[90m_[0m[34m320[0m[90m_[0m[36m32[0m[90m_[0m[33m4[0m                                     arg  2 mem  17.55 GB tm      3.40us/ 46225.78ms (     72 GFLOPS   72|72     GB/s)
*** AMD       43 E[90m_[0m[34m3[0m[90m_[0m[36m4[0m[90m_[0m[33m4[0m                                        arg  2 mem  17.55 GB tm      3.20us/ 46225.78ms (      0 GFLOPS    0|0      GB/s)
*** AMD       44 E[90m_[0m[34m3[0m[90m_[0m[36m4[0m[90m_[0m[33m4[0m                                        arg  2 mem  17.55 GB tm      3.20us/ 46225.79ms (      0 GFLOPS    0|0      GB/s)
*** AMD       45 E[90m_[0m[36m32[0m[90m_[0m[33m4[0m                                         arg  2 mem  17.55 GB tm      3.16us/ 46225.79ms (      0 GFLOPS    0|0      GB/s)
*** AMD       46 E[90m_[0m[34m40[0m[90m_[0m[36m32[0m[90m_[0m[33m4[0m                                      arg  2 mem  17.55 GB tm      3.16us/ 46225.79ms (     10 GFLOPS   10|10     GB/s)
*** AMD       47 E[90m_[0m[34m40[0m[90m_[0m[36m32[0m[90m_[0m[33m4[0m                                      arg  2 mem  17.55 GB tm      3.16us/ 46225.80ms (     10 GFLOPS   10|10     GB/s)
*** AMD       48 E[90m_[0m[34m480[0m[90m_[0m[36m16[0m[90m_[0m[36m8[0m[90m_[0m[33m4[0m                                   arg  2 mem  17.55 GB tm      4.20us/ 46225.80ms (     88 GFLOPS  179|205    GB/s)
*** AMD       49 E[90m_[0m[34m480[0m[90m_[0m[36m16[0m[90m_[0m[36m8[0m[90m_[0m[33m4[0m                                   arg  2 mem  17.55 GB tm      4.12us/ 46225.80ms (     89 GFLOPS  183|209    GB/s)
*** AMD       50 E[90m_[0m[34m320[0m[90m_[0m[36m32[0m[90m_[0m[33m4[0m                                     arg  2 mem  17.55 GB tm      3.36us/ 46225.81ms (     73 GFLOPS   73|73     GB/s)
*** AMD       51 E[90m_[0m[34m3[0m[90m_[0m[36m4[0m[90m_[0m[33m4[0m                                        arg  2 mem  17.55 GB tm      3.16us/ 46225.81ms (      0 GFLOPS    0|0      GB/s)
*** AMD       52 E[90m_[0m[34m3[0m[90m_[0m[36m4[0m[90m_[0m[33m4[0m                                        arg  2 mem  17.55 GB tm      3.16us/ 46225.81ms (      0 GFLOPS    0|0      GB/s)
*** AMD       53 E[90m_[0m[36m32[0m[90m_[0m[33m4[0m                                         arg  2 mem  17.55 GB tm      3.08us/ 46225.82ms (      0 GFLOPS    0|0      GB/s)
*** AMD       54 E[90m_[0m[34m40[0m[90m_[0m[36m32[0m[90m_[0m[33m4[0m                                      arg  2 mem  17.55 GB tm      3.12us/ 46225.82ms (     10 GFLOPS   10|10     GB/s)
*** AMD       55 E[90m_[0m[34m40[0m[90m_[0m[36m32[0m[90m_[0m[33m4[0m                                      arg  2 mem  17.55 GB tm      3.12us/ 46225.82ms (     10 GFLOPS   10|10     GB/s)
*** AMD       56 E[90m_[0m[34m2[0m[90m_[0m[36m32[0m[90m_[0m[33m4[0m                                       arg  2 mem  17.55 GB tm      3.24us/ 46225.83ms (      0 GFLOPS    0|0      GB/s)
*** AMD       57 E[90m_[0m[34m2[0m[90m_[0m[36m32[0m[90m_[0m[33m4[0m                                       arg  2 mem  17.55 GB tm      3.08us/ 46225.83ms (      0 GFLOPS    0|0      GB/s)
*** AMD       58 E[90m_[0m[34m40[0m[90m_[0m[36m32[0m[90m_[0m[33m4[0m                                      arg  2 mem  17.55 GB tm      3.12us/ 46225.83ms (     10 GFLOPS   10|10     GB/s)
*** AMD       59 E[90m_[0m[34m40[0m[90m_[0m[36m32[0m[90m_[0m[33m4[0m                                      arg  2 mem  17.55 GB tm      3.12us/ 46225.84ms (     10 GFLOPS   10|10     GB/s)
*** AMD       60 E[90m_[0m[34m480[0m[90m_[0m[36m16[0m[90m_[0m[36m8[0m[90m_[0m[33m4[0m                                   arg  2 mem  17.56 GB tm      4.16us/ 46225.84ms (     89 GFLOPS  181|207    GB/s)
*** AMD       61 E[90m_[0m[34m480[0m[90m_[0m[36m16[0m[90m_[0m[36m8[0m[90m_[0m[33m4[0m                                   arg  2 mem  17.56 GB tm      4.04us/ 46225.84ms (     91 GFLOPS  186|213    GB/s)
*** AMD       62 E[90m_[0m[34m320[0m[90m_[0m[36m32[0m[90m_[0m[33m4[0m                                     arg  2 mem  17.56 GB tm      3.32us/ 46225.85ms (     74 GFLOPS   74|74     GB/s)
*** AMD       63 E[90m_[0m[34m3[0m[90m_[0m[36m4[0m[90m_[0m[33m4[0m                                        arg  2 mem  17.56 GB tm      3.16us/ 46225.85ms (      0 GFLOPS    0|0      GB/s)
*** AMD       64 E[90m_[0m[34m3[0m[90m_[0m[36m4[0m[90m_[0m[33m4[0m                                        arg  2 mem  17.56 GB tm      3.20us/ 46225.85ms (      0 GFLOPS    0|0      GB/s)
*** AMD       65 E[90m_[0m[36m32[0m[90m_[0m[33m4[0m                                         arg  2 mem  17.56 GB tm      3.12us/ 46225.86ms (      0 GFLOPS    0|0      GB/s)
*** AMD       66 E[90m_[0m[34m40[0m[90m_[0m[36m32[0m[90m_[0m[33m4[0m                                      arg  2 mem  17.56 GB tm      3.08us/ 46225.86ms (     10 GFLOPS   10|10     GB/s)
*** AMD       67 E[90m_[0m[34m40[0m[90m_[0m[36m32[0m[90m_[0m[33m4[0m                                      arg  2 mem  17.56 GB tm      3.12us/ 46225.86ms (     10 GFLOPS   10|10     GB/s)
*** AMD       68 E[90m_[0m[34m480[0m[90m_[0m[36m16[0m[90m_[0m[36m8[0m[90m_[0m[33m4[0m                                   arg  2 mem  17.56 GB tm      4.16us/ 46225.87ms (     89 GFLOPS  181|207    GB/s)
*** AMD       69 E[90m_[0m[34m480[0m[90m_[0m[36m16[0m[90m_[0m[36m8[0m[90m_[0m[33m4[0m                                   arg  2 mem  17.56 GB tm      4.00us/ 46225.87ms (     92 GFLOPS  188|215    GB/s)
*** AMD       70 E[90m_[0m[34m320[0m[90m_[0m[36m32[0m[90m_[0m[33m4[0m                                     arg  2 mem  17.56 GB tm      3.40us/ 46225.87ms (     72 GFLOPS   72|72     GB/s)
*** AMD       71 E[90m_[0m[34m3[0m[90m_[0m[36m4[0m[90m_[0m[33m4[0m                                        arg  2 mem  17.56 GB tm      3.16us/ 46225.88ms (      0 GFLOPS    0|0      GB/s)
*** AMD       72 E[90m_[0m[34m3[0m[90m_[0m[36m4[0m[90m_[0m[33m4[0m                                        arg  2 mem  17.56 GB tm      3.20us/ 46225.88ms (      0 GFLOPS    0|0      GB/s)
*** AMD       73 E[90m_[0m[36m32[0m[90m_[0m[33m4[0m                                         arg  2 mem  17.56 GB tm      3.12us/ 46225.88ms (      0 GFLOPS    0|0      GB/s)
*** AMD       74 E[90m_[0m[34m40[0m[90m_[0m[36m32[0m[90m_[0m[33m4[0m                                      arg  2 mem  17.56 GB tm      3.08us/ 46225.89ms (     10 GFLOPS   10|10     GB/s)
*** AMD       75 E[90m_[0m[34m40[0m[90m_[0m[36m32[0m[90m_[0m[33m4[0m                                      arg  2 mem  17.56 GB tm      3.12us/ 46225.89ms (     10 GFLOPS   10|10     GB/s)
*** AMD       76 E[90m_[0m[34m480[0m[90m_[0m[36m16[0m[90m_[0m[36m8[0m[90m_[0m[33m4[0m                                   arg  2 mem  17.56 GB tm      4.04us/ 46225.89ms (     91 GFLOPS  186|213    GB/s)
*** AMD       77 E[90m_[0m[34m480[0m[90m_[0m[36m16[0m[90m_[0m[36m8[0m[90m_[0m[33m4[0m                                   arg  2 mem  17.56 GB tm      4.12us/ 46225.90ms (     89 GFLOPS  183|209    GB/s)
*** AMD       78 E[90m_[0m[34m320[0m[90m_[0m[36m32[0m[90m_[0m[33m4[0m                                     arg  2 mem  17.56 GB tm      3.40us/ 46225.90ms (     72 GFLOPS   72|72     GB/s)
*** AMD       79 E[90m_[0m[34m3[0m[90m_[0m[36m4[0m[90m_[0m[33m4[0m                                        arg  2 mem  17.56 GB tm      3.12us/ 46225.90ms (      0 GFLOPS    0|0      GB/s)
*** AMD       80 E[90m_[0m[34m3[0m[90m_[0m[36m4[0m[90m_[0m[33m4[0m                                        arg  2 mem  17.56 GB tm      3.20us/ 46225.91ms (      0 GFLOPS    0|0      GB/s)
*** AMD       81 E[90m_[0m[36m32[0m[90m_[0m[33m4[0m                                         arg  2 mem  17.56 GB tm      3.20us/ 46225.91ms (      0 GFLOPS    0|0      GB/s)
*** AMD       82 E[90m_[0m[34m40[0m[90m_[0m[36m32[0m[90m_[0m[33m4[0m                                      arg  2 mem  17.56 GB tm      3.16us/ 46225.91ms (     10 GFLOPS   10|10     GB/s)
*** AMD       83 E[90m_[0m[34m40[0m[90m_[0m[36m32[0m[90m_[0m[33m4[0m                                      arg  2 mem  17.56 GB tm      3.16us/ 46225.92ms (     10 GFLOPS   10|10     GB/s)
*** AMD       84 E[90m_[0m[34m2[0m[90m_[0m[36m32[0m[90m_[0m[33m4[0m                                       arg  2 mem  17.56 GB tm      3.24us/ 46225.92ms (      0 GFLOPS    0|0      GB/s)
*** AMD       85 E[90m_[0m[34m2[0m[90m_[0m[36m32[0m[90m_[0m[33m4[0m                                       arg  2 mem  17.56 GB tm      3.16us/ 46225.92ms (      0 GFLOPS    0|0      GB/s)
*** AMD       86 E[90m_[0m[34m40[0m[90m_[0m[36m32[0m[90m_[0m[33m4[0m                                      arg  2 mem  17.56 GB tm      3.16us/ 46225.93ms (     10 GFLOPS   10|10     GB/s)
*** AMD       87 E[90m_[0m[34m40[0m[90m_[0m[36m32[0m[90m_[0m[33m4[0m                                      arg  2 mem  17.56 GB tm      3.12us/ 46225.93ms (     10 GFLOPS   10|10     GB/s)
*** AMD       88 E[90m_[0m[34m480[0m[90m_[0m[36m16[0m[90m_[0m[36m8[0m[90m_[0m[33m4[0m                                   arg  2 mem  17.56 GB tm      4.12us/ 46225.93ms (     89 GFLOPS  183|209    GB/s)
*** AMD       89 E[90m_[0m[34m480[0m[90m_[0m[36m16[0m[90m_[0m[36m8[0m[90m_[0m[33m4[0m                                   arg  2 mem  17.56 GB tm      4.08us/ 46225.94ms (     90 GFLOPS  184|211    GB/s)
*** AMD       90 E[90m_[0m[34m320[0m[90m_[0m[36m32[0m[90m_[0m[33m4[0m                                     arg  2 mem  17.56 GB tm      3.40us/ 46225.94ms (     72 GFLOPS   72|72     GB/s)
*** AMD       91 E[90m_[0m[34m3[0m[90m_[0m[36m4[0m[90m_[0m[33m4[0m                                        arg  2 mem  17.56 GB tm      3.20us/ 46225.94ms (      0 GFLOPS    0|0      GB/s)
*** AMD       92 E[90m_[0m[34m3[0m[90m_[0m[36m4[0m[90m_[0m[33m4[0m                                        arg  2 mem  17.56 GB tm      3.16us/ 46225.95ms (      0 GFLOPS    0|0      GB/s)
*** AMD       93 E[90m_[0m[36m32[0m[90m_[0m[33m4[0m                                         arg  2 mem  17.56 GB tm      3.20us/ 46225.95ms (      0 GFLOPS    0|0      GB/s)
*** AMD       94 E[90m_[0m[34m40[0m[90m_[0m[36m32[0m[90m_[0m[33m4[0m                                      arg  2 mem  17.56 GB tm      3.16us/ 46225.95ms (     10 GFLOPS   10|10     GB/s)
*** AMD       95 E[90m_[0m[34m40[0m[90m_[0m[36m32[0m[90m_[0m[33m4[0m                                      arg  2 mem  17.56 GB tm      3.12us/ 46225.96ms (     10 GFLOPS   10|10     GB/s)
*** AMD       96 E[90m_[0m[34m480[0m[90m_[0m[36m16[0m[90m_[0m[36m8[0m[90m_[0m[33m4[0m                                   arg  2 mem  17.56 GB tm      4.12us/ 46225.96ms (     89 GFLOPS  183|209    GB/s)
*** AMD       97 E[90m_[0m[34m480[0m[90m_[0m[36m16[0m[90m_[0m[36m8[0m[90m_[0m[33m4[0m                                   arg  2 mem  17.56 GB tm      4.08us/ 46225.97ms (     90 GFLOPS  184|211    GB/s)
*** AMD       98 E[90m_[0m[34m320[0m[90m_[0m[36m32[0m[90m_[0m[33m4[0m                                     arg  2 mem  17.56 GB tm      3.48us/ 46225.97ms (     71 GFLOPS   71|71     GB/s)
*** AMD       99 E[90m_[0m[34m3[0m[90m_[0m[36m4[0m[90m_[0m[33m4[0m                                        arg  2 mem  17.56 GB tm      3.20us/ 46225.97ms (      0 GFLOPS    0|0      GB/s)
*** AMD      100 E[90m_[0m[34m3[0m[90m_[0m[36m4[0m[90m_[0m[33m4[0m                                        arg  2 mem  17.56 GB tm      3.24us/ 46225.98ms (      0 GFLOPS    0|0      GB/s)
*** AMD      101 E[90m_[0m[36m32[0m[90m_[0m[33m4[0m                                         arg  2 mem  17.56 GB tm      3.08us/ 46225.98ms (      0 GFLOPS    0|0      GB/s)
*** AMD      102 E[90m_[0m[34m40[0m[90m_[0m[36m32[0m[90m_[0m[33m4[0m                                      arg  2 mem  17.56 GB tm      3.16us/ 46225.98ms (     10 GFLOPS   10|10     GB/s)
*** AMD      103 E[90m_[0m[34m40[0m[90m_[0m[36m32[0m[90m_[0m[33m4[0m                                      arg  2 mem  17.56 GB tm      3.12us/ 46225.98ms (     10 GFLOPS   10|10     GB/s)
*** AMD      104 E[90m_[0m[34m480[0m[90m_[0m[36m16[0m[90m_[0m[36m8[0m[90m_[0m[33m4[0m                                   arg  2 mem  17.56 GB tm      4.20us/ 46225.99ms (     88 GFLOPS  179|205    GB/s)
*** AMD      105 E[90m_[0m[34m480[0m[90m_[0m[36m16[0m[90m_[0m[36m8[0m[90m_[0m[33m4[0m                                   arg  2 mem  17.56 GB tm      4.20us/ 46225.99ms (     88 GFLOPS  179|205    GB/s)
*** AMD      106 E[90m_[0m[34m320[0m[90m_[0m[36m32[0m[90m_[0m[33m4[0m                                     arg  2 mem  17.56 GB tm      3.40us/ 46226.00ms (     72 GFLOPS   72|72     GB/s)
*** AMD      107 E[90m_[0m[34m3[0m[90m_[0m[36m4[0m[90m_[0m[33m4[0m                                        arg  2 mem  17.56 GB tm      3.24us/ 46226.00ms (      0 GFLOPS    0|0      GB/s)
*** AMD      108 E[90m_[0m[34m3[0m[90m_[0m[36m4[0m[90m_[0m[33m4[0m                                        arg  2 mem  17.56 GB tm      3.16us/ 46226.00ms (      0 GFLOPS    0|0      GB/s)
*** AMD      109 E[90m_[0m[36m32[0m[90m_[0m[33m4[0m                                         arg  2 mem  17.56 GB tm      3.24us/ 46226.01ms (      0 GFLOPS    0|0      GB/s)
*** AMD      110 E[90m_[0m[34m40[0m[90m_[0m[36m32[0m[90m_[0m[33m4[0m                                      arg  2 mem  17.56 GB tm      3.12us/ 46226.01ms (     10 GFLOPS   10|10     GB/s)
*** AMD      111 E[90m_[0m[34m40[0m[90m_[0m[36m32[0m[90m_[0m[33m4[0m                                      arg  2 mem  17.56 GB tm      3.12us/ 46226.01ms (     10 GFLOPS   10|10     GB/s)
*** AMD      112 E[90m_[0m[34m2[0m[90m_[0m[36m32[0m[90m_[0m[33m4[0m                                       arg  2 mem  17.56 GB tm      3.24us/ 46226.02ms (      0 GFLOPS    0|0      GB/s)
*** AMD      113 E[90m_[0m[34m2[0m[90m_[0m[36m32[0m[90m_[0m[33m4[0m                                       arg  2 mem  17.56 GB tm      3.20us/ 46226.02ms (      0 GFLOPS    0|0      GB/s)
*** AMD      114 E[90m_[0m[34m40[0m[90m_[0m[36m32[0m[90m_[0m[33m4[0m                                      arg  2 mem  17.56 GB tm      3.16us/ 46226.02ms (     10 GFLOPS   10|10     GB/s)
*** AMD      115 E[90m_[0m[34m40[0m[90m_[0m[36m32[0m[90m_[0m[33m4[0m                                      arg  2 mem  17.56 GB tm      3.12us/ 46226.03ms (     10 GFLOPS   10|10     GB/s)
*** AMD      116 E[90m_[0m[34m480[0m[90m_[0m[36m16[0m[90m_[0m[36m8[0m[90m_[0m[33m4[0m                                   arg  2 mem  17.56 GB tm      4.32us/ 46226.03ms (     85 GFLOPS  174|199    GB/s)
*** AMD      117 E[90m_[0m[34m480[0m[90m_[0m[36m16[0m[90m_[0m[36m8[0m[90m_[0m[33m4[0m                                   arg  2 mem  17.56 GB tm      4.32us/ 46226.03ms (     85 GFLOPS  174|199    GB/s)
*** AMD      118 E[90m_[0m[34m320[0m[90m_[0m[36m32[0m[90m_[0m[33m4[0m                                     arg  2 mem  17.56 GB tm      3.40us/ 46226.04ms (     72 GFLOPS   72|72     GB/s)
*** AMD      119 E[90m_[0m[34m3[0m[90m_[0m[36m4[0m[90m_[0m[33m4[0m                                        arg  2 mem  17.56 GB tm      3.16us/ 46226.04ms (      0 GFLOPS    0|0      GB/s)
*** AMD      120 E[90m_[0m[34m3[0m[90m_[0m[36m4[0m[90m_[0m[33m4[0m                                        arg  2 mem  17.56 GB tm      3.20us/ 46226.04ms (      0 GFLOPS    0|0      GB/s)
*** AMD      121 E[90m_[0m[36m32[0m[90m_[0m[33m4[0m                                         arg  2 mem  17.56 GB tm      3.20us/ 46226.05ms (      0 GFLOPS    0|0      GB/s)
*** AMD      122 E[90m_[0m[34m40[0m[90m_[0m[36m32[0m[90m_[0m[33m4[0m                                      arg  2 mem  17.56 GB tm      3.16us/ 46226.05ms (     10 GFLOPS   10|10     GB/s)
*** AMD      123 E[90m_[0m[34m40[0m[90m_[0m[36m32[0m[90m_[0m[33m4[0m                                      arg  2 mem  17.56 GB tm      3.12us/ 46226.05ms (     10 GFLOPS   10|10     GB/s)
*** AMD      124 E[90m_[0m[34m480[0m[90m_[0m[36m16[0m[90m_[0m[36m8[0m[90m_[0m[33m4[0m                                   arg  2 mem  17.56 GB tm      4.28us/ 46226.06ms (     86 GFLOPS  176|201    GB/s)
*** AMD      125 E[90m_[0m[34m480[0m[90m_[0m[36m16[0m[90m_[0m[36m8[0m[90m_[0m[33m4[0m                                   arg  2 mem  17.56 GB tm      4.12us/ 46226.06ms (     89 GFLOPS  183|209    GB/s)
*** AMD      126 E[90m_[0m[34m320[0m[90m_[0m[36m32[0m[90m_[0m[33m4[0m                                     arg  2 mem  17.56 GB tm      3.36us/ 46226.06ms (     73 GFLOPS   73|73     GB/s)
*** AMD      127 E[90m_[0m[34m3[0m[90m_[0m[36m4[0m[90m_[0m[33m4[0m                                        arg  2 mem  17.56 GB tm      3.20us/ 46226.07ms (      0 GFLOPS    0|0      GB/s)
*** AMD      128 E[90m_[0m[34m3[0m[90m_[0m[36m4[0m[90m_[0m[33m4[0m                                        arg  2 mem  17.56 GB tm      3.16us/ 46226.07ms (      0 GFLOPS    0|0      GB/s)
*** AMD      129 E[90m_[0m[36m32[0m[90m_[0m[33m4[0m                                         arg  2 mem  17.56 GB tm      3.16us/ 46226.07ms (      0 GFLOPS    0|0      GB/s)
*** AMD      130 E[90m_[0m[34m40[0m[90m_[0m[36m32[0m[90m_[0m[33m4[0m                                      arg  2 mem  17.56 GB tm      3.12us/ 46226.08ms (     10 GFLOPS   10|10     GB/s)
*** AMD      131 E[90m_[0m[34m40[0m[90m_[0m[36m32[0m[90m_[0m[33m4[0m                                      arg  2 mem  17.56 GB tm      3.12us/ 46226.08ms (     10 GFLOPS   10|10     GB/s)
*** AMD      132 E[90m_[0m[34m480[0m[90m_[0m[36m16[0m[90m_[0m[36m8[0m[90m_[0m[33m4[0m                                   arg  2 mem  17.56 GB tm      4.20us/ 46226.08ms (     88 GFLOPS  179|205    GB/s)
*** AMD      133 E[90m_[0m[34m480[0m[90m_[0m[36m16[0m[90m_[0m[36m8[0m[90m_[0m[33m4[0m                                   arg  2 mem  17.56 GB tm      4.04us/ 46226.09ms (     91 GFLOPS  186|213    GB/s)
*** AMD      134 E[90m_[0m[34m320[0m[90m_[0m[36m32[0m[90m_[0m[33m4[0m                                     arg  2 mem  17.56 GB tm      3.40us/ 46226.09ms (     72 GFLOPS   72|72     GB/s)
*** AMD      135 E[90m_[0m[34m3[0m[90m_[0m[36m4[0m[90m_[0m[33m4[0m                                        arg  2 mem  17.56 GB tm      3.12us/ 46226.10ms (      0 GFLOPS    0|0      GB/s)
*** AMD      136 E[90m_[0m[34m3[0m[90m_[0m[36m4[0m[90m_[0m[33m4[0m                                        arg  2 mem  17.56 GB tm      3.16us/ 46226.10ms (      0 GFLOPS    0|0      GB/s)
*** AMD      137 E[90m_[0m[36m32[0m[90m_[0m[33m4[0m                                         arg  2 mem  17.56 GB tm      3.12us/ 46226.10ms (      0 GFLOPS    0|0      GB/s)
*** AMD      138 E[90m_[0m[34m40[0m[90m_[0m[36m32[0m[90m_[0m[33m4[0m                                      arg  2 mem  17.56 GB tm      3.08us/ 46226.10ms (     10 GFLOPS   10|10     GB/s)
*** AMD      139 E[90m_[0m[34m40[0m[90m_[0m[36m32[0m[90m_[0m[33m4[0m                                      arg  2 mem  17.56 GB tm      3.32us/ 46226.11ms (      9 GFLOPS    9|9      GB/s)
*** AMD      140 E[90m_[0m[34m2[0m[90m_[0m[36m32[0m[90m_[0m[33m4[0m                                       arg  2 mem  17.56 GB tm      3.48us/ 46226.11ms (      0 GFLOPS    0|0      GB/s)
*** AMD      141 E[90m_[0m[34m2[0m[90m_[0m[36m32[0m[90m_[0m[33m4[0m                                       arg  2 mem  17.56 GB tm      3.32us/ 46226.11ms (      0 GFLOPS    0|0      GB/s)
*** AMD      142 E[90m_[0m[34m40[0m[90m_[0m[36m32[0m[90m_[0m[33m4[0m                                      arg  2 mem  17.56 GB tm      3.28us/ 46226.12ms (      9 GFLOPS    9|9      GB/s)
*** AMD      143 E[90m_[0m[34m40[0m[90m_[0m[36m32[0m[90m_[0m[33m4[0m                                      arg  2 mem  17.56 GB tm      3.28us/ 46226.12ms (      9 GFLOPS    9|9      GB/s)
*** AMD      144 E[90m_[0m[34m480[0m[90m_[0m[36m16[0m[90m_[0m[36m8[0m[90m_[0m[33m4[0m                                   arg  2 mem  17.57 GB tm      4.28us/ 46226.13ms (     86 GFLOPS  176|201    GB/s)
*** AMD      145 E[90m_[0m[34m480[0m[90m_[0m[36m16[0m[90m_[0m[36m8[0m[90m_[0m[33m4[0m                                   arg  2 mem  17.57 GB tm      4.08us/ 46226.13ms (     90 GFLOPS  184|211    GB/s)
*** AMD      146 E[90m_[0m[34m320[0m[90m_[0m[36m32[0m[90m_[0m[33m4[0m                                     arg  2 mem  17.57 GB tm      3.48us/ 46226.13ms (     71 GFLOPS   71|71     GB/s)
*** AMD      147 E[90m_[0m[34m3[0m[90m_[0m[36m4[0m[90m_[0m[33m4[0m                                        arg  2 mem  17.57 GB tm      3.40us/ 46226.14ms (      0 GFLOPS    0|0      GB/s)
*** AMD      148 E[90m_[0m[34m3[0m[90m_[0m[36m4[0m[90m_[0m[33m4[0m                                        arg  2 mem  17.57 GB tm      3.36us/ 46226.14ms (      0 GFLOPS    0|0      GB/s)
*** AMD      149 E[90m_[0m[36m32[0m[90m_[0m[33m4[0m                                         arg  2 mem  17.57 GB tm      3.32us/ 46226.14ms (      0 GFLOPS    0|0      GB/s)
*** AMD      150 E[90m_[0m[34m40[0m[90m_[0m[36m32[0m[90m_[0m[33m4[0m                                      arg  2 mem  17.57 GB tm      3.28us/ 46226.15ms (      9 GFLOPS    9|9      GB/s)
*** AMD      151 E[90m_[0m[34m40[0m[90m_[0m[36m32[0m[90m_[0m[33m4[0m                                      arg  2 mem  17.57 GB tm      3.28us/ 46226.15ms (      9 GFLOPS    9|9      GB/s)
*** AMD      152 E[90m_[0m[34m480[0m[90m_[0m[36m16[0m[90m_[0m[36m8[0m[90m_[0m[33m4[0m                                   arg  2 mem  17.57 GB tm      4.36us/ 46226.15ms (     85 GFLOPS  173|197    GB/s)
*** AMD      153 E[90m_[0m[34m480[0m[90m_[0m[36m16[0m[90m_[0m[36m8[0m[90m_[0m[33m4[0m                                   arg  2 mem  17.57 GB tm      4.04us/ 46226.16ms (     91 GFLOPS  186|213    GB/s)
*** AMD      154 E[90m_[0m[34m320[0m[90m_[0m[36m32[0m[90m_[0m[33m4[0m                                     arg  2 mem  17.57 GB tm      3.52us/ 46226.16ms (     70 GFLOPS   70|70     GB/s)
*** AMD      155 E[90m_[0m[34m3[0m[90m_[0m[36m4[0m[90m_[0m[33m4[0m                                        arg  2 mem  17.57 GB tm      3.36us/ 46226.17ms (      0 GFLOPS    0|0      GB/s)
*** AMD      156 E[90m_[0m[34m3[0m[90m_[0m[36m4[0m[90m_[0m[33m4[0m                                        arg  2 mem  17.57 GB tm      3.36us/ 46226.17ms (      0 GFLOPS    0|0      GB/s)
*** AMD      157 E[90m_[0m[36m32[0m[90m_[0m[33m4[0m                                         arg  2 mem  17.57 GB tm      3.28us/ 46226.17ms (      0 GFLOPS    0|0      GB/s)
*** AMD      158 E[90m_[0m[34m40[0m[90m_[0m[36m32[0m[90m_[0m[33m4[0m                                      arg  2 mem  17.57 GB tm      3.28us/ 46226.18ms (      9 GFLOPS    9|9      GB/s)
*** AMD      159 E[90m_[0m[34m40[0m[90m_[0m[36m32[0m[90m_[0m[33m4[0m                                      arg  2 mem  17.57 GB tm      3.32us/ 46226.18ms (      9 GFLOPS    9|9      GB/s)
*** AMD      160 E[90m_[0m[34m480[0m[90m_[0m[36m16[0m[90m_[0m[36m8[0m[90m_[0m[33m4[0m                                   arg  2 mem  17.57 GB tm      4.36us/ 46226.18ms (     85 GFLOPS  173|197    GB/s)
*** AMD      161 E[90m_[0m[34m480[0m[90m_[0m[36m16[0m[90m_[0m[36m8[0m[90m_[0m[33m4[0m                                   arg  2 mem  17.57 GB tm      4.28us/ 46226.19ms (     86 GFLOPS  176|201    GB/s)
*** AMD      162 E[90m_[0m[34m320[0m[90m_[0m[36m32[0m[90m_[0m[33m4[0m                                     arg  2 mem  17.57 GB tm      3.52us/ 46226.19ms (     70 GFLOPS   70|70     GB/s)
*** AMD      163 E[90m_[0m[34m3[0m[90m_[0m[36m4[0m[90m_[0m[33m4[0m                                        arg  2 mem  17.57 GB tm      3.40us/ 46226.19ms (      0 GFLOPS    0|0      GB/s)
*** AMD      164 E[90m_[0m[34m3[0m[90m_[0m[36m4[0m[90m_[0m[33m4[0m                                        arg  2 mem  17.57 GB tm      3.32us/ 46226.20ms (      0 GFLOPS    0|0      GB/s)
*** AMD      165 E[90m_[0m[36m32[0m[90m_[0m[33m4[0m                                         arg  2 mem  17.57 GB tm      3.32us/ 46226.20ms (      0 GFLOPS    0|0      GB/s)
*** AMD      166 E[90m_[0m[34m40[0m[90m_[0m[36m32[0m[90m_[0m[33m4[0m                                      arg  2 mem  17.57 GB tm      3.36us/ 46226.20ms (      9 GFLOPS    9|9      GB/s)
*** AMD      167 E[90m_[0m[34m40[0m[90m_[0m[36m32[0m[90m_[0m[33m4[0m                                      arg  2 mem  17.57 GB tm      3.32us/ 46226.21ms (      9 GFLOPS    9|9      GB/s)
*** AMD      168 E[90m_[0m[34m2[0m[90m_[0m[36m32[0m[90m_[0m[33m4[0m                                       arg  2 mem  17.57 GB tm      3.48us/ 46226.21ms (      0 GFLOPS    0|0      GB/s)
*** AMD      169 E[90m_[0m[34m2[0m[90m_[0m[36m32[0m[90m_[0m[33m4[0m                                       arg  2 mem  17.57 GB tm      3.36us/ 46226.21ms (      0 GFLOPS    0|0      GB/s)
*** AMD      170 E[90m_[0m[34m40[0m[90m_[0m[36m32[0m[90m_[0m[33m4[0m                                      arg  2 mem  17.57 GB tm      3.32us/ 46226.22ms (      9 GFLOPS    9|9      GB/s)
*** AMD      171 E[90m_[0m[34m40[0m[90m_[0m[36m32[0m[90m_[0m[33m4[0m                                      arg  2 mem  17.57 GB tm      3.36us/ 46226.22ms (      9 GFLOPS    9|9      GB/s)
*** AMD      172 E[90m_[0m[34m480[0m[90m_[0m[36m16[0m[90m_[0m[36m8[0m[90m_[0m[33m4[0m                                   arg  2 mem  17.57 GB tm      4.36us/ 46226.23ms (     85 GFLOPS  173|197    GB/s)
*** AMD      173 E[90m_[0m[34m480[0m[90m_[0m[36m16[0m[90m_[0m[36m8[0m[90m_[0m[33m4[0m                                   arg  2 mem  17.57 GB tm      4.20us/ 46226.23ms (     88 GFLOPS  179|205    GB/s)
*** AMD      174 E[90m_[0m[34m320[0m[90m_[0m[36m32[0m[90m_[0m[33m4[0m                                     arg  2 mem  17.57 GB tm      3.48us/ 46226.23ms (     71 GFLOPS   71|71     GB/s)
*** AMD      175 E[90m_[0m[34m3[0m[90m_[0m[36m4[0m[90m_[0m[33m4[0m                                        arg  2 mem  17.57 GB tm      3.44us/ 46226.24ms (      0 GFLOPS    0|0      GB/s)
*** AMD      176 E[90m_[0m[34m3[0m[90m_[0m[36m4[0m[90m_[0m[33m4[0m                                        arg  2 mem  17.57 GB tm      3.40us/ 46226.24ms (      0 GFLOPS    0|0      GB/s)
*** AMD      177 E[90m_[0m[36m32[0m[90m_[0m[33m4[0m                                         arg  2 mem  17.57 GB tm      3.36us/ 46226.24ms (      0 GFLOPS    0|0      GB/s)
*** AMD      178 E[90m_[0m[34m40[0m[90m_[0m[36m32[0m[90m_[0m[33m4[0m                                      arg  2 mem  17.57 GB tm      3.32us/ 46226.25ms (      9 GFLOPS    9|9      GB/s)
*** AMD      179 E[90m_[0m[34m40[0m[90m_[0m[36m32[0m[90m_[0m[33m4[0m                                      arg  2 mem  17.57 GB tm      3.32us/ 46226.25ms (      9 GFLOPS    9|9      GB/s)
*** AMD      180 E[90m_[0m[34m480[0m[90m_[0m[36m16[0m[90m_[0m[36m8[0m[90m_[0m[33m4[0m                                   arg  2 mem  17.57 GB tm      4.24us/ 46226.25ms (     87 GFLOPS  178|203    GB/s)
*** AMD      181 E[90m_[0m[34m480[0m[90m_[0m[36m16[0m[90m_[0m[36m8[0m[90m_[0m[33m4[0m                                   arg  2 mem  17.57 GB tm      4.08us/ 46226.26ms (     90 GFLOPS  184|211    GB/s)
*** AMD      182 E[90m_[0m[34m320[0m[90m_[0m[36m32[0m[90m_[0m[33m4[0m                                     arg  2 mem  17.57 GB tm      3.48us/ 46226.26ms (     71 GFLOPS   71|71     GB/s)
*** AMD      183 E[90m_[0m[34m3[0m[90m_[0m[36m4[0m[90m_[0m[33m4[0m                                        arg  2 mem  17.57 GB tm      3.36us/ 46226.26ms (      0 GFLOPS    0|0      GB/s)
*** AMD      184 E[90m_[0m[34m3[0m[90m_[0m[36m4[0m[90m_[0m[33m4[0m                                        arg  2 mem  17.57 GB tm      3.40us/ 46226.27ms (      0 GFLOPS    0|0      GB/s)
*** AMD      185 E[90m_[0m[36m32[0m[90m_[0m[33m4[0m                                         arg  2 mem  17.57 GB tm      3.40us/ 46226.27ms (      0 GFLOPS    0|0      GB/s)
*** AMD      186 E[90m_[0m[34m40[0m[90m_[0m[36m32[0m[90m_[0m[33m4[0m                                      arg  2 mem  17.57 GB tm      3.28us/ 46226.27ms (      9 GFLOPS    9|9      GB/s)
*** AMD      187 E[90m_[0m[34m40[0m[90m_[0m[36m32[0m[90m_[0m[33m4[0m                                      arg  2 mem  17.57 GB tm      3.32us/ 46226.28ms (      9 GFLOPS    9|9      GB/s)
*** AMD      188 E[90m_[0m[34m480[0m[90m_[0m[36m16[0m[90m_[0m[36m8[0m[90m_[0m[33m4[0m                                   arg  2 mem  17.57 GB tm      4.24us/ 46226.28ms (     87 GFLOPS  178|203    GB/s)
*** AMD      189 E[90m_[0m[34m480[0m[90m_[0m[36m16[0m[90m_[0m[36m8[0m[90m_[0m[33m4[0m                                   arg  2 mem  17.57 GB tm      4.32us/ 46226.29ms (     85 GFLOPS  174|199    GB/s)
*** AMD      190 E[90m_[0m[34m320[0m[90m_[0m[36m32[0m[90m_[0m[33m4[0m                                     arg  2 mem  17.57 GB tm      3.68us/ 46226.29ms (     67 GFLOPS   67|67     GB/s)
*** AMD      191 E[90m_[0m[34m3[0m[90m_[0m[36m4[0m[90m_[0m[33m4[0m                                        arg  2 mem  17.57 GB tm      3.40us/ 46226.29ms (      0 GFLOPS    0|0      GB/s)
*** AMD      192 E[90m_[0m[34m3[0m[90m_[0m[36m4[0m[90m_[0m[33m4[0m                                        arg  2 mem  17.57 GB tm      3.44us/ 46226.30ms (      0 GFLOPS    0|0      GB/s)
*** AMD      193 E[90m_[0m[36m32[0m[90m_[0m[33m4[0m                                         arg  2 mem  17.57 GB tm      3.36us/ 46226.30ms (      0 GFLOPS    0|0      GB/s)
*** AMD      194 E[90m_[0m[34m40[0m[90m_[0m[36m32[0m[90m_[0m[33m4[0m                                      arg  2 mem  17.57 GB tm      3.32us/ 46226.30ms (      9 GFLOPS    9|9      GB/s)
*** AMD      195 E[90m_[0m[34m40[0m[90m_[0m[36m32[0m[90m_[0m[33m4[0m                                      arg  2 mem  17.57 GB tm      3.32us/ 46226.31ms (      9 GFLOPS    9|9      GB/s)
*** AMD      196 E[90m_[0m[34m2[0m[90m_[0m[36m32[0m[90m_[0m[33m4[0m                                       arg  2 mem  17.57 GB tm      3.44us/ 46226.31ms (      0 GFLOPS    0|0      GB/s)
*** AMD      197 E[90m_[0m[34m2[0m[90m_[0m[36m32[0m[90m_[0m[33m4[0m                                       arg  2 mem  17.57 GB tm      3.36us/ 46226.31ms (      0 GFLOPS    0|0      GB/s)
*** AMD      198 E[90m_[0m[34m40[0m[90m_[0m[36m32[0m[90m_[0m[33m4[0m                                      arg  2 mem  17.57 GB tm      3.32us/ 46226.32ms (      9 GFLOPS    9|9      GB/s)
*** AMD      199 E[90m_[0m[34m40[0m[90m_[0m[36m32[0m[90m_[0m[33m4[0m                                      arg  2 mem  17.57 GB tm      3.28us/ 46226.32ms (      9 GFLOPS    9|9      GB/s)
*** AMD      200 E[90m_[0m[34m480[0m[90m_[0m[36m16[0m[90m_[0m[36m8[0m[90m_[0m[33m4[0m                                   arg  2 mem  17.57 GB tm      4.36us/ 46226.33ms (     85 GFLOPS  173|197    GB/s)
*** AMD      201 E[90m_[0m[34m480[0m[90m_[0m[36m16[0m[90m_[0m[36m8[0m[90m_[0m[33m4[0m                                   arg  2 mem  17.57 GB tm      4.20us/ 46226.33ms (     88 GFLOPS  179|205    GB/s)
*** AMD      202 E[90m_[0m[34m320[0m[90m_[0m[36m32[0m[90m_[0m[33m4[0m                                     arg  2 mem  17.57 GB tm      3.52us/ 46226.33ms (     70 GFLOPS   70|70     GB/s)
*** AMD      203 E[90m_[0m[34m3[0m[90m_[0m[36m4[0m[90m_[0m[33m4[0m                                        arg  2 mem  17.57 GB tm      3.40us/ 46226.34ms (      0 GFLOPS    0|0      GB/s)
*** AMD      204 E[90m_[0m[34m3[0m[90m_[0m[36m4[0m[90m_[0m[33m4[0m                                        arg  2 mem  17.57 GB tm      3.32us/ 46226.34ms (      0 GFLOPS    0|0      GB/s)
*** AMD      205 E[90m_[0m[36m32[0m[90m_[0m[33m4[0m                                         arg  2 mem  17.57 GB tm      3.32us/ 46226.34ms (      0 GFLOPS    0|0      GB/s)
*** AMD      206 E[90m_[0m[34m40[0m[90m_[0m[36m32[0m[90m_[0m[33m4[0m                                      arg  2 mem  17.57 GB tm      3.28us/ 46226.35ms (      9 GFLOPS    9|9      GB/s)
*** AMD      207 E[90m_[0m[34m40[0m[90m_[0m[36m32[0m[90m_[0m[33m4[0m                                      arg  2 mem  17.57 GB tm      3.40us/ 46226.35ms (      9 GFLOPS    9|9      GB/s)
*** AMD      208 E[90m_[0m[34m480[0m[90m_[0m[36m16[0m[90m_[0m[36m8[0m[90m_[0m[33m4[0m                                   arg  2 mem  17.57 GB tm      4.20us/ 46226.35ms (     88 GFLOPS  179|205    GB/s)
*** AMD      209 E[90m_[0m[34m480[0m[90m_[0m[36m16[0m[90m_[0m[36m8[0m[90m_[0m[33m4[0m                                   arg  2 mem  17.57 GB tm      4.12us/ 46226.36ms (     89 GFLOPS  183|209    GB/s)
*** AMD      210 E[90m_[0m[34m320[0m[90m_[0m[36m32[0m[90m_[0m[33m4[0m                                     arg  2 mem  17.57 GB tm      3.52us/ 46226.36ms (     70 GFLOPS   70|70     GB/s)
*** AMD      211 E[90m_[0m[34m3[0m[90m_[0m[36m4[0m[90m_[0m[33m4[0m                                        arg  2 mem  17.57 GB tm      3.40us/ 46226.36ms (      0 GFLOPS    0|0      GB/s)
*** AMD      212 E[90m_[0m[34m3[0m[90m_[0m[36m4[0m[90m_[0m[33m4[0m                                        arg  2 mem  17.57 GB tm      3.32us/ 46226.37ms (      0 GFLOPS    0|0      GB/s)
*** AMD      213 E[90m_[0m[36m32[0m[90m_[0m[33m4[0m                                         arg  2 mem  17.57 GB tm      3.32us/ 46226.37ms (      0 GFLOPS    0|0      GB/s)
*** AMD      214 E[90m_[0m[34m40[0m[90m_[0m[36m32[0m[90m_[0m[33m4[0m                                      arg  2 mem  17.57 GB tm      3.32us/ 46226.37ms (      9 GFLOPS    9|9      GB/s)
*** AMD      215 E[90m_[0m[34m40[0m[90m_[0m[36m32[0m[90m_[0m[33m4[0m                                      arg  2 mem  17.57 GB tm      3.32us/ 46226.38ms (      9 GFLOPS    9|9      GB/s)
*** AMD      216 E[90m_[0m[34m480[0m[90m_[0m[36m16[0m[90m_[0m[36m8[0m[90m_[0m[33m4[0m                                   arg  2 mem  17.57 GB tm      4.16us/ 46226.38ms (     89 GFLOPS  181|207    GB/s)
*** AMD      217 E[90m_[0m[34m480[0m[90m_[0m[36m16[0m[90m_[0m[36m8[0m[90m_[0m[33m4[0m                                   arg  2 mem  17.57 GB tm      4.12us/ 46226.39ms (     89 GFLOPS  183|209    GB/s)
*** AMD      218 E[90m_[0m[34m320[0m[90m_[0m[36m32[0m[90m_[0m[33m4[0m                                     arg  2 mem  17.57 GB tm      3.52us/ 46226.39ms (     70 GFLOPS   70|70     GB/s)
*** AMD      219 E[90m_[0m[34m3[0m[90m_[0m[36m4[0m[90m_[0m[33m4[0m                                        arg  2 mem  17.57 GB tm      3.36us/ 46226.39ms (      0 GFLOPS    0|0      GB/s)
*** AMD      220 E[90m_[0m[34m3[0m[90m_[0m[36m4[0m[90m_[0m[33m4[0m                                        arg  2 mem  17.57 GB tm      3.36us/ 46226.40ms (      0 GFLOPS    0|0      GB/s)
*** AMD      221 E[90m_[0m[36m32[0m[90m_[0m[33m4[0m                                         arg  2 mem  17.57 GB tm      3.36us/ 46226.40ms (      0 GFLOPS    0|0      GB/s)
*** AMD      222 E[90m_[0m[34m40[0m[90m_[0m[36m32[0m[90m_[0m[33m4[0m                                      arg  2 mem  17.57 GB tm      3.32us/ 46226.40ms (      9 GFLOPS    9|9      GB/s)
*** AMD      223 E[90m_[0m[34m40[0m[90m_[0m[36m32[0m[90m_[0m[33m4[0m                                      arg  2 mem  17.57 GB tm      3.32us/ 46226.41ms (      9 GFLOPS    9|9      GB/s)
*** AMD      224 E[90m_[0m[34m2[0m[90m_[0m[36m32[0m[90m_[0m[33m4[0m                                       arg  2 mem  17.57 GB tm      3.48us/ 46226.41ms (      0 GFLOPS    0|0      GB/s)
*** AMD      225 E[90m_[0m[34m2[0m[90m_[0m[36m32[0m[90m_[0m[33m4[0m                                       arg  2 mem  17.57 GB tm      3.36us/ 46226.41ms (      0 GFLOPS    0|0      GB/s)
*** AMD      226 E[90m_[0m[34m40[0m[90m_[0m[36m32[0m[90m_[0m[33m4[0m                                      arg  2 mem  17.57 GB tm      3.28us/ 46226.42ms (      9 GFLOPS    9|9      GB/s)
*** AMD      227 E[90m_[0m[34m40[0m[90m_[0m[36m32[0m[90m_[0m[33m4[0m                                      arg  2 mem  17.57 GB tm      3.32us/ 46226.42ms (      9 GFLOPS    9|9      GB/s)
*** AMD      228 E[90m_[0m[34m480[0m[90m_[0m[36m16[0m[90m_[0m[36m8[0m[90m_[0m[33m4[0m                                   arg  2 mem  17.57 GB tm      4.32us/ 46226.42ms (     85 GFLOPS  174|199    GB/s)
*** AMD      229 E[90m_[0m[34m480[0m[90m_[0m[36m16[0m[90m_[0m[36m8[0m[90m_[0m[33m4[0m                                   arg  2 mem  17.58 GB tm      4.24us/ 46226.43ms (     87 GFLOPS  178|203    GB/s)
*** AMD      230 E[90m_[0m[34m320[0m[90m_[0m[36m32[0m[90m_[0m[33m4[0m                                     arg  2 mem  17.58 GB tm      3.48us/ 46226.43ms (     71 GFLOPS   71|71     GB/s)
*** AMD      231 E[90m_[0m[34m3[0m[90m_[0m[36m4[0m[90m_[0m[33m4[0m                                        arg  2 mem  17.58 GB tm      3.36us/ 46226.44ms (      0 GFLOPS    0|0      GB/s)
*** AMD      232 E[90m_[0m[34m3[0m[90m_[0m[36m4[0m[90m_[0m[33m4[0m                                        arg  2 mem  17.58 GB tm      3.40us/ 46226.44ms (      0 GFLOPS    0|0      GB/s)
*** AMD      233 E[90m_[0m[36m32[0m[90m_[0m[33m4[0m                                         arg  2 mem  17.58 GB tm      3.32us/ 46226.44ms (      0 GFLOPS    0|0      GB/s)
*** AMD      234 E[90m_[0m[34m40[0m[90m_[0m[36m32[0m[90m_[0m[33m4[0m                                      arg  2 mem  17.58 GB tm      3.28us/ 46226.45ms (      9 GFLOPS    9|9      GB/s)
*** AMD      235 E[90m_[0m[34m40[0m[90m_[0m[36m32[0m[90m_[0m[33m4[0m                                      arg  2 mem  17.58 GB tm      3.28us/ 46226.45ms (      9 GFLOPS    9|9      GB/s)
*** AMD      236 E[90m_[0m[34m480[0m[90m_[0m[36m16[0m[90m_[0m[36m8[0m[90m_[0m[33m4[0m                                   arg  2 mem  17.58 GB tm      4.24us/ 46226.45ms (     87 GFLOPS  178|203    GB/s)
*** AMD      237 E[90m_[0m[34m480[0m[90m_[0m[36m16[0m[90m_[0m[36m8[0m[90m_[0m[33m4[0m                                   arg  2 mem  17.58 GB tm      4.08us/ 46226.46ms (     90 GFLOPS  184|211    GB/s)
*** AMD      238 E[90m_[0m[34m320[0m[90m_[0m[36m32[0m[90m_[0m[33m4[0m                                     arg  2 mem  17.58 GB tm      3.48us/ 46226.46ms (     71 GFLOPS   71|71     GB/s)
*** AMD      239 E[90m_[0m[34m3[0m[90m_[0m[36m4[0m[90m_[0m[33m4[0m                                        arg  2 mem  17.58 GB tm      3.32us/ 46226.46ms (      0 GFLOPS    0|0      GB/s)
*** AMD      240 E[90m_[0m[34m3[0m[90m_[0m[36m4[0m[90m_[0m[33m4[0m                                        arg  2 mem  17.58 GB tm      3.32us/ 46226.47ms (      0 GFLOPS    0|0      GB/s)
*** AMD      241 E[90m_[0m[36m32[0m[90m_[0m[33m4[0m                                         arg  2 mem  17.58 GB tm      3.32us/ 46226.47ms (      0 GFLOPS    0|0      GB/s)
*** AMD      242 E[90m_[0m[34m40[0m[90m_[0m[36m32[0m[90m_[0m[33m4[0m                                      arg  2 mem  17.58 GB tm      3.32us/ 46226.47ms (      9 GFLOPS    9|9      GB/s)
*** AMD      243 E[90m_[0m[34m40[0m[90m_[0m[36m32[0m[90m_[0m[33m4[0m                                      arg  2 mem  17.58 GB tm      3.32us/ 46226.48ms (      9 GFLOPS    9|9      GB/s)
*** AMD      244 E[90m_[0m[34m480[0m[90m_[0m[36m16[0m[90m_[0m[36m8[0m[90m_[0m[33m4[0m                                   arg  2 mem  17.58 GB tm      4.20us/ 46226.48ms (     88 GFLOPS  179|205    GB/s)
*** AMD      245 E[90m_[0m[34m480[0m[90m_[0m[36m16[0m[90m_[0m[36m8[0m[90m_[0m[33m4[0m                                   arg  2 mem  17.58 GB tm      4.12us/ 46226.49ms (     89 GFLOPS  183|209    GB/s)
*** AMD      246 E[90m_[0m[34m320[0m[90m_[0m[36m32[0m[90m_[0m[33m4[0m                                     arg  2 mem  17.58 GB tm      3.48us/ 46226.49ms (     71 GFLOPS   71|71     GB/s)
*** AMD      247 E[90m_[0m[34m3[0m[90m_[0m[36m4[0m[90m_[0m[33m4[0m                                        arg  2 mem  17.58 GB tm      3.40us/ 46226.49ms (      0 GFLOPS    0|0      GB/s)
*** AMD      248 E[90m_[0m[34m3[0m[90m_[0m[36m4[0m[90m_[0m[33m4[0m                                        arg  2 mem  17.58 GB tm      3.36us/ 46226.50ms (      0 GFLOPS    0|0      GB/s)
*** AMD      249 E[90m_[0m[36m32[0m[90m_[0m[33m4[0m                                         arg  2 mem  17.58 GB tm      3.40us/ 46226.50ms (      0 GFLOPS    0|0      GB/s)
*** AMD      250 E[90m_[0m[34m40[0m[90m_[0m[36m32[0m[90m_[0m[33m4[0m                                      arg  2 mem  17.58 GB tm      3.32us/ 46226.50ms (      9 GFLOPS    9|9      GB/s)
*** AMD      251 E[90m_[0m[34m40[0m[90m_[0m[36m32[0m[90m_[0m[33m4[0m                                      arg  2 mem  17.58 GB tm      3.32us/ 46226.51ms (      9 GFLOPS    9|9      GB/s)
*** AMD      252 E[90m_[0m[34m2[0m[90m_[0m[36m32[0m[90m_[0m[33m4[0m                                       arg  2 mem  17.58 GB tm      3.44us/ 46226.51ms (      0 GFLOPS    0|0      GB/s)
*** AMD      253 E[90m_[0m[34m2[0m[90m_[0m[36m32[0m[90m_[0m[33m4[0m                                       arg  2 mem  17.58 GB tm      3.32us/ 46226.51ms (      0 GFLOPS    0|0      GB/s)
*** AMD      254 E[90m_[0m[34m40[0m[90m_[0m[36m32[0m[90m_[0m[33m4[0m                                      arg  2 mem  17.58 GB tm      3.32us/ 46226.52ms (      9 GFLOPS    9|9      GB/s)
*** AMD      255 E[90m_[0m[34m40[0m[90m_[0m[36m32[0m[90m_[0m[33m4[0m                                      arg  2 mem  17.58 GB tm      3.32us/ 46226.52ms (      9 GFLOPS    9|9      GB/s)
*** AMD      256 E[90m_[0m[34m480[0m[90m_[0m[36m16[0m[90m_[0m[36m8[0m[90m_[0m[33m4[0m                                   arg  2 mem  17.58 GB tm      4.36us/ 46226.52ms (     85 GFLOPS  173|197    GB/s)
*** AMD      257 E[90m_[0m[34m480[0m[90m_[0m[36m16[0m[90m_[0m[36m8[0m[90m_[0m[33m4[0m                                   arg  2 mem  17.58 GB tm      4.28us/ 46226.53ms (     86 GFLOPS  176|201    GB/s)
*** AMD      258 E[90m_[0m[34m320[0m[90m_[0m[36m32[0m[90m_[0m[33m4[0m                                     arg  2 mem  17.58 GB tm      3.48us/ 46226.53ms (     71 GFLOPS   71|71     GB/s)
*** AMD      259 E[90m_[0m[34m3[0m[90m_[0m[36m4[0m[90m_[0m[33m4[0m                                        arg  2 mem  17.58 GB tm      3.32us/ 46226.53ms (      0 GFLOPS    0|0      GB/s)
*** AMD      260 E[90m_[0m[34m3[0m[90m_[0m[36m4[0m[90m_[0m[33m4[0m                                        arg  2 mem  17.58 GB tm      3.32us/ 46226.54ms (      0 GFLOPS    0|0      GB/s)
*** AMD      261 E[90m_[0m[36m32[0m[90m_[0m[33m4[0m                                         arg  2 mem  17.58 GB tm      3.32us/ 46226.54ms (      0 GFLOPS    0|0      GB/s)
*** AMD      262 E[90m_[0m[34m40[0m[90m_[0m[36m32[0m[90m_[0m[33m4[0m                                      arg  2 mem  17.58 GB tm      3.32us/ 46226.54ms (      9 GFLOPS    9|9      GB/s)
*** AMD      263 E[90m_[0m[34m40[0m[90m_[0m[36m32[0m[90m_[0m[33m4[0m                                      arg  2 mem  17.58 GB tm      3.32us/ 46226.55ms (      9 GFLOPS    9|9      GB/s)
*** AMD      264 E[90m_[0m[34m480[0m[90m_[0m[36m16[0m[90m_[0m[36m8[0m[90m_[0m[33m4[0m                                   arg  2 mem  17.58 GB tm      4.36us/ 46226.55ms (     85 GFLOPS  173|197    GB/s)
*** AMD      265 E[90m_[0m[34m480[0m[90m_[0m[36m16[0m[90m_[0m[36m8[0m[90m_[0m[33m4[0m                                   arg  2 mem  17.58 GB tm      4.32us/ 46226.56ms (     85 GFLOPS  174|199    GB/s)
*** AMD      266 E[90m_[0m[34m320[0m[90m_[0m[36m32[0m[90m_[0m[33m4[0m                                     arg  2 mem  17.58 GB tm      3.56us/ 46226.56ms (     69 GFLOPS   69|69     GB/s)
*** AMD      267 E[90m_[0m[34m3[0m[90m_[0m[36m4[0m[90m_[0m[33m4[0m                                        arg  2 mem  17.58 GB tm      3.36us/ 46226.56ms (      0 GFLOPS    0|0      GB/s)
*** AMD      268 E[90m_[0m[34m3[0m[90m_[0m[36m4[0m[90m_[0m[33m4[0m                                        arg  2 mem  17.58 GB tm      3.36us/ 46226.57ms (      0 GFLOPS    0|0      GB/s)
*** AMD      269 E[90m_[0m[36m32[0m[90m_[0m[33m4[0m                                         arg  2 mem  17.58 GB tm      3.36us/ 46226.57ms (      0 GFLOPS    0|0      GB/s)
*** AMD      270 E[90m_[0m[34m40[0m[90m_[0m[36m32[0m[90m_[0m[33m4[0m                                      arg  2 mem  17.58 GB tm      3.28us/ 46226.57ms (      9 GFLOPS    9|9      GB/s)
*** AMD      271 E[90m_[0m[34m40[0m[90m_[0m[36m32[0m[90m_[0m[33m4[0m                                      arg  2 mem  17.58 GB tm      3.32us/ 46226.58ms (      9 GFLOPS    9|9      GB/s)
*** AMD      272 E[90m_[0m[34m480[0m[90m_[0m[36m16[0m[90m_[0m[36m8[0m[90m_[0m[33m4[0m                                   arg  2 mem  17.58 GB tm      4.28us/ 46226.58ms (     86 GFLOPS  176|201    GB/s)
*** AMD      273 E[90m_[0m[34m480[0m[90m_[0m[36m16[0m[90m_[0m[36m8[0m[90m_[0m[33m4[0m                                   arg  2 mem  17.58 GB tm      4.12us/ 46226.59ms (     89 GFLOPS  183|209    GB/s)
*** AMD      274 E[90m_[0m[34m320[0m[90m_[0m[36m32[0m[90m_[0m[33m4[0m                                     arg  2 mem  17.58 GB tm      3.48us/ 46226.59ms (     71 GFLOPS   71|71     GB/s)
*** AMD      275 E[90m_[0m[34m3[0m[90m_[0m[36m4[0m[90m_[0m[33m4[0m                                        arg  2 mem  17.58 GB tm      3.36us/ 46226.59ms (      0 GFLOPS    0|0      GB/s)
*** AMD      276 E[90m_[0m[34m3[0m[90m_[0m[36m4[0m[90m_[0m[33m4[0m                                        arg  2 mem  17.58 GB tm      3.36us/ 46226.60ms (      0 GFLOPS    0|0      GB/s)
*** AMD      277 E[90m_[0m[36m32[0m[90m_[0m[33m4[0m                                         arg  2 mem  17.58 GB tm      3.32us/ 46226.60ms (      0 GFLOPS    0|0      GB/s)
*** AMD      278 E[90m_[0m[34m40[0m[90m_[0m[36m32[0m[90m_[0m[33m4[0m                                      arg  2 mem  17.58 GB tm      3.28us/ 46226.60ms (      9 GFLOPS    9|9      GB/s)
*** AMD      279 E[90m_[0m[34m40[0m[90m_[0m[36m32[0m[90m_[0m[33m4[0m                                      arg  2 mem  17.58 GB tm      3.32us/ 46226.61ms (      9 GFLOPS    9|9      GB/s)
*** AMD      280 E[90m_[0m[34m2[0m[90m_[0m[36m32[0m[90m_[0m[33m4[0m                                       arg  2 mem  17.58 GB tm      3.48us/ 46226.61ms (      0 GFLOPS    0|0      GB/s)
*** AMD      281 E[90m_[0m[34m2[0m[90m_[0m[36m32[0m[90m_[0m[33m4[0m                                       arg  2 mem  17.58 GB tm      3.36us/ 46226.61ms (      0 GFLOPS    0|0      GB/s)
*** AMD      282 E[90m_[0m[34m40[0m[90m_[0m[36m32[0m[90m_[0m[33m4[0m                                      arg  2 mem  17.58 GB tm      3.28us/ 46226.62ms (      9 GFLOPS    9|9      GB/s)
*** AMD      283 E[90m_[0m[34m40[0m[90m_[0m[36m32[0m[90m_[0m[33m4[0m                                      arg  2 mem  17.58 GB tm      3.28us/ 46226.62ms (      9 GFLOPS    9|9      GB/s)
*** AMD      284 E[90m_[0m[34m480[0m[90m_[0m[36m16[0m[90m_[0m[36m8[0m[90m_[0m[33m4[0m                                   arg  2 mem  17.58 GB tm      4.20us/ 46226.62ms (     88 GFLOPS  179|205    GB/s)
*** AMD      285 E[90m_[0m[34m480[0m[90m_[0m[36m16[0m[90m_[0m[36m8[0m[90m_[0m[33m4[0m                                   arg  2 mem  17.58 GB tm      4.16us/ 46226.63ms (     89 GFLOPS  181|207    GB/s)
*** AMD      286 E[90m_[0m[34m320[0m[90m_[0m[36m32[0m[90m_[0m[33m4[0m                                     arg  2 mem  17.58 GB tm      3.48us/ 46226.63ms (     71 GFLOPS   71|71     GB/s)
*** AMD      287 E[90m_[0m[34m3[0m[90m_[0m[36m4[0m[90m_[0m[33m4[0m                                        arg  2 mem  17.58 GB tm      3.36us/ 46226.63ms (      0 GFLOPS    0|0      GB/s)
*** AMD      288 E[90m_[0m[34m3[0m[90m_[0m[36m4[0m[90m_[0m[33m4[0m                                        arg  2 mem  17.58 GB tm      3.36us/ 46226.64ms (      0 GFLOPS    0|0      GB/s)
*** AMD      289 E[90m_[0m[36m32[0m[90m_[0m[33m4[0m                                         arg  2 mem  17.58 GB tm      3.36us/ 46226.64ms (      0 GFLOPS    0|0      GB/s)
*** AMD      290 E[90m_[0m[34m40[0m[90m_[0m[36m32[0m[90m_[0m[33m4[0m                                      arg  2 mem  17.58 GB tm      3.32us/ 46226.64ms (      9 GFLOPS    9|9      GB/s)
*** AMD      291 E[90m_[0m[34m40[0m[90m_[0m[36m32[0m[90m_[0m[33m4[0m                                      arg  2 mem  17.58 GB tm      3.28us/ 46226.65ms (      9 GFLOPS    9|9      GB/s)
*** AMD      292 E[90m_[0m[34m480[0m[90m_[0m[36m16[0m[90m_[0m[36m8[0m[90m_[0m[33m4[0m                                   arg  2 mem  17.58 GB tm      4.20us/ 46226.65ms (     88 GFLOPS  179|205    GB/s)
*** AMD      293 E[90m_[0m[34m480[0m[90m_[0m[36m16[0m[90m_[0m[36m8[0m[90m_[0m[33m4[0m                                   arg  2 mem  17.58 GB tm      4.24us/ 46226.66ms (     87 GFLOPS  178|203    GB/s)
*** AMD      294 E[90m_[0m[34m320[0m[90m_[0m[36m32[0m[90m_[0m[33m4[0m                                     arg  2 mem  17.58 GB tm      3.52us/ 46226.66ms (     70 GFLOPS   70|70     GB/s)
*** AMD      295 E[90m_[0m[34m3[0m[90m_[0m[36m4[0m[90m_[0m[33m4[0m                                        arg  2 mem  17.58 GB tm      3.36us/ 46226.66ms (      0 GFLOPS    0|0      GB/s)
*** AMD      296 E[90m_[0m[34m3[0m[90m_[0m[36m4[0m[90m_[0m[33m4[0m                                        arg  2 mem  17.58 GB tm      3.28us/ 46226.67ms (      0 GFLOPS    0|0      GB/s)
*** AMD      297 E[90m_[0m[36m32[0m[90m_[0m[33m4[0m                                         arg  2 mem  17.58 GB tm      3.36us/ 46226.67ms (      0 GFLOPS    0|0      GB/s)
*** AMD      298 E[90m_[0m[34m40[0m[90m_[0m[36m32[0m[90m_[0m[33m4[0m                                      arg  2 mem  17.58 GB tm      3.32us/ 46226.67ms (      9 GFLOPS    9|9      GB/s)
*** AMD      299 E[90m_[0m[34m40[0m[90m_[0m[36m32[0m[90m_[0m[33m4[0m                                      arg  2 mem  17.58 GB tm      3.32us/ 46226.68ms (      9 GFLOPS    9|9      GB/s)
*** AMD      300 E[90m_[0m[34m480[0m[90m_[0m[36m16[0m[90m_[0m[36m8[0m[90m_[0m[33m4[0m                                   arg  2 mem  17.58 GB tm      4.36us/ 46226.68ms (     85 GFLOPS  173|197    GB/s)
*** AMD      301 E[90m_[0m[34m480[0m[90m_[0m[36m16[0m[90m_[0m[36m8[0m[90m_[0m[33m4[0m                                   arg  2 mem  17.58 GB tm      4.24us/ 46226.68ms (     87 GFLOPS  178|203    GB/s)
*** AMD      302 E[90m_[0m[34m320[0m[90m_[0m[36m32[0m[90m_[0m[33m4[0m                                     arg  2 mem  17.58 GB tm      3.52us/ 46226.69ms (     70 GFLOPS   70|70     GB/s)
*** AMD      303 E[90m_[0m[34m3[0m[90m_[0m[36m4[0m[90m_[0m[33m4[0m                                        arg  2 mem  17.58 GB tm      3.36us/ 46226.69ms (      0 GFLOPS    0|0      GB/s)
*** AMD      304 E[90m_[0m[34m3[0m[90m_[0m[36m4[0m[90m_[0m[33m4[0m                                        arg  2 mem  17.58 GB tm      3.36us/ 46226.69ms (      0 GFLOPS    0|0      GB/s)
*** AMD      305 E[90m_[0m[36m32[0m[90m_[0m[33m4[0m                                         arg  2 mem  17.58 GB tm      3.36us/ 46226.70ms (      0 GFLOPS    0|0      GB/s)
*** AMD      306 E[90m_[0m[34m40[0m[90m_[0m[36m32[0m[90m_[0m[33m4[0m                                      arg  2 mem  17.58 GB tm      3.32us/ 46226.70ms (      9 GFLOPS    9|9      GB/s)
*** AMD      307 E[90m_[0m[34m40[0m[90m_[0m[36m32[0m[90m_[0m[33m4[0m                                      arg  2 mem  17.58 GB tm      3.28us/ 46226.70ms (      9 GFLOPS    9|9      GB/s)
*** AMD      308 E[90m_[0m[34m2[0m[90m_[0m[36m32[0m[90m_[0m[33m4[0m                                       arg  2 mem  17.58 GB tm      3.44us/ 46226.71ms (      0 GFLOPS    0|0      GB/s)
*** AMD      309 E[90m_[0m[34m2[0m[90m_[0m[36m32[0m[90m_[0m[33m4[0m                                       arg  2 mem  17.58 GB tm      3.40us/ 46226.71ms (      0 GFLOPS    0|0      GB/s)
*** AMD      310 E[90m_[0m[34m40[0m[90m_[0m[36m32[0m[90m_[0m[33m4[0m                                      arg  2 mem  17.58 GB tm      3.32us/ 46226.71ms (      9 GFLOPS    9|9      GB/s)
*** AMD      311 E[90m_[0m[34m40[0m[90m_[0m[36m32[0m[90m_[0m[33m4[0m                                      arg  2 mem  17.58 GB tm      3.28us/ 46226.72ms (      9 GFLOPS    9|9      GB/s)
*** AMD      312 E[90m_[0m[34m480[0m[90m_[0m[36m16[0m[90m_[0m[36m8[0m[90m_[0m[33m4[0m                                   arg  2 mem  17.58 GB tm      4.24us/ 46226.72ms (     87 GFLOPS  178|203    GB/s)
*** AMD      313 E[90m_[0m[34m480[0m[90m_[0m[36m16[0m[90m_[0m[36m8[0m[90m_[0m[33m4[0m                                   arg  2 mem  17.59 GB tm      4.16us/ 46226.73ms (     89 GFLOPS  181|207    GB/s)
*** AMD      314 E[90m_[0m[34m320[0m[90m_[0m[36m32[0m[90m_[0m[33m4[0m                                     arg  2 mem  17.59 GB tm      3.48us/ 46226.73ms (     71 GFLOPS   71|71     GB/s)
*** AMD      315 E[90m_[0m[34m3[0m[90m_[0m[36m4[0m[90m_[0m[33m4[0m                                        arg  2 mem  17.59 GB tm      3.40us/ 46226.73ms (      0 GFLOPS    0|0      GB/s)
*** AMD      316 E[90m_[0m[34m3[0m[90m_[0m[36m4[0m[90m_[0m[33m4[0m                                        arg  2 mem  17.59 GB tm      3.36us/ 46226.74ms (      0 GFLOPS    0|0      GB/s)
*** AMD      317 E[90m_[0m[36m32[0m[90m_[0m[33m4[0m                                         arg  2 mem  17.59 GB tm      3.40us/ 46226.74ms (      0 GFLOPS    0|0      GB/s)
*** AMD      318 E[90m_[0m[34m40[0m[90m_[0m[36m32[0m[90m_[0m[33m4[0m                                      arg  2 mem  17.59 GB tm      3.32us/ 46226.74ms (      9 GFLOPS    9|9      GB/s)
*** AMD      319 E[90m_[0m[34m40[0m[90m_[0m[36m32[0m[90m_[0m[33m4[0m                                      arg  2 mem  17.59 GB tm      3.32us/ 46226.75ms (      9 GFLOPS    9|9      GB/s)
*** AMD      320 E[90m_[0m[34m480[0m[90m_[0m[36m16[0m[90m_[0m[36m8[0m[90m_[0m[33m4[0m                                   arg  2 mem  17.59 GB tm      4.16us/ 46226.75ms (     89 GFLOPS  181|207    GB/s)
*** AMD      321 E[90m_[0m[34m480[0m[90m_[0m[36m16[0m[90m_[0m[36m8[0m[90m_[0m[33m4[0m                                   arg  2 mem  17.59 GB tm      4.16us/ 46226.76ms (     89 GFLOPS  181|207    GB/s)
*** AMD      322 E[90m_[0m[34m320[0m[90m_[0m[36m32[0m[90m_[0m[33m4[0m                                     arg  2 mem  17.59 GB tm      3.52us/ 46226.76ms (     70 GFLOPS   70|70     GB/s)
*** AMD      323 E[90m_[0m[34m3[0m[90m_[0m[36m4[0m[90m_[0m[33m4[0m                                        arg  2 mem  17.59 GB tm      3.36us/ 46226.76ms (      0 GFLOPS    0|0      GB/s)
*** AMD      324 E[90m_[0m[34m3[0m[90m_[0m[36m4[0m[90m_[0m[33m4[0m                                        arg  2 mem  17.59 GB tm      3.36us/ 46226.77ms (      0 GFLOPS    0|0      GB/s)
*** AMD      325 E[90m_[0m[36m32[0m[90m_[0m[33m4[0m                                         arg  2 mem  17.59 GB tm      3.32us/ 46226.77ms (      0 GFLOPS    0|0      GB/s)
*** AMD      326 E[90m_[0m[34m40[0m[90m_[0m[36m32[0m[90m_[0m[33m4[0m                                      arg  2 mem  17.59 GB tm      3.32us/ 46226.77ms (      9 GFLOPS    9|9      GB/s)
*** AMD      327 E[90m_[0m[34m40[0m[90m_[0m[36m32[0m[90m_[0m[33m4[0m                                      arg  2 mem  17.59 GB tm      3.32us/ 46226.78ms (      9 GFLOPS    9|9      GB/s)
*** AMD      328 E[90m_[0m[34m480[0m[90m_[0m[36m16[0m[90m_[0m[36m8[0m[90m_[0m[33m4[0m                                   arg  2 mem  17.59 GB tm      4.28us/ 46226.78ms (     86 GFLOPS  176|201    GB/s)
*** AMD      329 E[90m_[0m[34m480[0m[90m_[0m[36m16[0m[90m_[0m[36m8[0m[90m_[0m[33m4[0m                                   arg  2 mem  17.59 GB tm      4.12us/ 46226.78ms (     89 GFLOPS  183|209    GB/s)
*** AMD      330 E[90m_[0m[34m320[0m[90m_[0m[36m32[0m[90m_[0m[33m4[0m                                     arg  2 mem  17.59 GB tm      3.48us/ 46226.79ms (     71 GFLOPS   71|71     GB/s)
*** AMD      331 E[90m_[0m[34m3[0m[90m_[0m[36m4[0m[90m_[0m[33m4[0m                                        arg  2 mem  17.59 GB tm      3.40us/ 46226.79ms (      0 GFLOPS    0|0      GB/s)
*** AMD      332 E[90m_[0m[34m3[0m[90m_[0m[36m4[0m[90m_[0m[33m4[0m                                        arg  2 mem  17.59 GB tm      3.48us/ 46226.79ms (      0 GFLOPS    0|0      GB/s)
*** AMD      333 E[90m_[0m[36m32[0m[90m_[0m[33m4[0m                                         arg  2 mem  17.59 GB tm      3.40us/ 46226.80ms (      0 GFLOPS    0|0      GB/s)
*** AMD      334 E[90m_[0m[34m40[0m[90m_[0m[36m32[0m[90m_[0m[33m4[0m                                      arg  2 mem  17.59 GB tm      3.32us/ 46226.80ms (      9 GFLOPS    9|9      GB/s)
*** AMD      335 E[90m_[0m[34m40[0m[90m_[0m[36m32[0m[90m_[0m[33m4[0m                                      arg  2 mem  17.59 GB tm      3.28us/ 46226.80ms (      9 GFLOPS    9|9      GB/s)
*** AMD      336 E[90m_[0m[34m2[0m[90m_[0m[36m32[0m[90m_[0m[33m4[0m                                       arg  2 mem  17.59 GB tm      3.48us/ 46226.81ms (      0 GFLOPS    0|0      GB/s)
*** AMD      337 E[90m_[0m[34m2[0m[90m_[0m[36m32[0m[90m_[0m[33m4[0m                                       arg  2 mem  17.59 GB tm      3.36us/ 46226.81ms (      0 GFLOPS    0|0      GB/s)
*** AMD      338 E[90m_[0m[34m40[0m[90m_[0m[36m32[0m[90m_[0m[33m4[0m                                      arg  2 mem  17.59 GB tm      3.32us/ 46226.81ms (      9 GFLOPS    9|9      GB/s)
*** AMD      339 E[90m_[0m[34m40[0m[90m_[0m[36m32[0m[90m_[0m[33m4[0m                                      arg  2 mem  17.59 GB tm      3.28us/ 46226.82ms (      9 GFLOPS    9|9      GB/s)
*** AMD      340 E[90m_[0m[34m480[0m[90m_[0m[36m16[0m[90m_[0m[36m8[0m[90m_[0m[33m4[0m                                   arg  2 mem  17.59 GB tm      4.28us/ 46226.82ms (     86 GFLOPS  176|201    GB/s)
*** AMD      341 E[90m_[0m[34m480[0m[90m_[0m[36m16[0m[90m_[0m[36m8[0m[90m_[0m[33m4[0m                                   arg  2 mem  17.59 GB tm      4.20us/ 46226.83ms (     88 GFLOPS  179|205    GB/s)
*** AMD      342 E[90m_[0m[34m320[0m[90m_[0m[36m32[0m[90m_[0m[33m4[0m                                     arg  2 mem  17.59 GB tm      3.60us/ 46226.83ms (     68 GFLOPS   68|68     GB/s)
*** AMD      343 E[90m_[0m[34m3[0m[90m_[0m[36m4[0m[90m_[0m[33m4[0m                                        arg  2 mem  17.59 GB tm      3.32us/ 46226.83ms (      0 GFLOPS    0|0      GB/s)
*** AMD      344 E[90m_[0m[34m3[0m[90m_[0m[36m4[0m[90m_[0m[33m4[0m                                        arg  2 mem  17.59 GB tm      3.40us/ 46226.84ms (      0 GFLOPS    0|0      GB/s)
*** AMD      345 E[90m_[0m[36m32[0m[90m_[0m[33m4[0m                                         arg  2 mem  17.59 GB tm      3.32us/ 46226.84ms (      0 GFLOPS    0|0      GB/s)
*** AMD      346 E[90m_[0m[34m40[0m[90m_[0m[36m32[0m[90m_[0m[33m4[0m                                      arg  2 mem  17.59 GB tm      3.32us/ 46226.84ms (      9 GFLOPS    9|9      GB/s)
*** AMD      347 E[90m_[0m[34m40[0m[90m_[0m[36m32[0m[90m_[0m[33m4[0m                                      arg  2 mem  17.59 GB tm      3.32us/ 46226.85ms (      9 GFLOPS    9|9      GB/s)
*** AMD      348 E[90m_[0m[34m480[0m[90m_[0m[36m16[0m[90m_[0m[36m8[0m[90m_[0m[33m4[0m                                   arg  2 mem  17.59 GB tm      4.36us/ 46226.85ms (     85 GFLOPS  173|197    GB/s)
*** AMD      349 E[90m_[0m[34m480[0m[90m_[0m[36m16[0m[90m_[0m[36m8[0m[90m_[0m[33m4[0m                                   arg  2 mem  17.59 GB tm      4.20us/ 46226.85ms (     88 GFLOPS  179|205    GB/s)
*** AMD      350 E[90m_[0m[34m320[0m[90m_[0m[36m32[0m[90m_[0m[33m4[0m                                     arg  2 mem  17.59 GB tm      3.48us/ 46226.86ms (     71 GFLOPS   71|71     GB/s)
*** AMD      351 E[90m_[0m[34m3[0m[90m_[0m[36m4[0m[90m_[0m[33m4[0m                                        arg  2 mem  17.59 GB tm      3.40us/ 46226.86ms (      0 GFLOPS    0|0      GB/s)
*** AMD      352 E[90m_[0m[34m3[0m[90m_[0m[36m4[0m[90m_[0m[33m4[0m                                        arg  2 mem  17.59 GB tm      3.40us/ 46226.87ms (      0 GFLOPS    0|0      GB/s)
*** AMD      353 E[90m_[0m[36m32[0m[90m_[0m[33m4[0m                                         arg  2 mem  17.59 GB tm      3.32us/ 46226.87ms (      0 GFLOPS    0|0      GB/s)
*** AMD      354 E[90m_[0m[34m40[0m[90m_[0m[36m32[0m[90m_[0m[33m4[0m                                      arg  2 mem  17.59 GB tm      3.32us/ 46226.87ms (      9 GFLOPS    9|9      GB/s)
*** AMD      355 E[90m_[0m[34m40[0m[90m_[0m[36m32[0m[90m_[0m[33m4[0m                                      arg  2 mem  17.59 GB tm      3.28us/ 46226.87ms (      9 GFLOPS    9|9      GB/s)
*** AMD      356 E[90m_[0m[34m480[0m[90m_[0m[36m16[0m[90m_[0m[36m8[0m[90m_[0m[33m4[0m                                   arg  2 mem  17.59 GB tm      4.28us/ 46226.88ms (     86 GFLOPS  176|201    GB/s)
*** AMD      357 E[90m_[0m[34m480[0m[90m_[0m[36m16[0m[90m_[0m[36m8[0m[90m_[0m[33m4[0m                                   arg  2 mem  17.59 GB tm      4.08us/ 46226.88ms (     90 GFLOPS  184|211    GB/s)
*** AMD      358 E[90m_[0m[34m320[0m[90m_[0m[36m32[0m[90m_[0m[33m4[0m                                     arg  2 mem  17.59 GB tm      3.48us/ 46226.89ms (     71 GFLOPS   71|71     GB/s)
*** AMD      359 E[90m_[0m[34m3[0m[90m_[0m[36m4[0m[90m_[0m[33m4[0m                                        arg  2 mem  17.59 GB tm      3.36us/ 46226.89ms (      0 GFLOPS    0|0      GB/s)
*** AMD      360 E[90m_[0m[34m3[0m[90m_[0m[36m4[0m[90m_[0m[33m4[0m                                        arg  2 mem  17.59 GB tm      3.40us/ 46226.89ms (      0 GFLOPS    0|0      GB/s)
*** AMD      361 E[90m_[0m[36m32[0m[90m_[0m[33m4[0m                                         arg  2 mem  17.59 GB tm      3.36us/ 46226.90ms (      0 GFLOPS    0|0      GB/s)
*** AMD      362 E[90m_[0m[34m40[0m[90m_[0m[36m32[0m[90m_[0m[33m4[0m                                      arg  2 mem  17.59 GB tm      3.32us/ 46226.90ms (      9 GFLOPS    9|9      GB/s)
*** AMD      363 E[90m_[0m[34m40[0m[90m_[0m[36m32[0m[90m_[0m[33m4[0m                                      arg  2 mem  17.59 GB tm      3.32us/ 46226.90ms (      9 GFLOPS    9|9      GB/s)
*** AMD      364 E[90m_[0m[34m2[0m[90m_[0m[36m32[0m[90m_[0m[33m4[0m                                       arg  2 mem  17.59 GB tm      3.44us/ 46226.91ms (      0 GFLOPS    0|0      GB/s)
*** AMD      365 E[90m_[0m[34m2[0m[90m_[0m[36m32[0m[90m_[0m[33m4[0m                                       arg  2 mem  17.59 GB tm      3.32us/ 46226.91ms (      0 GFLOPS    0|0      GB/s)
*** AMD      366 E[90m_[0m[34m40[0m[90m_[0m[36m32[0m[90m_[0m[33m4[0m                                      arg  2 mem  17.59 GB tm      3.32us/ 46226.91ms (      9 GFLOPS    9|9      GB/s)
*** AMD      367 E[90m_[0m[34m40[0m[90m_[0m[36m32[0m[90m_[0m[33m4[0m                                      arg  2 mem  17.59 GB tm      3.28us/ 46226.92ms (      9 GFLOPS    9|9      GB/s)
*** AMD      368 E[90m_[0m[34m480[0m[90m_[0m[36m16[0m[90m_[0m[36m8[0m[90m_[0m[33m4[0m                                   arg  2 mem  17.59 GB tm      4.32us/ 46226.92ms (     85 GFLOPS  174|199    GB/s)
*** AMD      369 E[90m_[0m[34m480[0m[90m_[0m[36m16[0m[90m_[0m[36m8[0m[90m_[0m[33m4[0m                                   arg  2 mem  17.59 GB tm      4.16us/ 46226.93ms (     89 GFLOPS  181|207    GB/s)
*** AMD      370 E[90m_[0m[34m320[0m[90m_[0m[36m32[0m[90m_[0m[33m4[0m                                     arg  2 mem  17.59 GB tm      3.48us/ 46226.93ms (     71 GFLOPS   71|71     GB/s)
*** AMD      371 E[90m_[0m[34m3[0m[90m_[0m[36m4[0m[90m_[0m[33m4[0m                                        arg  2 mem  17.59 GB tm      3.32us/ 46226.93ms (      0 GFLOPS    0|0      GB/s)
*** AMD      372 E[90m_[0m[34m3[0m[90m_[0m[36m4[0m[90m_[0m[33m4[0m                                        arg  2 mem  17.59 GB tm      3.36us/ 46226.94ms (      0 GFLOPS    0|0      GB/s)
*** AMD      373 E[90m_[0m[36m32[0m[90m_[0m[33m4[0m                                         arg  2 mem  17.59 GB tm      3.36us/ 46226.94ms (      0 GFLOPS    0|0      GB/s)
*** AMD      374 E[90m_[0m[34m40[0m[90m_[0m[36m32[0m[90m_[0m[33m4[0m                                      arg  2 mem  17.59 GB tm      3.28us/ 46226.94ms (      9 GFLOPS    9|9      GB/s)
*** AMD      375 E[90m_[0m[34m40[0m[90m_[0m[36m32[0m[90m_[0m[33m4[0m                                      arg  2 mem  17.59 GB tm      3.32us/ 46226.95ms (      9 GFLOPS    9|9      GB/s)
*** AMD      376 E[90m_[0m[34m480[0m[90m_[0m[36m16[0m[90m_[0m[36m8[0m[90m_[0m[33m4[0m                                   arg  2 mem  17.59 GB tm      4.28us/ 46226.95ms (     86 GFLOPS  176|201    GB/s)
*** AMD      377 E[90m_[0m[34m480[0m[90m_[0m[36m16[0m[90m_[0m[36m8[0m[90m_[0m[33m4[0m                                   arg  2 mem  17.59 GB tm      4.16us/ 46226.95ms (     89 GFLOPS  181|207    GB/s)
*** AMD      378 E[90m_[0m[34m320[0m[90m_[0m[36m32[0m[90m_[0m[33m4[0m                                     arg  2 mem  17.59 GB tm      3.48us/ 46226.96ms (     71 GFLOPS   71|71     GB/s)
*** AMD      379 E[90m_[0m[34m3[0m[90m_[0m[36m4[0m[90m_[0m[33m4[0m                                        arg  2 mem  17.59 GB tm      3.36us/ 46226.96ms (      0 GFLOPS    0|0      GB/s)
*** AMD      380 E[90m_[0m[34m3[0m[90m_[0m[36m4[0m[90m_[0m[33m4[0m                                        arg  2 mem  17.59 GB tm      3.36us/ 46226.96ms (      0 GFLOPS    0|0      GB/s)
*** AMD      381 E[90m_[0m[36m32[0m[90m_[0m[33m4[0m                                         arg  2 mem  17.59 GB tm      3.32us/ 46226.97ms (      0 GFLOPS    0|0      GB/s)
*** AMD      382 E[90m_[0m[34m40[0m[90m_[0m[36m32[0m[90m_[0m[33m4[0m                                      arg  2 mem  17.59 GB tm      3.28us/ 46226.97ms (      9 GFLOPS    9|9      GB/s)
*** AMD      383 E[90m_[0m[34m40[0m[90m_[0m[36m32[0m[90m_[0m[33m4[0m                                      arg  2 mem  17.59 GB tm      3.28us/ 46226.97ms (      9 GFLOPS    9|9      GB/s)
*** AMD      384 E[90m_[0m[34m480[0m[90m_[0m[36m16[0m[90m_[0m[36m8[0m[90m_[0m[33m4[0m                                   arg  2 mem  17.59 GB tm      4.28us/ 46226.98ms (     86 GFLOPS  176|201    GB/s)
*** AMD      385 E[90m_[0m[34m480[0m[90m_[0m[36m16[0m[90m_[0m[36m8[0m[90m_[0m[33m4[0m                                   arg  2 mem  17.59 GB tm      4.12us/ 46226.98ms (     89 GFLOPS  183|209    GB/s)
*** AMD      386 E[90m_[0m[34m320[0m[90m_[0m[36m32[0m[90m_[0m[33m4[0m                                     arg  2 mem  17.59 GB tm      3.44us/ 46226.99ms (     71 GFLOPS   71|71     GB/s)
*** AMD      387 E[90m_[0m[34m3[0m[90m_[0m[36m4[0m[90m_[0m[33m4[0m                                        arg  2 mem  17.59 GB tm      3.32us/ 46226.99ms (      0 GFLOPS    0|0      GB/s)
*** AMD      388 E[90m_[0m[34m3[0m[90m_[0m[36m4[0m[90m_[0m[33m4[0m                                        arg  2 mem  17.59 GB tm      3.32us/ 46226.99ms (      0 GFLOPS    0|0      GB/s)
*** AMD      389 E[90m_[0m[36m32[0m[90m_[0m[33m4[0m                                         arg  2 mem  17.59 GB tm      3.28us/ 46227.00ms (      0 GFLOPS    0|0      GB/s)
*** AMD      390 E[90m_[0m[34m40[0m[90m_[0m[36m32[0m[90m_[0m[33m4[0m                                      arg  2 mem  17.59 GB tm      3.32us/ 46227.00ms (      9 GFLOPS    9|9      GB/s)
*** AMD      391 E[90m_[0m[34m40[0m[90m_[0m[36m32[0m[90m_[0m[33m4[0m                                      arg  2 mem  17.59 GB tm      3.32us/ 46227.00ms (      9 GFLOPS    9|9      GB/s)
*** AMD      392 E[90m_[0m[34m2[0m[90m_[0m[36m32[0m[90m_[0m[33m4[0m                                       arg  2 mem  17.59 GB tm      3.44us/ 46227.01ms (      0 GFLOPS    0|0      GB/s)
*** AMD      393 E[90m_[0m[34m2[0m[90m_[0m[36m32[0m[90m_[0m[33m4[0m                                       arg  2 mem  17.59 GB tm      3.40us/ 46227.01ms (      0 GFLOPS    0|0      GB/s)
*** AMD      394 E[90m_[0m[34m40[0m[90m_[0m[36m32[0m[90m_[0m[33m4[0m                                      arg  2 mem  17.59 GB tm      3.28us/ 46227.01ms (      9 GFLOPS    9|9      GB/s)
*** AMD      395 E[90m_[0m[34m40[0m[90m_[0m[36m32[0m[90m_[0m[33m4[0m                                      arg  2 mem  17.59 GB tm      3.32us/ 46227.02ms (      9 GFLOPS    9|9      GB/s)
*** AMD      396 E[90m_[0m[34m480[0m[90m_[0m[36m16[0m[90m_[0m[36m8[0m[90m_[0m[33m4[0m                                   arg  2 mem  17.59 GB tm      4.28us/ 46227.02ms (     86 GFLOPS  176|201    GB/s)
*** AMD      397 E[90m_[0m[34m480[0m[90m_[0m[36m16[0m[90m_[0m[36m8[0m[90m_[0m[33m4[0m                                   arg  2 mem  17.60 GB tm      4.00us/ 46227.02ms (     92 GFLOPS  188|215    GB/s)
*** AMD      398 E[90m_[0m[34m320[0m[90m_[0m[36m32[0m[90m_[0m[33m4[0m                                     arg  2 mem  17.60 GB tm      3.48us/ 46227.03ms (     71 GFLOPS   71|71     GB/s)
*** AMD      399 E[90m_[0m[34m3[0m[90m_[0m[36m4[0m[90m_[0m[33m4[0m                                        arg  2 mem  17.60 GB tm      3.32us/ 46227.03ms (      0 GFLOPS    0|0      GB/s)
*** AMD      400 E[90m_[0m[34m3[0m[90m_[0m[36m4[0m[90m_[0m[33m4[0m                                        arg  2 mem  17.60 GB tm      3.28us/ 46227.03ms (      0 GFLOPS    0|0      GB/s)
*** AMD      401 E[90m_[0m[36m32[0m[90m_[0m[33m4[0m                                         arg  2 mem  17.60 GB tm      3.40us/ 46227.04ms (      0 GFLOPS    0|0      GB/s)
*** AMD      402 E[90m_[0m[34m40[0m[90m_[0m[36m32[0m[90m_[0m[33m4[0m                                      arg  2 mem  17.60 GB tm      3.32us/ 46227.04ms (      9 GFLOPS    9|9      GB/s)
*** AMD      403 E[90m_[0m[34m40[0m[90m_[0m[36m32[0m[90m_[0m[33m4[0m                                      arg  2 mem  17.60 GB tm      3.36us/ 46227.04ms (      9 GFLOPS    9|9      GB/s)
*** AMD      404 E[90m_[0m[34m480[0m[90m_[0m[36m16[0m[90m_[0m[36m8[0m[90m_[0m[33m4[0m                                   arg  2 mem  17.60 GB tm      4.40us/ 46227.05ms (     84 GFLOPS  171|195    GB/s)
*** AMD      405 E[90m_[0m[34m480[0m[90m_[0m[36m16[0m[90m_[0m[36m8[0m[90m_[0m[33m4[0m                                   arg  2 mem  17.60 GB tm      4.12us/ 46227.05ms (     89 GFLOPS  183|209    GB/s)
*** AMD      406 E[90m_[0m[34m320[0m[90m_[0m[36m32[0m[90m_[0m[33m4[0m                                     arg  2 mem  17.60 GB tm      3.48us/ 46227.06ms (     71 GFLOPS   71|71     GB/s)
*** AMD      407 E[90m_[0m[34m3[0m[90m_[0m[36m4[0m[90m_[0m[33m4[0m                                        arg  2 mem  17.60 GB tm      3.40us/ 46227.06ms (      0 GFLOPS    0|0      GB/s)
*** AMD      408 E[90m_[0m[34m3[0m[90m_[0m[36m4[0m[90m_[0m[33m4[0m                                        arg  2 mem  17.60 GB tm      3.32us/ 46227.06ms (      0 GFLOPS    0|0      GB/s)
*** AMD      409 E[90m_[0m[36m32[0m[90m_[0m[33m4[0m                                         arg  2 mem  17.60 GB tm      3.32us/ 46227.07ms (      0 GFLOPS    0|0      GB/s)
*** AMD      410 E[90m_[0m[34m40[0m[90m_[0m[36m32[0m[90m_[0m[33m4[0m                                      arg  2 mem  17.60 GB tm      3.32us/ 46227.07ms (      9 GFLOPS    9|9      GB/s)
*** AMD      411 E[90m_[0m[34m40[0m[90m_[0m[36m32[0m[90m_[0m[33m4[0m                                      arg  2 mem  17.60 GB tm      3.32us/ 46227.07ms (      9 GFLOPS    9|9      GB/s)
*** AMD      412 E[90m_[0m[34m480[0m[90m_[0m[36m16[0m[90m_[0m[36m8[0m[90m_[0m[33m4[0m                                   arg  2 mem  17.60 GB tm      4.32us/ 46227.08ms (     85 GFLOPS  174|199    GB/s)
*** AMD      413 E[90m_[0m[34m480[0m[90m_[0m[36m16[0m[90m_[0m[36m8[0m[90m_[0m[33m4[0m                                   arg  2 mem  17.60 GB tm      4.08us/ 46227.08ms (     90 GFLOPS  184|211    GB/s)
*** AMD      414 E[90m_[0m[34m320[0m[90m_[0m[36m32[0m[90m_[0m[33m4[0m                                     arg  2 mem  17.60 GB tm      3.48us/ 46227.08ms (     71 GFLOPS   71|71     GB/s)
*** AMD      415 E[90m_[0m[34m3[0m[90m_[0m[36m4[0m[90m_[0m[33m4[0m                                        arg  2 mem  17.60 GB tm      3.40us/ 46227.09ms (      0 GFLOPS    0|0      GB/s)
*** AMD      416 E[90m_[0m[34m3[0m[90m_[0m[36m4[0m[90m_[0m[33m4[0m                                        arg  2 mem  17.60 GB tm      3.36us/ 46227.09ms (      0 GFLOPS    0|0      GB/s)
*** AMD      417 E[90m_[0m[36m32[0m[90m_[0m[33m4[0m                                         arg  2 mem  17.60 GB tm      3.36us/ 46227.10ms (      0 GFLOPS    0|0      GB/s)
*** AMD      418 E[90m_[0m[34m40[0m[90m_[0m[36m32[0m[90m_[0m[33m4[0m                                      arg  2 mem  17.60 GB tm      3.36us/ 46227.10ms (      9 GFLOPS    9|9      GB/s)
*** AMD      419 E[90m_[0m[34m40[0m[90m_[0m[36m32[0m[90m_[0m[33m4[0m                                      arg  2 mem  17.60 GB tm      3.36us/ 46227.10ms (      9 GFLOPS    9|9      GB/s)
*** AMD      420 E[90m_[0m[34m2[0m[90m_[0m[36m32[0m[90m_[0m[33m4[0m                                       arg  2 mem  17.60 GB tm      3.52us/ 46227.11ms (      0 GFLOPS    0|0      GB/s)
*** AMD      421 E[90m_[0m[34m2[0m[90m_[0m[36m32[0m[90m_[0m[33m4[0m                                       arg  2 mem  17.60 GB tm      3.40us/ 46227.11ms (      0 GFLOPS    0|0      GB/s)
*** AMD      422 E[90m_[0m[34m40[0m[90m_[0m[36m32[0m[90m_[0m[33m4[0m                                      arg  2 mem  17.60 GB tm      3.28us/ 46227.11ms (      9 GFLOPS    9|9      GB/s)
*** AMD      423 E[90m_[0m[34m40[0m[90m_[0m[36m32[0m[90m_[0m[33m4[0m                                      arg  2 mem  17.60 GB tm      3.32us/ 46227.12ms (      9 GFLOPS    9|9      GB/s)
*** AMD      424 E[90m_[0m[34m480[0m[90m_[0m[36m16[0m[90m_[0m[36m8[0m[90m_[0m[33m4[0m                                   arg  2 mem  17.60 GB tm      4.32us/ 46227.12ms (     85 GFLOPS  174|199    GB/s)
*** AMD      425 E[90m_[0m[34m480[0m[90m_[0m[36m16[0m[90m_[0m[36m8[0m[90m_[0m[33m4[0m                                   arg  2 mem  17.60 GB tm      4.16us/ 46227.12ms (     89 GFLOPS  181|207    GB/s)
*** AMD      426 E[90m_[0m[34m320[0m[90m_[0m[36m32[0m[90m_[0m[33m4[0m                                     arg  2 mem  17.60 GB tm      3.48us/ 46227.13ms (     71 GFLOPS   71|71     GB/s)
*** AMD      427 E[90m_[0m[34m3[0m[90m_[0m[36m4[0m[90m_[0m[33m4[0m                                        arg  2 mem  17.60 GB tm      3.40us/ 46227.13ms (      0 GFLOPS    0|0      GB/s)
*** AMD      428 E[90m_[0m[34m3[0m[90m_[0m[36m4[0m[90m_[0m[33m4[0m                                        arg  2 mem  17.60 GB tm      3.36us/ 46227.13ms (      0 GFLOPS    0|0      GB/s)
*** AMD      429 E[90m_[0m[36m32[0m[90m_[0m[33m4[0m                                         arg  2 mem  17.60 GB tm      3.36us/ 46227.14ms (      0 GFLOPS    0|0      GB/s)
*** AMD      430 E[90m_[0m[34m40[0m[90m_[0m[36m32[0m[90m_[0m[33m4[0m                                      arg  2 mem  17.60 GB tm      3.32us/ 46227.14ms (      9 GFLOPS    9|9      GB/s)
*** AMD      431 E[90m_[0m[34m40[0m[90m_[0m[36m32[0m[90m_[0m[33m4[0m                                      arg  2 mem  17.60 GB tm      3.28us/ 46227.14ms (      9 GFLOPS    9|9      GB/s)
*** AMD      432 E[90m_[0m[34m480[0m[90m_[0m[36m16[0m[90m_[0m[36m8[0m[90m_[0m[33m4[0m                                   arg  2 mem  17.60 GB tm      4.28us/ 46227.15ms (     86 GFLOPS  176|201    GB/s)
*** AMD      433 E[90m_[0m[34m480[0m[90m_[0m[36m16[0m[90m_[0m[36m8[0m[90m_[0m[33m4[0m                                   arg  2 mem  17.60 GB tm      4.20us/ 46227.15ms (     88 GFLOPS  179|205    GB/s)
*** AMD      434 E[90m_[0m[34m320[0m[90m_[0m[36m32[0m[90m_[0m[33m4[0m                                     arg  2 mem  17.60 GB tm      3.44us/ 46227.16ms (     71 GFLOPS   71|71     GB/s)
*** AMD      435 E[90m_[0m[34m3[0m[90m_[0m[36m4[0m[90m_[0m[33m4[0m                                        arg  2 mem  17.60 GB tm      3.32us/ 46227.16ms (      0 GFLOPS    0|0      GB/s)
*** AMD      436 E[90m_[0m[34m3[0m[90m_[0m[36m4[0m[90m_[0m[33m4[0m                                        arg  2 mem  17.60 GB tm      3.28us/ 46227.16ms (      0 GFLOPS    0|0      GB/s)
*** AMD      437 E[90m_[0m[36m32[0m[90m_[0m[33m4[0m                                         arg  2 mem  17.60 GB tm      3.32us/ 46227.17ms (      0 GFLOPS    0|0      GB/s)
*** AMD      438 E[90m_[0m[34m40[0m[90m_[0m[36m32[0m[90m_[0m[33m4[0m                                      arg  2 mem  17.60 GB tm      3.32us/ 46227.17ms (      9 GFLOPS    9|9      GB/s)
*** AMD      439 E[90m_[0m[34m40[0m[90m_[0m[36m32[0m[90m_[0m[33m4[0m                                      arg  2 mem  17.60 GB tm      3.28us/ 46227.17ms (      9 GFLOPS    9|9      GB/s)
*** AMD      440 E[90m_[0m[34m480[0m[90m_[0m[36m16[0m[90m_[0m[36m8[0m[90m_[0m[33m4[0m                                   arg  2 mem  17.60 GB tm      4.32us/ 46227.18ms (     85 GFLOPS  174|199    GB/s)
*** AMD      441 E[90m_[0m[34m480[0m[90m_[0m[36m16[0m[90m_[0m[36m8[0m[90m_[0m[33m4[0m                                   arg  2 mem  17.60 GB tm      4.24us/ 46227.18ms (     87 GFLOPS  178|203    GB/s)
*** AMD      442 E[90m_[0m[34m320[0m[90m_[0m[36m32[0m[90m_[0m[33m4[0m                                     arg  2 mem  17.60 GB tm      3.44us/ 46227.18ms (     71 GFLOPS   71|71     GB/s)
*** AMD      443 E[90m_[0m[34m3[0m[90m_[0m[36m4[0m[90m_[0m[33m4[0m                                        arg  2 mem  17.60 GB tm      3.44us/ 46227.19ms (      0 GFLOPS    0|0      GB/s)
*** AMD      444 E[90m_[0m[34m3[0m[90m_[0m[36m4[0m[90m_[0m[33m4[0m                                        arg  2 mem  17.60 GB tm      3.40us/ 46227.19ms (      0 GFLOPS    0|0      GB/s)
*** AMD      445 E[90m_[0m[36m32[0m[90m_[0m[33m4[0m                                         arg  2 mem  17.60 GB tm      3.32us/ 46227.19ms (      0 GFLOPS    0|0      GB/s)
*** AMD      446 E[90m_[0m[34m40[0m[90m_[0m[36m32[0m[90m_[0m[33m4[0m                                      arg  2 mem  17.60 GB tm      3.28us/ 46227.20ms (      9 GFLOPS    9|9      GB/s)
*** AMD      447 E[90m_[0m[34m40[0m[90m_[0m[36m32[0m[90m_[0m[33m4[0m                                      arg  2 mem  17.60 GB tm      3.60us/ 46227.20ms (      9 GFLOPS    9|9      GB/s)
*** AMD      448 E[90m_[0m[34m2[0m[90m_[0m[36m32[0m[90m_[0m[33m4[0m                                       arg  2 mem  17.60 GB tm      3.40us/ 46227.20ms (      0 GFLOPS    0|0      GB/s)
*** AMD      449 E[90m_[0m[34m2[0m[90m_[0m[36m32[0m[90m_[0m[33m4[0m                                       arg  2 mem  17.60 GB tm      3.32us/ 46227.21ms (      0 GFLOPS    0|0      GB/s)
*** AMD      450 E[90m_[0m[34m40[0m[90m_[0m[36m32[0m[90m_[0m[33m4[0m                                      arg  2 mem  17.60 GB tm      3.28us/ 46227.21ms (      9 GFLOPS    9|9      GB/s)
*** AMD      451 E[90m_[0m[34m40[0m[90m_[0m[36m32[0m[90m_[0m[33m4[0m                                      arg  2 mem  17.60 GB tm      3.40us/ 46227.21ms (      9 GFLOPS    9|9      GB/s)
*** AMD      452 E[90m_[0m[34m40[0m[90m_[0m[36m32[0m[90m_[0m[33m4[0m                                      arg  2 mem  17.60 GB tm      3.36us/ 46227.22ms (      9 GFLOPS    9|9      GB/s)
*** AMD      453 E[90m_[0m[34m2[0m[90m_[0m[36m32[0m[90m_[0m[33m4[0m                                       arg  2 mem  17.60 GB tm      3.56us/ 46227.22ms (      0 GFLOPS    0|0      GB/s)
*** AMD      454 E[90m_[0m[34m2[0m[90m_[0m[36m32[0m[90m_[0m[33m4[0m                                       arg  2 mem  17.60 GB tm      3.56us/ 46227.23ms (      0 GFLOPS    0|0      GB/s)
*** AMD      455 E[90m_[0m[34m40[0m[90m_[0m[36m32[0m[90m_[0m[33m4[0m                                      arg  2 mem  17.60 GB tm      3.40us/ 46227.23ms (      9 GFLOPS    9|9      GB/s)
*** AMD      456 E[90m_[0m[34m40[0m[90m_[0m[36m32[0m[90m_[0m[33m4[0m                                      arg  2 mem  17.60 GB tm      3.36us/ 46227.23ms (      9 GFLOPS    9|9      GB/s)
*** AMD      457 E[90m_[0m[34m40[0m[90m_[0m[36m32[0m[90m_[0m[33m4[0m                                      arg  2 mem  17.60 GB tm      3.28us/ 46227.24ms (      9 GFLOPS    9|9      GB/s)
loaded weights in 11270.25 ms
scheduled   216 kernels in   103.34 ms | CACHE MISS e3e93c71 |   36475 uops in cache | <frozen runpy>:88
compiling:   0%|                                          | 0/3 [00:00<?, ?it/s]compiling E[90m_[0m[36m32[0m[90m_[0m[33m4[0m                                  :  33%|▎| 1/3 [00:00<00:00,  8.78it/s]compiling E[90m_[0m[34m40[0m[90m_[0m[36m32[0m[90m_[0m[33m4[0m                               :  67%|▋| 2/3 [00:00<00:00, 16.24it/s]compiling E[90m_[0m[34m2[0m[90m_[0m[36m32[0m[90m_[0m[33m4[0m                                : 100%|█| 3/3 [00:00<00:00, 16.79it/s]compiling E[90m_[0m[34m2[0m[90m_[0m[36m32[0m[90m_[0m[33m4[0m                                : 100%|█| 3/3 [00:00<00:00, 16.79it/s]
[32m*** AMD      458[0m E[90m_[0m[34m40[0m[90m_[0m[36m32[0m[90m_[0m[33m4[0m                                      arg  2 mem  17.60 GB tm      2.88us/ 46227.24ms (      0 GFLOPS   11|11     GB/s)
*** AMD      459 E[90m_[0m[34m40[0m[90m_[0m[36m32[0m[90m_[0m[33m4[0m                                      arg  2 mem  17.60 GB tm      3.00us/ 46227.24ms (      0 GFLOPS   10|10     GB/s)
[32m*** AMD      460[0m E[90m_[0m[36m32[0m[90m_[0m[33m4[0m                                         arg  2 mem  17.60 GB tm      3.08us/ 46227.24ms (      0 GFLOPS    0|0      GB/s)
*** AMD      461 E[90m_[0m[34m40[0m[90m_[0m[36m32[0m[90m_[0m[33m4[0m                                      arg  2 mem  17.60 GB tm      3.04us/ 46227.25ms (      0 GFLOPS   10|10     GB/s)
*** AMD      462 E[90m_[0m[34m40[0m[90m_[0m[36m32[0m[90m_[0m[33m4[0m                                      arg  2 mem  17.60 GB tm      3.00us/ 46227.25ms (      0 GFLOPS   10|10     GB/s)
*** AMD      463 E[90m_[0m[36m32[0m[90m_[0m[33m4[0m                                         arg  2 mem  17.60 GB tm      3.08us/ 46227.25ms (      0 GFLOPS    0|0      GB/s)
*** AMD      464 E[90m_[0m[34m40[0m[90m_[0m[36m32[0m[90m_[0m[33m4[0m                                      arg  2 mem  17.60 GB tm      3.16us/ 46227.26ms (      0 GFLOPS   10|10     GB/s)
*** AMD      465 E[90m_[0m[34m40[0m[90m_[0m[36m32[0m[90m_[0m[33m4[0m                                      arg  2 mem  17.60 GB tm      3.04us/ 46227.26ms (      0 GFLOPS   10|10     GB/s)
*** AMD      466 E[90m_[0m[36m32[0m[90m_[0m[33m4[0m                                         arg  2 mem  17.60 GB tm      3.36us/ 46227.26ms (      0 GFLOPS    0|0      GB/s)
*** AMD      467 E[90m_[0m[34m40[0m[90m_[0m[36m32[0m[90m_[0m[33m4[0m                                      arg  2 mem  17.60 GB tm      3.24us/ 46227.27ms (      0 GFLOPS    9|9      GB/s)
*** AMD      468 E[90m_[0m[34m40[0m[90m_[0m[36m32[0m[90m_[0m[33m4[0m                                      arg  2 mem  17.60 GB tm      3.20us/ 46227.27ms (      0 GFLOPS   10|10     GB/s)
[32m*** AMD      469[0m E[90m_[0m[34m2[0m[90m_[0m[36m32[0m[90m_[0m[33m4[0m                                       arg  2 mem  17.60 GB tm      2.76us/ 46227.27ms (      0 GFLOPS    1|1      GB/s)
*** AMD      470 E[90m_[0m[34m2[0m[90m_[0m[36m32[0m[90m_[0m[33m4[0m                                       arg  2 mem  17.60 GB tm      3.24us/ 46227.28ms (      0 GFLOPS    0|0      GB/s)
*** AMD      471 E[90m_[0m[34m40[0m[90m_[0m[36m32[0m[90m_[0m[33m4[0m                                      arg  2 mem  17.60 GB tm      3.20us/ 46227.28ms (      0 GFLOPS   10|10     GB/s)
*** AMD      472 E[90m_[0m[34m40[0m[90m_[0m[36m32[0m[90m_[0m[33m4[0m                                      arg  2 mem  17.60 GB tm      3.20us/ 46227.28ms (      0 GFLOPS   10|10     GB/s)
*** AMD      473 E[90m_[0m[36m32[0m[90m_[0m[33m4[0m                                         arg  2 mem  17.60 GB tm      3.08us/ 46227.28ms (      0 GFLOPS    0|0      GB/s)
*** AMD      474 E[90m_[0m[34m40[0m[90m_[0m[36m32[0m[90m_[0m[33m4[0m                                      arg  2 mem  17.60 GB tm      3.20us/ 46227.29ms (      0 GFLOPS   10|10     GB/s)
*** AMD      475 E[90m_[0m[34m40[0m[90m_[0m[36m32[0m[90m_[0m[33m4[0m                                      arg  2 mem  17.60 GB tm      3.20us/ 46227.29ms (      0 GFLOPS   10|10     GB/s)
*** AMD      476 E[90m_[0m[36m32[0m[90m_[0m[33m4[0m                                         arg  2 mem  17.60 GB tm      3.16us/ 46227.29ms (      0 GFLOPS    0|0      GB/s)
*** AMD      477 E[90m_[0m[34m40[0m[90m_[0m[36m32[0m[90m_[0m[33m4[0m                                      arg  2 mem  17.60 GB tm      3.08us/ 46227.30ms (      0 GFLOPS   10|10     GB/s)
*** AMD      478 E[90m_[0m[34m40[0m[90m_[0m[36m32[0m[90m_[0m[33m4[0m                                      arg  2 mem  17.60 GB tm      3.16us/ 46227.30ms (      0 GFLOPS   10|10     GB/s)
*** AMD      479 E[90m_[0m[36m32[0m[90m_[0m[33m4[0m                                         arg  2 mem  17.60 GB tm      3.16us/ 46227.30ms (      0 GFLOPS    0|0      GB/s)
*** AMD      480 E[90m_[0m[34m40[0m[90m_[0m[36m32[0m[90m_[0m[33m4[0m                                      arg  2 mem  17.60 GB tm      3.20us/ 46227.31ms (      0 GFLOPS   10|10     GB/s)
*** AMD      481 E[90m_[0m[34m40[0m[90m_[0m[36m32[0m[90m_[0m[33m4[0m                                      arg  2 mem  17.60 GB tm      3.28us/ 46227.31ms (      0 GFLOPS    9|9      GB/s)
*** AMD      482 E[90m_[0m[34m2[0m[90m_[0m[36m32[0m[90m_[0m[33m4[0m                                       arg  2 mem  17.60 GB tm      3.28us/ 46227.31ms (      0 GFLOPS    0|0      GB/s)
*** AMD      483 E[90m_[0m[34m2[0m[90m_[0m[36m32[0m[90m_[0m[33m4[0m                                       arg  2 mem  17.60 GB tm      3.24us/ 46227.32ms (      0 GFLOPS    0|0      GB/s)
*** AMD      484 E[90m_[0m[34m40[0m[90m_[0m[36m32[0m[90m_[0m[33m4[0m                                      arg  2 mem  17.60 GB tm      3.36us/ 46227.32ms (      0 GFLOPS    9|9      GB/s)
*** AMD      485 E[90m_[0m[34m40[0m[90m_[0m[36m32[0m[90m_[0m[33m4[0m                                      arg  2 mem  17.60 GB tm      3.24us/ 46227.32ms (      0 GFLOPS    9|9      GB/s)
*** AMD      486 E[90m_[0m[36m32[0m[90m_[0m[33m4[0m                                         arg  2 mem  17.60 GB tm      3.20us/ 46227.33ms (      0 GFLOPS    0|0      GB/s)
*** AMD      487 E[90m_[0m[34m40[0m[90m_[0m[36m32[0m[90m_[0m[33m4[0m                                      arg  2 mem  17.60 GB tm      3.52us/ 46227.33ms (      0 GFLOPS    9|9      GB/s)
*** AMD      488 E[90m_[0m[34m40[0m[90m_[0m[36m32[0m[90m_[0m[33m4[0m                                      arg  2 mem  17.60 GB tm      3.40us/ 46227.33ms (      0 GFLOPS    9|9      GB/s)
*** AMD      489 E[90m_[0m[36m32[0m[90m_[0m[33m4[0m                                         arg  2 mem  17.60 GB tm      3.12us/ 46227.34ms (      0 GFLOPS    0|0      GB/s)
*** AMD      490 E[90m_[0m[34m40[0m[90m_[0m[36m32[0m[90m_[0m[33m4[0m                                      arg  2 mem  17.60 GB tm      3.52us/ 46227.34ms (      0 GFLOPS    9|9      GB/s)
*** AMD      491 E[90m_[0m[34m40[0m[90m_[0m[36m32[0m[90m_[0m[33m4[0m                                      arg  2 mem  17.60 GB tm      3.40us/ 46227.34ms (      0 GFLOPS    9|9      GB/s)
*** AMD      492 E[90m_[0m[36m32[0m[90m_[0m[33m4[0m                                         arg  2 mem  17.60 GB tm      3.24us/ 46227.35ms (      0 GFLOPS    0|0      GB/s)
*** AMD      493 E[90m_[0m[34m40[0m[90m_[0m[36m32[0m[90m_[0m[33m4[0m                                      arg  2 mem  17.60 GB tm      3.24us/ 46227.35ms (      0 GFLOPS    9|9      GB/s)
*** AMD      494 E[90m_[0m[34m40[0m[90m_[0m[36m32[0m[90m_[0m[33m4[0m                                      arg  2 mem  17.60 GB tm      3.40us/ 46227.35ms (      0 GFLOPS    9|9      GB/s)
*** AMD      495 E[90m_[0m[34m2[0m[90m_[0m[36m32[0m[90m_[0m[33m4[0m                                       arg  2 mem  17.60 GB tm      3.36us/ 46227.36ms (      0 GFLOPS    0|0      GB/s)
*** AMD      496 E[90m_[0m[34m2[0m[90m_[0m[36m32[0m[90m_[0m[33m4[0m                                       arg  2 mem  17.60 GB tm      3.40us/ 46227.36ms (      0 GFLOPS    0|0      GB/s)
*** AMD      497 E[90m_[0m[34m40[0m[90m_[0m[36m32[0m[90m_[0m[33m4[0m                                      arg  2 mem  17.60 GB tm      3.28us/ 46227.36ms (      0 GFLOPS    9|9      GB/s)
*** AMD      498 E[90m_[0m[34m40[0m[90m_[0m[36m32[0m[90m_[0m[33m4[0m                                      arg  2 mem  17.60 GB tm      3.40us/ 46227.37ms (      0 GFLOPS    9|9      GB/s)
*** AMD      499 E[90m_[0m[36m32[0m[90m_[0m[33m4[0m                                         arg  2 mem  17.60 GB tm      3.24us/ 46227.37ms (      0 GFLOPS    0|0      GB/s)
*** AMD      500 E[90m_[0m[34m40[0m[90m_[0m[36m32[0m[90m_[0m[33m4[0m                                      arg  2 mem  17.60 GB tm      3.36us/ 46227.37ms (      0 GFLOPS    9|9      GB/s)
*** AMD      501 E[90m_[0m[34m40[0m[90m_[0m[36m32[0m[90m_[0m[33m4[0m                                      arg  2 mem  17.60 GB tm      3.24us/ 46227.38ms (      0 GFLOPS    9|9      GB/s)
*** AMD      502 E[90m_[0m[36m32[0m[90m_[0m[33m4[0m                                         arg  2 mem  17.60 GB tm      3.20us/ 46227.38ms (      0 GFLOPS    0|0      GB/s)
*** AMD      503 E[90m_[0m[34m40[0m[90m_[0m[36m32[0m[90m_[0m[33m4[0m                                      arg  2 mem  17.60 GB tm      3.36us/ 46227.38ms (      0 GFLOPS    9|9      GB/s)
*** AMD      504 E[90m_[0m[34m40[0m[90m_[0m[36m32[0m[90m_[0m[33m4[0m                                      arg  2 mem  17.60 GB tm      3.36us/ 46227.39ms (      0 GFLOPS    9|9      GB/s)
*** AMD      505 E[90m_[0m[36m32[0m[90m_[0m[33m4[0m                                         arg  2 mem  17.60 GB tm      3.08us/ 46227.39ms (      0 GFLOPS    0|0      GB/s)
*** AMD      506 E[90m_[0m[34m40[0m[90m_[0m[36m32[0m[90m_[0m[33m4[0m                                      arg  2 mem  17.60 GB tm      3.36us/ 46227.39ms (      0 GFLOPS    9|9      GB/s)
*** AMD      507 E[90m_[0m[34m40[0m[90m_[0m[36m32[0m[90m_[0m[33m4[0m                                      arg  2 mem  17.60 GB tm      3.36us/ 46227.40ms (      0 GFLOPS    9|9      GB/s)
*** AMD      508 E[90m_[0m[34m2[0m[90m_[0m[36m32[0m[90m_[0m[33m4[0m                                       arg  2 mem  17.60 GB tm      3.32us/ 46227.40ms (      0 GFLOPS    0|0      GB/s)
*** AMD      509 E[90m_[0m[34m2[0m[90m_[0m[36m32[0m[90m_[0m[33m4[0m                                       arg  2 mem  17.60 GB tm      3.20us/ 46227.40ms (      0 GFLOPS    0|0      GB/s)
*** AMD      510 E[90m_[0m[34m40[0m[90m_[0m[36m32[0m[90m_[0m[33m4[0m                                      arg  2 mem  17.60 GB tm      3.40us/ 46227.41ms (      0 GFLOPS    9|9      GB/s)
*** AMD      511 E[90m_[0m[34m40[0m[90m_[0m[36m32[0m[90m_[0m[33m4[0m                                      arg  2 mem  17.60 GB tm      3.36us/ 46227.41ms (      0 GFLOPS    9|9      GB/s)
*** AMD      512 E[90m_[0m[36m32[0m[90m_[0m[33m4[0m                                         arg  2 mem  17.60 GB tm      3.20us/ 46227.41ms (      0 GFLOPS    0|0      GB/s)
*** AMD      513 E[90m_[0m[34m40[0m[90m_[0m[36m32[0m[90m_[0m[33m4[0m                                      arg  2 mem  17.60 GB tm      3.28us/ 46227.42ms (      0 GFLOPS    9|9      GB/s)
*** AMD      514 E[90m_[0m[34m40[0m[90m_[0m[36m32[0m[90m_[0m[33m4[0m                                      arg  2 mem  17.60 GB tm      3.36us/ 46227.42ms (      0 GFLOPS    9|9      GB/s)
*** AMD      515 E[90m_[0m[36m32[0m[90m_[0m[33m4[0m                                         arg  2 mem  17.60 GB tm      3.20us/ 46227.42ms (      0 GFLOPS    0|0      GB/s)
*** AMD      516 E[90m_[0m[34m40[0m[90m_[0m[36m32[0m[90m_[0m[33m4[0m                                      arg  2 mem  17.60 GB tm      3.32us/ 46227.43ms (      0 GFLOPS    9|9      GB/s)
*** AMD      517 E[90m_[0m[34m40[0m[90m_[0m[36m32[0m[90m_[0m[33m4[0m                                      arg  2 mem  17.60 GB tm      3.24us/ 46227.43ms (      0 GFLOPS    9|9      GB/s)
*** AMD      518 E[90m_[0m[36m32[0m[90m_[0m[33m4[0m                                         arg  2 mem  17.60 GB tm      3.12us/ 46227.43ms (      0 GFLOPS    0|0      GB/s)
*** AMD      519 E[90m_[0m[34m40[0m[90m_[0m[36m32[0m[90m_[0m[33m4[0m                                      arg  2 mem  17.60 GB tm      3.36us/ 46227.44ms (      0 GFLOPS    9|9      GB/s)
*** AMD      520 E[90m_[0m[34m40[0m[90m_[0m[36m32[0m[90m_[0m[33m4[0m                                      arg  2 mem  17.60 GB tm      3.44us/ 46227.44ms (      0 GFLOPS    9|9      GB/s)
*** AMD      521 E[90m_[0m[34m2[0m[90m_[0m[36m32[0m[90m_[0m[33m4[0m                                       arg  2 mem  17.60 GB tm      3.36us/ 46227.44ms (      0 GFLOPS    0|0      GB/s)
*** AMD      522 E[90m_[0m[34m2[0m[90m_[0m[36m32[0m[90m_[0m[33m4[0m                                       arg  2 mem  17.60 GB tm      3.44us/ 46227.45ms (      0 GFLOPS    0|0      GB/s)
*** AMD      523 E[90m_[0m[34m40[0m[90m_[0m[36m32[0m[90m_[0m[33m4[0m                                      arg  2 mem  17.60 GB tm      3.44us/ 46227.45ms (      0 GFLOPS    9|9      GB/s)
*** AMD      524 E[90m_[0m[34m40[0m[90m_[0m[36m32[0m[90m_[0m[33m4[0m                                      arg  2 mem  17.60 GB tm      3.48us/ 46227.45ms (      0 GFLOPS    9|9      GB/s)
*** AMD      525 E[90m_[0m[36m32[0m[90m_[0m[33m4[0m                                         arg  2 mem  17.60 GB tm      3.16us/ 46227.46ms (      0 GFLOPS    0|0      GB/s)
*** AMD      526 E[90m_[0m[34m40[0m[90m_[0m[36m32[0m[90m_[0m[33m4[0m                                      arg  2 mem  17.60 GB tm      3.44us/ 46227.46ms (      0 GFLOPS    9|9      GB/s)
*** AMD      527 E[90m_[0m[34m40[0m[90m_[0m[36m32[0m[90m_[0m[33m4[0m                                      arg  2 mem  17.60 GB tm      3.44us/ 46227.46ms (      0 GFLOPS    9|9      GB/s)
*** AMD      528 E[90m_[0m[36m32[0m[90m_[0m[33m4[0m                                         arg  2 mem  17.60 GB tm      3.28us/ 46227.47ms (      0 GFLOPS    0|0      GB/s)
*** AMD      529 E[90m_[0m[34m40[0m[90m_[0m[36m32[0m[90m_[0m[33m4[0m                                      arg  2 mem  17.60 GB tm      3.32us/ 46227.47ms (      0 GFLOPS    9|9      GB/s)
*** AMD      530 E[90m_[0m[34m40[0m[90m_[0m[36m32[0m[90m_[0m[33m4[0m                                      arg  2 mem  17.60 GB tm      3.44us/ 46227.47ms (      0 GFLOPS    9|9      GB/s)
*** AMD      531 E[90m_[0m[36m32[0m[90m_[0m[33m4[0m                                         arg  2 mem  17.60 GB tm      3.28us/ 46227.48ms (      0 GFLOPS    0|0      GB/s)
*** AMD      532 E[90m_[0m[34m40[0m[90m_[0m[36m32[0m[90m_[0m[33m4[0m                                      arg  2 mem  17.60 GB tm      3.48us/ 46227.48ms (      0 GFLOPS    9|9      GB/s)
*** AMD      533 E[90m_[0m[34m40[0m[90m_[0m[36m32[0m[90m_[0m[33m4[0m                                      arg  2 mem  17.60 GB tm      3.36us/ 46227.48ms (      0 GFLOPS    9|9      GB/s)
*** AMD      534 E[90m_[0m[34m2[0m[90m_[0m[36m32[0m[90m_[0m[33m4[0m                                       arg  2 mem  17.60 GB tm      3.48us/ 46227.49ms (      0 GFLOPS    0|0      GB/s)
*** AMD      535 E[90m_[0m[34m2[0m[90m_[0m[36m32[0m[90m_[0m[33m4[0m                                       arg  2 mem  17.60 GB tm      3.40us/ 46227.49ms (      0 GFLOPS    0|0      GB/s)
*** AMD      536 E[90m_[0m[34m40[0m[90m_[0m[36m32[0m[90m_[0m[33m4[0m                                      arg  2 mem  17.60 GB tm      3.48us/ 46227.49ms (      0 GFLOPS    9|9      GB/s)
*** AMD      537 E[90m_[0m[34m40[0m[90m_[0m[36m32[0m[90m_[0m[33m4[0m                                      arg  2 mem  17.60 GB tm      3.36us/ 46227.50ms (      0 GFLOPS    9|9      GB/s)
*** AMD      538 E[90m_[0m[36m32[0m[90m_[0m[33m4[0m                                         arg  2 mem  17.60 GB tm      3.48us/ 46227.50ms (      0 GFLOPS    0|0      GB/s)
*** AMD      539 E[90m_[0m[34m40[0m[90m_[0m[36m32[0m[90m_[0m[33m4[0m                                      arg  2 mem  17.60 GB tm      3.48us/ 46227.50ms (      0 GFLOPS    9|9      GB/s)
*** AMD      540 E[90m_[0m[34m40[0m[90m_[0m[36m32[0m[90m_[0m[33m4[0m                                      arg  2 mem  17.60 GB tm      3.48us/ 46227.51ms (      0 GFLOPS    9|9      GB/s)
*** AMD      541 E[90m_[0m[36m32[0m[90m_[0m[33m4[0m                                         arg  2 mem  17.60 GB tm      3.40us/ 46227.51ms (      0 GFLOPS    0|0      GB/s)
*** AMD      542 E[90m_[0m[34m40[0m[90m_[0m[36m32[0m[90m_[0m[33m4[0m                                      arg  2 mem  17.60 GB tm      3.44us/ 46227.51ms (      0 GFLOPS    9|9      GB/s)
*** AMD      543 E[90m_[0m[34m40[0m[90m_[0m[36m32[0m[90m_[0m[33m4[0m                                      arg  2 mem  17.60 GB tm      3.48us/ 46227.52ms (      0 GFLOPS    9|9      GB/s)
*** AMD      544 E[90m_[0m[36m32[0m[90m_[0m[33m4[0m                                         arg  2 mem  17.60 GB tm      3.48us/ 46227.52ms (      0 GFLOPS    0|0      GB/s)
*** AMD      545 E[90m_[0m[34m40[0m[90m_[0m[36m32[0m[90m_[0m[33m4[0m                                      arg  2 mem  17.60 GB tm      3.32us/ 46227.52ms (      0 GFLOPS    9|9      GB/s)
*** AMD      546 E[90m_[0m[34m40[0m[90m_[0m[36m32[0m[90m_[0m[33m4[0m                                      arg  2 mem  17.60 GB tm      3.44us/ 46227.53ms (      0 GFLOPS    9|9      GB/s)
*** AMD      547 E[90m_[0m[34m2[0m[90m_[0m[36m32[0m[90m_[0m[33m4[0m                                       arg  2 mem  17.60 GB tm      3.64us/ 46227.53ms (      0 GFLOPS    0|0      GB/s)
*** AMD      548 E[90m_[0m[34m2[0m[90m_[0m[36m32[0m[90m_[0m[33m4[0m                                       arg  2 mem  17.60 GB tm      3.60us/ 46227.54ms (      0 GFLOPS    0|0      GB/s)
*** AMD      549 E[90m_[0m[34m40[0m[90m_[0m[36m32[0m[90m_[0m[33m4[0m                                      arg  2 mem  17.60 GB tm      3.36us/ 46227.54ms (      0 GFLOPS    9|9      GB/s)
*** AMD      550 E[90m_[0m[34m40[0m[90m_[0m[36m32[0m[90m_[0m[33m4[0m                                      arg  2 mem  17.60 GB tm      3.48us/ 46227.54ms (      0 GFLOPS    9|9      GB/s)
*** AMD      551 E[90m_[0m[36m32[0m[90m_[0m[33m4[0m                                         arg  2 mem  17.60 GB tm      3.48us/ 46227.55ms (      0 GFLOPS    0|0      GB/s)
*** AMD      552 E[90m_[0m[34m40[0m[90m_[0m[36m32[0m[90m_[0m[33m4[0m                                      arg  2 mem  17.60 GB tm      3.48us/ 46227.55ms (      0 GFLOPS    9|9      GB/s)
*** AMD      553 E[90m_[0m[34m40[0m[90m_[0m[36m32[0m[90m_[0m[33m4[0m                                      arg  2 mem  17.60 GB tm      3.40us/ 46227.55ms (      0 GFLOPS    9|9      GB/s)
*** AMD      554 E[90m_[0m[36m32[0m[90m_[0m[33m4[0m                                         arg  2 mem  17.60 GB tm      3.52us/ 46227.56ms (      0 GFLOPS    0|0      GB/s)
*** AMD      555 E[90m_[0m[34m40[0m[90m_[0m[36m32[0m[90m_[0m[33m4[0m                                      arg  2 mem  17.60 GB tm      3.48us/ 46227.56ms (      0 GFLOPS    9|9      GB/s)
*** AMD      556 E[90m_[0m[34m40[0m[90m_[0m[36m32[0m[90m_[0m[33m4[0m                                      arg  2 mem  17.60 GB tm      3.48us/ 46227.56ms (      0 GFLOPS    9|9      GB/s)
*** AMD      557 E[90m_[0m[36m32[0m[90m_[0m[33m4[0m                                         arg  2 mem  17.60 GB tm      3.40us/ 46227.57ms (      0 GFLOPS    0|0      GB/s)
*** AMD      558 E[90m_[0m[34m40[0m[90m_[0m[36m32[0m[90m_[0m[33m4[0m                                      arg  2 mem  17.60 GB tm      3.44us/ 46227.57ms (      0 GFLOPS    9|9      GB/s)
*** AMD      559 E[90m_[0m[34m40[0m[90m_[0m[36m32[0m[90m_[0m[33m4[0m                                      arg  2 mem  17.60 GB tm      3.44us/ 46227.57ms (      0 GFLOPS    9|9      GB/s)
*** AMD      560 E[90m_[0m[34m2[0m[90m_[0m[36m32[0m[90m_[0m[33m4[0m                                       arg  2 mem  17.60 GB tm      3.60us/ 46227.58ms (      0 GFLOPS    0|0      GB/s)
*** AMD      561 E[90m_[0m[34m2[0m[90m_[0m[36m32[0m[90m_[0m[33m4[0m                                       arg  2 mem  17.60 GB tm      3.44us/ 46227.58ms (      0 GFLOPS    0|0      GB/s)
*** AMD      562 E[90m_[0m[34m40[0m[90m_[0m[36m32[0m[90m_[0m[33m4[0m                                      arg  2 mem  17.60 GB tm      3.44us/ 46227.58ms (      0 GFLOPS    9|9      GB/s)
*** AMD      563 E[90m_[0m[34m40[0m[90m_[0m[36m32[0m[90m_[0m[33m4[0m                                      arg  2 mem  17.60 GB tm      3.44us/ 46227.59ms (      0 GFLOPS    9|9      GB/s)
*** AMD      564 E[90m_[0m[36m32[0m[90m_[0m[33m4[0m                                         arg  2 mem  17.60 GB tm      3.44us/ 46227.59ms (      0 GFLOPS    0|0      GB/s)
*** AMD      565 E[90m_[0m[34m40[0m[90m_[0m[36m32[0m[90m_[0m[33m4[0m                                      arg  2 mem  17.60 GB tm      3.32us/ 46227.59ms (      0 GFLOPS    9|9      GB/s)
*** AMD      566 E[90m_[0m[34m40[0m[90m_[0m[36m32[0m[90m_[0m[33m4[0m                                      arg  2 mem  17.60 GB tm      3.44us/ 46227.60ms (      0 GFLOPS    9|9      GB/s)
*** AMD      567 E[90m_[0m[36m32[0m[90m_[0m[33m4[0m                                         arg  2 mem  17.60 GB tm      3.48us/ 46227.60ms (      0 GFLOPS    0|0      GB/s)
*** AMD      568 E[90m_[0m[34m40[0m[90m_[0m[36m32[0m[90m_[0m[33m4[0m                                      arg  2 mem  17.60 GB tm      3.48us/ 46227.60ms (      0 GFLOPS    9|9      GB/s)
*** AMD      569 E[90m_[0m[34m40[0m[90m_[0m[36m32[0m[90m_[0m[33m4[0m                                      arg  2 mem  17.60 GB tm      3.32us/ 46227.61ms (      0 GFLOPS    9|9      GB/s)
*** AMD      570 E[90m_[0m[36m32[0m[90m_[0m[33m4[0m                                         arg  2 mem  17.60 GB tm      3.44us/ 46227.61ms (      0 GFLOPS    0|0      GB/s)
*** AMD      571 E[90m_[0m[34m40[0m[90m_[0m[36m32[0m[90m_[0m[33m4[0m                                      arg  2 mem  17.60 GB tm      3.44us/ 46227.61ms (      0 GFLOPS    9|9      GB/s)
*** AMD      572 E[90m_[0m[34m40[0m[90m_[0m[36m32[0m[90m_[0m[33m4[0m                                      arg  2 mem  17.60 GB tm      3.44us/ 46227.62ms (      0 GFLOPS    9|9      GB/s)
*** AMD      573 E[90m_[0m[34m2[0m[90m_[0m[36m32[0m[90m_[0m[33m4[0m                                       arg  2 mem  17.60 GB tm      3.48us/ 46227.62ms (      0 GFLOPS    0|0      GB/s)
*** AMD      574 E[90m_[0m[34m2[0m[90m_[0m[36m32[0m[90m_[0m[33m4[0m                                       arg  2 mem  17.60 GB tm      3.60us/ 46227.62ms (      0 GFLOPS    0|0      GB/s)
*** AMD      575 E[90m_[0m[34m40[0m[90m_[0m[36m32[0m[90m_[0m[33m4[0m                                      arg  2 mem  17.60 GB tm      3.48us/ 46227.63ms (      0 GFLOPS    9|9      GB/s)
*** AMD      576 E[90m_[0m[34m40[0m[90m_[0m[36m32[0m[90m_[0m[33m4[0m                                      arg  2 mem  17.60 GB tm      3.44us/ 46227.63ms (      0 GFLOPS    9|9      GB/s)
*** AMD      577 E[90m_[0m[36m32[0m[90m_[0m[33m4[0m                                         arg  2 mem  17.60 GB tm      3.40us/ 46227.64ms (      0 GFLOPS    0|0      GB/s)
*** AMD      578 E[90m_[0m[34m40[0m[90m_[0m[36m32[0m[90m_[0m[33m4[0m                                      arg  2 mem  17.60 GB tm      3.44us/ 46227.64ms (      0 GFLOPS    9|9      GB/s)
*** AMD      579 E[90m_[0m[34m40[0m[90m_[0m[36m32[0m[90m_[0m[33m4[0m                                      arg  2 mem  17.60 GB tm      3.44us/ 46227.64ms (      0 GFLOPS    9|9      GB/s)
*** AMD      580 E[90m_[0m[36m32[0m[90m_[0m[33m4[0m                                         arg  2 mem  17.60 GB tm      3.44us/ 46227.65ms (      0 GFLOPS    0|0      GB/s)
*** AMD      581 E[90m_[0m[34m40[0m[90m_[0m[36m32[0m[90m_[0m[33m4[0m                                      arg  2 mem  17.60 GB tm      3.36us/ 46227.65ms (      0 GFLOPS    9|9      GB/s)
*** AMD      582 E[90m_[0m[34m40[0m[90m_[0m[36m32[0m[90m_[0m[33m4[0m                                      arg  2 mem  17.60 GB tm      3.44us/ 46227.65ms (      0 GFLOPS    9|9      GB/s)
*** AMD      583 E[90m_[0m[36m32[0m[90m_[0m[33m4[0m                                         arg  2 mem  17.60 GB tm      3.44us/ 46227.66ms (      0 GFLOPS    0|0      GB/s)
*** AMD      584 E[90m_[0m[34m40[0m[90m_[0m[36m32[0m[90m_[0m[33m4[0m                                      arg  2 mem  17.60 GB tm      3.44us/ 46227.66ms (      0 GFLOPS    9|9      GB/s)
*** AMD      585 E[90m_[0m[34m40[0m[90m_[0m[36m32[0m[90m_[0m[33m4[0m                                      arg  2 mem  17.60 GB tm      3.36us/ 46227.66ms (      0 GFLOPS    9|9      GB/s)
*** AMD      586 E[90m_[0m[34m2[0m[90m_[0m[36m32[0m[90m_[0m[33m4[0m                                       arg  2 mem  17.60 GB tm      3.60us/ 46227.67ms (      0 GFLOPS    0|0      GB/s)
*** AMD      587 E[90m_[0m[34m2[0m[90m_[0m[36m32[0m[90m_[0m[33m4[0m                                       arg  2 mem  17.60 GB tm      3.60us/ 46227.67ms (      0 GFLOPS    0|0      GB/s)
*** AMD      588 E[90m_[0m[34m40[0m[90m_[0m[36m32[0m[90m_[0m[33m4[0m                                      arg  2 mem  17.60 GB tm      3.48us/ 46227.67ms (      0 GFLOPS    9|9      GB/s)
*** AMD      589 E[90m_[0m[34m40[0m[90m_[0m[36m32[0m[90m_[0m[33m4[0m                                      arg  2 mem  17.60 GB tm      3.36us/ 46227.68ms (      0 GFLOPS    9|9      GB/s)
*** AMD      590 E[90m_[0m[36m32[0m[90m_[0m[33m4[0m                                         arg  2 mem  17.60 GB tm      3.48us/ 46227.68ms (      0 GFLOPS    0|0      GB/s)
*** AMD      591 E[90m_[0m[34m40[0m[90m_[0m[36m32[0m[90m_[0m[33m4[0m                                      arg  2 mem  17.60 GB tm      3.44us/ 46227.68ms (      0 GFLOPS    9|9      GB/s)
*** AMD      592 E[90m_[0m[34m40[0m[90m_[0m[36m32[0m[90m_[0m[33m4[0m                                      arg  2 mem  17.60 GB tm      3.44us/ 46227.69ms (      0 GFLOPS    9|9      GB/s)
*** AMD      593 E[90m_[0m[36m32[0m[90m_[0m[33m4[0m                                         arg  2 mem  17.60 GB tm      3.32us/ 46227.69ms (      0 GFLOPS    0|0      GB/s)
*** AMD      594 E[90m_[0m[34m40[0m[90m_[0m[36m32[0m[90m_[0m[33m4[0m                                      arg  2 mem  17.60 GB tm      3.48us/ 46227.69ms (      0 GFLOPS    9|9      GB/s)
*** AMD      595 E[90m_[0m[34m40[0m[90m_[0m[36m32[0m[90m_[0m[33m4[0m                                      arg  2 mem  17.60 GB tm      3.52us/ 46227.70ms (      0 GFLOPS    9|9      GB/s)
*** AMD      596 E[90m_[0m[36m32[0m[90m_[0m[33m4[0m                                         arg  2 mem  17.60 GB tm      3.48us/ 46227.70ms (      0 GFLOPS    0|0      GB/s)
*** AMD      597 E[90m_[0m[34m40[0m[90m_[0m[36m32[0m[90m_[0m[33m4[0m                                      arg  2 mem  17.60 GB tm      3.40us/ 46227.70ms (      0 GFLOPS    9|9      GB/s)
*** AMD      598 E[90m_[0m[34m40[0m[90m_[0m[36m32[0m[90m_[0m[33m4[0m                                      arg  2 mem  17.60 GB tm      3.48us/ 46227.71ms (      0 GFLOPS    9|9      GB/s)
*** AMD      599 E[90m_[0m[34m2[0m[90m_[0m[36m32[0m[90m_[0m[33m4[0m                                       arg  2 mem  17.60 GB tm      3.64us/ 46227.71ms (      0 GFLOPS    0|0      GB/s)
*** AMD      600 E[90m_[0m[34m2[0m[90m_[0m[36m32[0m[90m_[0m[33m4[0m                                       arg  2 mem  17.60 GB tm      3.64us/ 46227.71ms (      0 GFLOPS    0|0      GB/s)
*** AMD      601 E[90m_[0m[34m40[0m[90m_[0m[36m32[0m[90m_[0m[33m4[0m                                      arg  2 mem  17.60 GB tm      3.40us/ 46227.72ms (      0 GFLOPS    9|9      GB/s)
*** AMD      602 E[90m_[0m[34m40[0m[90m_[0m[36m32[0m[90m_[0m[33m4[0m                                      arg  2 mem  17.60 GB tm      3.44us/ 46227.72ms (      0 GFLOPS    9|9      GB/s)
*** AMD      603 E[90m_[0m[36m32[0m[90m_[0m[33m4[0m                                         arg  2 mem  17.60 GB tm      3.52us/ 46227.73ms (      0 GFLOPS    0|0      GB/s)
*** AMD      604 E[90m_[0m[34m40[0m[90m_[0m[36m32[0m[90m_[0m[33m4[0m                                      arg  2 mem  17.60 GB tm      3.48us/ 46227.73ms (      0 GFLOPS    9|9      GB/s)
*** AMD      605 E[90m_[0m[34m40[0m[90m_[0m[36m32[0m[90m_[0m[33m4[0m                                      arg  2 mem  17.60 GB tm      3.36us/ 46227.73ms (      0 GFLOPS    9|9      GB/s)
*** AMD      606 E[90m_[0m[36m32[0m[90m_[0m[33m4[0m                                         arg  2 mem  17.60 GB tm      3.48us/ 46227.74ms (      0 GFLOPS    0|0      GB/s)
*** AMD      607 E[90m_[0m[34m40[0m[90m_[0m[36m32[0m[90m_[0m[33m4[0m                                      arg  2 mem  17.60 GB tm      3.48us/ 46227.74ms (      0 GFLOPS    9|9      GB/s)
*** AMD      608 E[90m_[0m[34m40[0m[90m_[0m[36m32[0m[90m_[0m[33m4[0m                                      arg  2 mem  17.60 GB tm      3.44us/ 46227.74ms (      0 GFLOPS    9|9      GB/s)
*** AMD      609 E[90m_[0m[36m32[0m[90m_[0m[33m4[0m                                         arg  2 mem  17.60 GB tm      3.36us/ 46227.75ms (      0 GFLOPS    0|0      GB/s)
*** AMD      610 E[90m_[0m[34m40[0m[90m_[0m[36m32[0m[90m_[0m[33m4[0m                                      arg  2 mem  17.60 GB tm      3.48us/ 46227.75ms (      0 GFLOPS    9|9      GB/s)
*** AMD      611 E[90m_[0m[34m40[0m[90m_[0m[36m32[0m[90m_[0m[33m4[0m                                      arg  2 mem  17.60 GB tm      3.52us/ 46227.75ms (      0 GFLOPS    9|9      GB/s)
*** AMD      612 E[90m_[0m[34m2[0m[90m_[0m[36m32[0m[90m_[0m[33m4[0m                                       arg  2 mem  17.60 GB tm      3.60us/ 46227.76ms (      0 GFLOPS    0|0      GB/s)
*** AMD      613 E[90m_[0m[34m2[0m[90m_[0m[36m32[0m[90m_[0m[33m4[0m                                       arg  2 mem  17.60 GB tm      3.48us/ 46227.76ms (      0 GFLOPS    0|0      GB/s)
*** AMD      614 E[90m_[0m[34m40[0m[90m_[0m[36m32[0m[90m_[0m[33m4[0m                                      arg  2 mem  17.60 GB tm      3.44us/ 46227.76ms (      0 GFLOPS    9|9      GB/s)
*** AMD      615 E[90m_[0m[34m40[0m[90m_[0m[36m32[0m[90m_[0m[33m4[0m                                      arg  2 mem  17.60 GB tm      3.48us/ 46227.77ms (      0 GFLOPS    9|9      GB/s)
*** AMD      616 E[90m_[0m[36m32[0m[90m_[0m[33m4[0m                                         arg  2 mem  17.60 GB tm      3.48us/ 46227.77ms (      0 GFLOPS    0|0      GB/s)
*** AMD      617 E[90m_[0m[34m40[0m[90m_[0m[36m32[0m[90m_[0m[33m4[0m                                      arg  2 mem  17.60 GB tm      3.48us/ 46227.77ms (      0 GFLOPS    9|9      GB/s)
*** AMD      618 E[90m_[0m[34m40[0m[90m_[0m[36m32[0m[90m_[0m[33m4[0m                                      arg  2 mem  17.60 GB tm      3.48us/ 46227.78ms (      0 GFLOPS    9|9      GB/s)
*** AMD      619 E[90m_[0m[36m32[0m[90m_[0m[33m4[0m                                         arg  2 mem  17.60 GB tm      3.48us/ 46227.78ms (      0 GFLOPS    0|0      GB/s)
*** AMD      620 E[90m_[0m[34m40[0m[90m_[0m[36m32[0m[90m_[0m[33m4[0m                                      arg  2 mem  17.60 GB tm      3.64us/ 46227.78ms (      0 GFLOPS    8|8      GB/s)
*** AMD      621 E[90m_[0m[34m40[0m[90m_[0m[36m32[0m[90m_[0m[33m4[0m                                      arg  2 mem  17.60 GB tm      3.36us/ 46227.79ms (      0 GFLOPS    9|9      GB/s)
*** AMD      622 E[90m_[0m[36m32[0m[90m_[0m[33m4[0m                                         arg  2 mem  17.60 GB tm      3.48us/ 46227.79ms (      0 GFLOPS    0|0      GB/s)
*** AMD      623 E[90m_[0m[34m40[0m[90m_[0m[36m32[0m[90m_[0m[33m4[0m                                      arg  2 mem  17.60 GB tm      3.56us/ 46227.79ms (      0 GFLOPS    9|9      GB/s)
*** AMD      624 E[90m_[0m[34m40[0m[90m_[0m[36m32[0m[90m_[0m[33m4[0m                                      arg  2 mem  17.60 GB tm      3.44us/ 46227.80ms (      0 GFLOPS    9|9      GB/s)
*** AMD      625 E[90m_[0m[34m2[0m[90m_[0m[36m32[0m[90m_[0m[33m4[0m                                       arg  2 mem  17.60 GB tm      3.32us/ 46227.80ms (      0 GFLOPS    0|0      GB/s)
*** AMD      626 E[90m_[0m[34m2[0m[90m_[0m[36m32[0m[90m_[0m[33m4[0m                                       arg  2 mem  17.60 GB tm      3.52us/ 46227.81ms (      0 GFLOPS    0|0      GB/s)
*** AMD      627 E[90m_[0m[34m40[0m[90m_[0m[36m32[0m[90m_[0m[33m4[0m                                      arg  2 mem  17.60 GB tm      3.56us/ 46227.81ms (      0 GFLOPS    9|9      GB/s)
*** AMD      628 E[90m_[0m[34m40[0m[90m_[0m[36m32[0m[90m_[0m[33m4[0m                                      arg  2 mem  17.60 GB tm      3.48us/ 46227.81ms (      0 GFLOPS    9|9      GB/s)
*** AMD      629 E[90m_[0m[36m32[0m[90m_[0m[33m4[0m                                         arg  2 mem  17.60 GB tm      3.40us/ 46227.82ms (      0 GFLOPS    0|0      GB/s)
*** AMD      630 E[90m_[0m[34m40[0m[90m_[0m[36m32[0m[90m_[0m[33m4[0m                                      arg  2 mem  17.60 GB tm      3.48us/ 46227.82ms (      0 GFLOPS    9|9      GB/s)
*** AMD      631 E[90m_[0m[34m40[0m[90m_[0m[36m32[0m[90m_[0m[33m4[0m                                      arg  2 mem  17.60 GB tm      3.44us/ 46227.82ms (      0 GFLOPS    9|9      GB/s)
*** AMD      632 E[90m_[0m[36m32[0m[90m_[0m[33m4[0m                                         arg  2 mem  17.60 GB tm      3.52us/ 46227.83ms (      0 GFLOPS    0|0      GB/s)
*** AMD      633 E[90m_[0m[34m40[0m[90m_[0m[36m32[0m[90m_[0m[33m4[0m                                      arg  2 mem  17.60 GB tm      3.36us/ 46227.83ms (      0 GFLOPS    9|9      GB/s)
*** AMD      634 E[90m_[0m[34m40[0m[90m_[0m[36m32[0m[90m_[0m[33m4[0m                                      arg  2 mem  17.60 GB tm      3.44us/ 46227.83ms (      0 GFLOPS    9|9      GB/s)
*** AMD      635 E[90m_[0m[36m32[0m[90m_[0m[33m4[0m                                         arg  2 mem  17.60 GB tm      3.48us/ 46227.84ms (      0 GFLOPS    0|0      GB/s)
*** AMD      636 E[90m_[0m[34m40[0m[90m_[0m[36m32[0m[90m_[0m[33m4[0m                                      arg  2 mem  17.60 GB tm      3.48us/ 46227.84ms (      0 GFLOPS    9|9      GB/s)
*** AMD      637 E[90m_[0m[34m40[0m[90m_[0m[36m32[0m[90m_[0m[33m4[0m                                      arg  2 mem  17.60 GB tm      3.36us/ 46227.84ms (      0 GFLOPS    9|9      GB/s)
*** AMD      638 E[90m_[0m[34m2[0m[90m_[0m[36m32[0m[90m_[0m[33m4[0m                                       arg  2 mem  17.60 GB tm      3.52us/ 46227.85ms (      0 GFLOPS    0|0      GB/s)
*** AMD      639 E[90m_[0m[34m2[0m[90m_[0m[36m32[0m[90m_[0m[33m4[0m                                       arg  2 mem  17.60 GB tm      3.56us/ 46227.85ms (      0 GFLOPS    0|0      GB/s)
*** AMD      640 E[90m_[0m[34m40[0m[90m_[0m[36m32[0m[90m_[0m[33m4[0m                                      arg  2 mem  17.60 GB tm      3.48us/ 46227.85ms (      0 GFLOPS    9|9      GB/s)
*** AMD      641 E[90m_[0m[34m40[0m[90m_[0m[36m32[0m[90m_[0m[33m4[0m                                      arg  2 mem  17.60 GB tm      3.36us/ 46227.86ms (      0 GFLOPS    9|9      GB/s)
*** AMD      642 E[90m_[0m[36m32[0m[90m_[0m[33m4[0m                                         arg  2 mem  17.60 GB tm      3.48us/ 46227.86ms (      0 GFLOPS    0|0      GB/s)
*** AMD      643 E[90m_[0m[34m40[0m[90m_[0m[36m32[0m[90m_[0m[33m4[0m                                      arg  2 mem  17.60 GB tm      3.44us/ 46227.86ms (      0 GFLOPS    9|9      GB/s)
*** AMD      644 E[90m_[0m[34m40[0m[90m_[0m[36m32[0m[90m_[0m[33m4[0m                                      arg  2 mem  17.60 GB tm      3.48us/ 46227.87ms (      0 GFLOPS    9|9      GB/s)
*** AMD      645 E[90m_[0m[36m32[0m[90m_[0m[33m4[0m                                         arg  2 mem  17.60 GB tm      3.36us/ 46227.87ms (      0 GFLOPS    0|0      GB/s)
*** AMD      646 E[90m_[0m[34m40[0m[90m_[0m[36m32[0m[90m_[0m[33m4[0m                                      arg  2 mem  17.60 GB tm      3.48us/ 46227.87ms (      0 GFLOPS    9|9      GB/s)
*** AMD      647 E[90m_[0m[34m40[0m[90m_[0m[36m32[0m[90m_[0m[33m4[0m                                      arg  2 mem  17.60 GB tm      3.56us/ 46227.88ms (      0 GFLOPS    9|9      GB/s)
*** AMD      648 E[90m_[0m[36m32[0m[90m_[0m[33m4[0m                                         arg  2 mem  17.60 GB tm      3.44us/ 46227.88ms (      0 GFLOPS    0|0      GB/s)
*** AMD      649 E[90m_[0m[34m40[0m[90m_[0m[36m32[0m[90m_[0m[33m4[0m                                      arg  2 mem  17.60 GB tm      3.36us/ 46227.88ms (      0 GFLOPS    9|9      GB/s)
*** AMD      650 E[90m_[0m[34m40[0m[90m_[0m[36m32[0m[90m_[0m[33m4[0m                                      arg  2 mem  17.60 GB tm      3.44us/ 46227.89ms (      0 GFLOPS    9|9      GB/s)
*** AMD      651 E[90m_[0m[34m2[0m[90m_[0m[36m32[0m[90m_[0m[33m4[0m                                       arg  2 mem  17.60 GB tm      3.52us/ 46227.89ms (      0 GFLOPS    0|0      GB/s)
*** AMD      652 E[90m_[0m[34m2[0m[90m_[0m[36m32[0m[90m_[0m[33m4[0m                                       arg  2 mem  17.60 GB tm      3.52us/ 46227.90ms (      0 GFLOPS    0|0      GB/s)
*** AMD      653 E[90m_[0m[34m40[0m[90m_[0m[36m32[0m[90m_[0m[33m4[0m                                      arg  2 mem  17.60 GB tm      3.40us/ 46227.90ms (      0 GFLOPS    9|9      GB/s)
*** AMD      654 E[90m_[0m[34m40[0m[90m_[0m[36m32[0m[90m_[0m[33m4[0m                                      arg  2 mem  17.60 GB tm      3.48us/ 46227.90ms (      0 GFLOPS    9|9      GB/s)
*** AMD      655 E[90m_[0m[36m32[0m[90m_[0m[33m4[0m                                         arg  2 mem  17.60 GB tm      3.48us/ 46227.91ms (      0 GFLOPS    0|0      GB/s)
*** AMD      656 E[90m_[0m[34m40[0m[90m_[0m[36m32[0m[90m_[0m[33m4[0m                                      arg  2 mem  17.60 GB tm      3.44us/ 46227.91ms (      0 GFLOPS    9|9      GB/s)
*** AMD      657 E[90m_[0m[34m40[0m[90m_[0m[36m32[0m[90m_[0m[33m4[0m                                      arg  2 mem  17.60 GB tm      3.40us/ 46227.91ms (      0 GFLOPS    9|9      GB/s)
*** AMD      658 E[90m_[0m[36m32[0m[90m_[0m[33m4[0m                                         arg  2 mem  17.60 GB tm      3.44us/ 46227.92ms (      0 GFLOPS    0|0      GB/s)
*** AMD      659 E[90m_[0m[34m40[0m[90m_[0m[36m32[0m[90m_[0m[33m4[0m                                      arg  2 mem  17.60 GB tm      3.44us/ 46227.92ms (      0 GFLOPS    9|9      GB/s)
*** AMD      660 E[90m_[0m[34m40[0m[90m_[0m[36m32[0m[90m_[0m[33m4[0m                                      arg  2 mem  17.60 GB tm      3.44us/ 46227.92ms (      0 GFLOPS    9|9      GB/s)
*** AMD      661 E[90m_[0m[36m32[0m[90m_[0m[33m4[0m                                         arg  2 mem  17.60 GB tm      3.32us/ 46227.93ms (      0 GFLOPS    0|0      GB/s)
*** AMD      662 E[90m_[0m[34m40[0m[90m_[0m[36m32[0m[90m_[0m[33m4[0m                                      arg  2 mem  17.60 GB tm      3.48us/ 46227.93ms (      0 GFLOPS    9|9      GB/s)
*** AMD      663 E[90m_[0m[34m40[0m[90m_[0m[36m32[0m[90m_[0m[33m4[0m                                      arg  2 mem  17.60 GB tm      3.48us/ 46227.93ms (      0 GFLOPS    9|9      GB/s)
*** AMD      664 E[90m_[0m[34m2[0m[90m_[0m[36m32[0m[90m_[0m[33m4[0m                                       arg  2 mem  17.60 GB tm      3.48us/ 46227.94ms (      0 GFLOPS    0|0      GB/s)
*** AMD      665 E[90m_[0m[34m2[0m[90m_[0m[36m32[0m[90m_[0m[33m4[0m                                       arg  2 mem  17.60 GB tm      3.36us/ 46227.94ms (      0 GFLOPS    0|0      GB/s)
*** AMD      666 E[90m_[0m[34m40[0m[90m_[0m[36m32[0m[90m_[0m[33m4[0m                                      arg  2 mem  17.60 GB tm      3.44us/ 46227.94ms (      0 GFLOPS    9|9      GB/s)
*** AMD      667 E[90m_[0m[34m40[0m[90m_[0m[36m32[0m[90m_[0m[33m4[0m                                      arg  2 mem  17.60 GB tm      3.44us/ 46227.95ms (      0 GFLOPS    9|9      GB/s)
*** AMD      668 E[90m_[0m[34m40[0m[90m_[0m[36m32[0m[90m_[0m[33m4[0m                                      arg  2 mem  17.60 GB tm      3.56us/ 46227.95ms (      0 GFLOPS    9|9      GB/s)
*** AMD      669 E[90m_[0m[34m2[0m[90m_[0m[36m32[0m[90m_[0m[33m4[0m                                       arg  2 mem  17.60 GB tm      3.40us/ 46227.95ms (      0 GFLOPS    0|0      GB/s)
*** AMD      670 E[90m_[0m[34m2[0m[90m_[0m[36m32[0m[90m_[0m[33m4[0m                                       arg  2 mem  17.60 GB tm      3.48us/ 46227.96ms (      0 GFLOPS    0|0      GB/s)
*** AMD      671 E[90m_[0m[34m40[0m[90m_[0m[36m32[0m[90m_[0m[33m4[0m                                      arg  2 mem  17.60 GB tm      3.52us/ 46227.96ms (      0 GFLOPS    9|9      GB/s)
*** AMD      672 E[90m_[0m[34m40[0m[90m_[0m[36m32[0m[90m_[0m[33m4[0m                                      arg  2 mem  17.60 GB tm      3.44us/ 46227.96ms (      0 GFLOPS    9|9      GB/s)
*** AMD      673 E[90m_[0m[34m40[0m[90m_[0m[36m32[0m[90m_[0m[33m4[0m                                      arg  2 mem  17.60 GB tm      3.32us/ 46227.97ms (      0 GFLOPS    9|9      GB/s)
[32m*** AMD      674[0m [33mcopy   32.00 KB,     AMD <- PYTHON [0m            arg  2 mem  17.60 GB tm   6435.46us/ 46234.40ms (      0 GFLOPS    0|0      GB/s)
amd_gemv: attached raw ggml weights to 506 layers
compiling:   0%|                                          | 0/1 [00:00<?, ?it/s]compiling E[90m_[0m[34m320[0m[90m_[0m[36m32[0m[90m_[0m[33m4[0m                              : 100%|█| 1/1 [00:00<00:00, 26.86it/s]compiling E[90m_[0m[34m320[0m[90m_[0m[36m32[0m[90m_[0m[33m4[0m                              : 100%|█| 1/1 [00:00<00:00, 26.82it/s]
[32m*** AMD      675[0m E[90m_[0m[34m320[0m[90m_[0m[36m32[0m[90m_[0m[33m4[0m                                     arg  2 mem  17.60 GB tm      3.32us/ 46234.41ms (      0 GFLOPS   74|74     GB/s)
compiling:   0%|                                          | 0/1 [00:00<?, ?it/s]compiling E[90m_[0m[34m3[0m[90m_[0m[36m4[0m[90m_[0m[33m4[0m                                 : 100%|█| 1/1 [00:00<00:00, 121.93it/s]compiling E[90m_[0m[34m3[0m[90m_[0m[36m4[0m[90m_[0m[33m4[0m                                 : 100%|█| 1/1 [00:00<00:00, 121.35it/s]
[32m*** AMD      676[0m E[90m_[0m[34m3[0m[90m_[0m[36m4[0m[90m_[0m[33m4[0m                                        arg  2 mem  17.60 GB tm      3.16us/ 46234.41ms (      0 GFLOPS    0|0      GB/s)
*** AMD      677 E[90m_[0m[34m3[0m[90m_[0m[36m4[0m[90m_[0m[33m4[0m                                        arg  2 mem  17.60 GB tm      3.36us/ 46234.41ms (      0 GFLOPS    0|0      GB/s)
*** AMD      678 E[90m_[0m[36m32[0m[90m_[0m[33m4[0m                                         arg  2 mem  17.60 GB tm      3.36us/ 46234.42ms (      0 GFLOPS    0|0      GB/s)
*** AMD      679 E[90m_[0m[34m320[0m[90m_[0m[36m32[0m[90m_[0m[33m4[0m                                     arg  2 mem  17.60 GB tm      3.52us/ 46234.42ms (      0 GFLOPS   70|70     GB/s)
*** AMD      680 E[90m_[0m[34m3[0m[90m_[0m[36m4[0m[90m_[0m[33m4[0m                                        arg  2 mem  17.60 GB tm      3.44us/ 46234.42ms (      0 GFLOPS    0|0      GB/s)
*** AMD      681 E[90m_[0m[34m3[0m[90m_[0m[36m4[0m[90m_[0m[33m4[0m                                        arg  2 mem  17.60 GB tm      3.44us/ 46234.43ms (      0 GFLOPS    0|0      GB/s)
*** AMD      682 E[90m_[0m[36m32[0m[90m_[0m[33m4[0m                                         arg  2 mem  17.60 GB tm      3.24us/ 46234.43ms (      0 GFLOPS    0|0      GB/s)
*** AMD      683 E[90m_[0m[34m320[0m[90m_[0m[36m32[0m[90m_[0m[33m4[0m                                     arg  2 mem  17.60 GB tm      3.48us/ 46234.43ms (      0 GFLOPS   71|71     GB/s)
*** AMD      684 E[90m_[0m[34m3[0m[90m_[0m[36m4[0m[90m_[0m[33m4[0m                                        arg  2 mem  17.60 GB tm      3.48us/ 46234.44ms (      0 GFLOPS    0|0      GB/s)
*** AMD      685 E[90m_[0m[34m3[0m[90m_[0m[36m4[0m[90m_[0m[33m4[0m                                        arg  2 mem  17.60 GB tm      3.52us/ 46234.44ms (      0 GFLOPS    0|0      GB/s)
*** AMD      686 E[90m_[0m[36m32[0m[90m_[0m[33m4[0m                                         arg  2 mem  17.60 GB tm      3.24us/ 46234.44ms (      0 GFLOPS    0|0      GB/s)
*** AMD      687 E[90m_[0m[34m320[0m[90m_[0m[36m32[0m[90m_[0m[33m4[0m                                     arg  2 mem  17.60 GB tm      3.52us/ 46234.45ms (      0 GFLOPS   70|70     GB/s)
*** AMD      688 E[90m_[0m[34m3[0m[90m_[0m[36m4[0m[90m_[0m[33m4[0m                                        arg  2 mem  17.60 GB tm      3.48us/ 46234.45ms (      0 GFLOPS    0|0      GB/s)
*** AMD      689 E[90m_[0m[34m3[0m[90m_[0m[36m4[0m[90m_[0m[33m4[0m                                        arg  2 mem  17.60 GB tm      3.40us/ 46234.45ms (      0 GFLOPS    0|0      GB/s)
*** AMD      690 E[90m_[0m[36m32[0m[90m_[0m[33m4[0m                                         arg  2 mem  17.60 GB tm      3.32us/ 46234.46ms (      0 GFLOPS    0|0      GB/s)
*** AMD      691 E[90m_[0m[34m320[0m[90m_[0m[36m32[0m[90m_[0m[33m4[0m                                     arg  2 mem  17.60 GB tm      3.52us/ 46234.46ms (      0 GFLOPS   70|70     GB/s)
*** AMD      692 E[90m_[0m[34m3[0m[90m_[0m[36m4[0m[90m_[0m[33m4[0m                                        arg  2 mem  17.60 GB tm      3.48us/ 46234.46ms (      0 GFLOPS    0|0      GB/s)
*** AMD      693 E[90m_[0m[34m3[0m[90m_[0m[36m4[0m[90m_[0m[33m4[0m                                        arg  2 mem  17.60 GB tm      3.48us/ 46234.47ms (      0 GFLOPS    0|0      GB/s)
*** AMD      694 E[90m_[0m[36m32[0m[90m_[0m[33m4[0m                                         arg  2 mem  17.60 GB tm      3.24us/ 46234.47ms (      0 GFLOPS    0|0      GB/s)
*** AMD      695 E[90m_[0m[34m320[0m[90m_[0m[36m32[0m[90m_[0m[33m4[0m                                     arg  2 mem  17.60 GB tm      3.56us/ 46234.47ms (      0 GFLOPS   69|69     GB/s)
*** AMD      696 E[90m_[0m[34m3[0m[90m_[0m[36m4[0m[90m_[0m[33m4[0m                                        arg  2 mem  17.60 GB tm      3.56us/ 46234.48ms (      0 GFLOPS    0|0      GB/s)
*** AMD      697 E[90m_[0m[34m3[0m[90m_[0m[36m4[0m[90m_[0m[33m4[0m                                        arg  2 mem  17.60 GB tm      3.56us/ 46234.48ms (      0 GFLOPS    0|0      GB/s)
*** AMD      698 E[90m_[0m[36m32[0m[90m_[0m[33m4[0m                                         arg  2 mem  17.60 GB tm      3.24us/ 46234.48ms (      0 GFLOPS    0|0      GB/s)
*** AMD      699 E[90m_[0m[34m320[0m[90m_[0m[36m32[0m[90m_[0m[33m4[0m                                     arg  2 mem  17.60 GB tm      3.52us/ 46234.49ms (      0 GFLOPS   70|70     GB/s)
*** AMD      700 E[90m_[0m[34m3[0m[90m_[0m[36m4[0m[90m_[0m[33m4[0m                                        arg  2 mem  17.60 GB tm      3.64us/ 46234.49ms (      0 GFLOPS    0|0      GB/s)
*** AMD      701 E[90m_[0m[34m3[0m[90m_[0m[36m4[0m[90m_[0m[33m4[0m                                        arg  2 mem  17.60 GB tm      3.56us/ 46234.50ms (      0 GFLOPS    0|0      GB/s)
*** AMD      702 E[90m_[0m[36m32[0m[90m_[0m[33m4[0m                                         arg  2 mem  17.60 GB tm      3.28us/ 46234.50ms (      0 GFLOPS    0|0      GB/s)
*** AMD      703 E[90m_[0m[34m320[0m[90m_[0m[36m32[0m[90m_[0m[33m4[0m                                     arg  2 mem  17.60 GB tm      3.52us/ 46234.50ms (      0 GFLOPS   70|70     GB/s)
*** AMD      704 E[90m_[0m[34m3[0m[90m_[0m[36m4[0m[90m_[0m[33m4[0m                                        arg  2 mem  17.60 GB tm      3.56us/ 46234.51ms (      0 GFLOPS    0|0      GB/s)
*** AMD      705 E[90m_[0m[34m3[0m[90m_[0m[36m4[0m[90m_[0m[33m4[0m                                        arg  2 mem  17.60 GB tm      3.56us/ 46234.51ms (      0 GFLOPS    0|0      GB/s)
*** AMD      706 E[90m_[0m[36m32[0m[90m_[0m[33m4[0m                                         arg  2 mem  17.60 GB tm      3.32us/ 46234.51ms (      0 GFLOPS    0|0      GB/s)
*** AMD      707 E[90m_[0m[34m320[0m[90m_[0m[36m32[0m[90m_[0m[33m4[0m                                     arg  2 mem  17.61 GB tm      3.44us/ 46234.52ms (      0 GFLOPS   71|71     GB/s)
*** AMD      708 E[90m_[0m[34m3[0m[90m_[0m[36m4[0m[90m_[0m[33m4[0m                                        arg  2 mem  17.61 GB tm      3.52us/ 46234.52ms (      0 GFLOPS    0|0      GB/s)
*** AMD      709 E[90m_[0m[34m3[0m[90m_[0m[36m4[0m[90m_[0m[33m4[0m                                        arg  2 mem  17.61 GB tm      3.48us/ 46234.52ms (      0 GFLOPS    0|0      GB/s)
*** AMD      710 E[90m_[0m[36m32[0m[90m_[0m[33m4[0m                                         arg  2 mem  17.61 GB tm      3.24us/ 46234.53ms (      0 GFLOPS    0|0      GB/s)
*** AMD      711 E[90m_[0m[34m320[0m[90m_[0m[36m32[0m[90m_[0m[33m4[0m                                     arg  2 mem  17.61 GB tm      3.52us/ 46234.53ms (      0 GFLOPS   70|70     GB/s)
*** AMD      712 E[90m_[0m[34m3[0m[90m_[0m[36m4[0m[90m_[0m[33m4[0m                                        arg  2 mem  17.61 GB tm      3.44us/ 46234.53ms (      0 GFLOPS    0|0      GB/s)
*** AMD      713 E[90m_[0m[34m3[0m[90m_[0m[36m4[0m[90m_[0m[33m4[0m                                        arg  2 mem  17.61 GB tm      3.48us/ 46234.54ms (      0 GFLOPS    0|0      GB/s)
*** AMD      714 E[90m_[0m[36m32[0m[90m_[0m[33m4[0m                                         arg  2 mem  17.61 GB tm      3.24us/ 46234.54ms (      0 GFLOPS    0|0      GB/s)
*** AMD      715 E[90m_[0m[34m320[0m[90m_[0m[36m32[0m[90m_[0m[33m4[0m                                     arg  2 mem  17.61 GB tm      3.48us/ 46234.54ms (      0 GFLOPS   71|71     GB/s)
*** AMD      716 E[90m_[0m[34m3[0m[90m_[0m[36m4[0m[90m_[0m[33m4[0m                                        arg  2 mem  17.61 GB tm      3.56us/ 46234.55ms (      0 GFLOPS    0|0      GB/s)
*** AMD      717 E[90m_[0m[34m3[0m[90m_[0m[36m4[0m[90m_[0m[33m4[0m                                        arg  2 mem  17.61 GB tm      3.48us/ 46234.55ms (      0 GFLOPS    0|0      GB/s)
*** AMD      718 E[90m_[0m[36m32[0m[90m_[0m[33m4[0m                                         arg  2 mem  17.61 GB tm      3.28us/ 46234.55ms (      0 GFLOPS    0|0      GB/s)
*** AMD      719 E[90m_[0m[34m320[0m[90m_[0m[36m32[0m[90m_[0m[33m4[0m                                     arg  2 mem  17.61 GB tm      3.56us/ 46234.56ms (      0 GFLOPS   69|69     GB/s)
*** AMD      720 E[90m_[0m[34m3[0m[90m_[0m[36m4[0m[90m_[0m[33m4[0m                                        arg  2 mem  17.61 GB tm      3.52us/ 46234.56ms (      0 GFLOPS    0|0      GB/s)
*** AMD      721 E[90m_[0m[34m3[0m[90m_[0m[36m4[0m[90m_[0m[33m4[0m                                        arg  2 mem  17.61 GB tm      3.48us/ 46234.56ms (      0 GFLOPS    0|0      GB/s)
*** AMD      722 E[90m_[0m[36m32[0m[90m_[0m[33m4[0m                                         arg  2 mem  17.61 GB tm      3.24us/ 46234.57ms (      0 GFLOPS    0|0      GB/s)
*** AMD      723 E[90m_[0m[34m320[0m[90m_[0m[36m32[0m[90m_[0m[33m4[0m                                     arg  2 mem  17.61 GB tm      3.52us/ 46234.57ms (      0 GFLOPS   70|70     GB/s)
*** AMD      724 E[90m_[0m[34m3[0m[90m_[0m[36m4[0m[90m_[0m[33m4[0m                                        arg  2 mem  17.61 GB tm      3.48us/ 46234.57ms (      0 GFLOPS    0|0      GB/s)
*** AMD      725 E[90m_[0m[34m3[0m[90m_[0m[36m4[0m[90m_[0m[33m4[0m                                        arg  2 mem  17.61 GB tm      3.48us/ 46234.58ms (      0 GFLOPS    0|0      GB/s)
*** AMD      726 E[90m_[0m[36m32[0m[90m_[0m[33m4[0m                                         arg  2 mem  17.61 GB tm      3.40us/ 46234.58ms (      0 GFLOPS    0|0      GB/s)
*** AMD      727 E[90m_[0m[34m320[0m[90m_[0m[36m32[0m[90m_[0m[33m4[0m                                     arg  2 mem  17.61 GB tm      3.56us/ 46234.59ms (      0 GFLOPS   69|69     GB/s)
*** AMD      728 E[90m_[0m[34m3[0m[90m_[0m[36m4[0m[90m_[0m[33m4[0m                                        arg  2 mem  17.61 GB tm      3.48us/ 46234.59ms (      0 GFLOPS    0|0      GB/s)
*** AMD      729 E[90m_[0m[34m3[0m[90m_[0m[36m4[0m[90m_[0m[33m4[0m                                        arg  2 mem  17.61 GB tm      3.48us/ 46234.59ms (      0 GFLOPS    0|0      GB/s)
*** AMD      730 E[90m_[0m[36m32[0m[90m_[0m[33m4[0m                                         arg  2 mem  17.61 GB tm      3.36us/ 46234.60ms (      0 GFLOPS    0|0      GB/s)
*** AMD      731 E[90m_[0m[34m320[0m[90m_[0m[36m32[0m[90m_[0m[33m4[0m                                     arg  2 mem  17.61 GB tm      3.56us/ 46234.60ms (      0 GFLOPS   69|69     GB/s)
*** AMD      732 E[90m_[0m[34m3[0m[90m_[0m[36m4[0m[90m_[0m[33m4[0m                                        arg  2 mem  17.61 GB tm      3.48us/ 46234.60ms (      0 GFLOPS    0|0      GB/s)
*** AMD      733 E[90m_[0m[34m3[0m[90m_[0m[36m4[0m[90m_[0m[33m4[0m                                        arg  2 mem  17.61 GB tm      3.48us/ 46234.61ms (      0 GFLOPS    0|0      GB/s)
*** AMD      734 E[90m_[0m[36m32[0m[90m_[0m[33m4[0m                                         arg  2 mem  17.61 GB tm      3.28us/ 46234.61ms (      0 GFLOPS    0|0      GB/s)
*** AMD      735 E[90m_[0m[34m320[0m[90m_[0m[36m32[0m[90m_[0m[33m4[0m                                     arg  2 mem  17.61 GB tm      3.60us/ 46234.61ms (      0 GFLOPS   68|68     GB/s)
*** AMD      736 E[90m_[0m[34m3[0m[90m_[0m[36m4[0m[90m_[0m[33m4[0m                                        arg  2 mem  17.61 GB tm      3.56us/ 46234.62ms (      0 GFLOPS    0|0      GB/s)
*** AMD      737 E[90m_[0m[34m3[0m[90m_[0m[36m4[0m[90m_[0m[33m4[0m                                        arg  2 mem  17.61 GB tm      3.56us/ 46234.62ms (      0 GFLOPS    0|0      GB/s)
*** AMD      738 E[90m_[0m[36m32[0m[90m_[0m[33m4[0m                                         arg  2 mem  17.61 GB tm      3.36us/ 46234.62ms (      0 GFLOPS    0|0      GB/s)
*** AMD      739 E[90m_[0m[34m320[0m[90m_[0m[36m32[0m[90m_[0m[33m4[0m                                     arg  2 mem  17.61 GB tm      3.56us/ 46234.63ms (      0 GFLOPS   69|69     GB/s)
*** AMD      740 E[90m_[0m[34m3[0m[90m_[0m[36m4[0m[90m_[0m[33m4[0m                                        arg  2 mem  17.61 GB tm      3.52us/ 46234.63ms (      0 GFLOPS    0|0      GB/s)
*** AMD      741 E[90m_[0m[34m3[0m[90m_[0m[36m4[0m[90m_[0m[33m4[0m                                        arg  2 mem  17.61 GB tm      3.56us/ 46234.63ms (      0 GFLOPS    0|0      GB/s)
*** AMD      742 E[90m_[0m[36m32[0m[90m_[0m[33m4[0m                                         arg  2 mem  17.61 GB tm      3.32us/ 46234.64ms (      0 GFLOPS    0|0      GB/s)
*** AMD      743 E[90m_[0m[34m320[0m[90m_[0m[36m32[0m[90m_[0m[33m4[0m                                     arg  2 mem  17.61 GB tm      3.56us/ 46234.64ms (      0 GFLOPS   69|69     GB/s)
*** AMD      744 E[90m_[0m[34m3[0m[90m_[0m[36m4[0m[90m_[0m[33m4[0m                                        arg  2 mem  17.61 GB tm      3.52us/ 46234.64ms (      0 GFLOPS    0|0      GB/s)
*** AMD      745 E[90m_[0m[34m3[0m[90m_[0m[36m4[0m[90m_[0m[33m4[0m                                        arg  2 mem  17.61 GB tm      3.60us/ 46234.65ms (      0 GFLOPS    0|0      GB/s)
*** AMD      746 E[90m_[0m[36m32[0m[90m_[0m[33m4[0m                                         arg  2 mem  17.61 GB tm      3.40us/ 46234.65ms (      0 GFLOPS    0|0      GB/s)
*** AMD      747 E[90m_[0m[34m320[0m[90m_[0m[36m32[0m[90m_[0m[33m4[0m                                     arg  2 mem  17.61 GB tm      3.60us/ 46234.66ms (      0 GFLOPS   68|68     GB/s)
*** AMD      748 E[90m_[0m[34m3[0m[90m_[0m[36m4[0m[90m_[0m[33m4[0m                                        arg  2 mem  17.61 GB tm      3.60us/ 46234.66ms (      0 GFLOPS    0|0      GB/s)
*** AMD      749 E[90m_[0m[34m3[0m[90m_[0m[36m4[0m[90m_[0m[33m4[0m                                        arg  2 mem  17.61 GB tm      3.60us/ 46234.66ms (      0 GFLOPS    0|0      GB/s)
*** AMD      750 E[90m_[0m[36m32[0m[90m_[0m[33m4[0m                                         arg  2 mem  17.61 GB tm      3.44us/ 46234.67ms (      0 GFLOPS    0|0      GB/s)
*** AMD      751 E[90m_[0m[34m320[0m[90m_[0m[36m32[0m[90m_[0m[33m4[0m                                     arg  2 mem  17.61 GB tm      3.64us/ 46234.67ms (      0 GFLOPS   68|68     GB/s)
*** AMD      752 E[90m_[0m[34m3[0m[90m_[0m[36m4[0m[90m_[0m[33m4[0m                                        arg  2 mem  17.61 GB tm      3.64us/ 46234.67ms (      0 GFLOPS    0|0      GB/s)
*** AMD      753 E[90m_[0m[34m3[0m[90m_[0m[36m4[0m[90m_[0m[33m4[0m                                        arg  2 mem  17.61 GB tm      3.56us/ 46234.68ms (      0 GFLOPS    0|0      GB/s)
*** AMD      754 E[90m_[0m[36m32[0m[90m_[0m[33m4[0m                                         arg  2 mem  17.61 GB tm      3.36us/ 46234.68ms (      0 GFLOPS    0|0      GB/s)
*** AMD      755 E[90m_[0m[34m320[0m[90m_[0m[36m32[0m[90m_[0m[33m4[0m                                     arg  2 mem  17.61 GB tm      3.60us/ 46234.68ms (      0 GFLOPS   68|68     GB/s)
*** AMD      756 E[90m_[0m[34m3[0m[90m_[0m[36m4[0m[90m_[0m[33m4[0m                                        arg  2 mem  17.61 GB tm      3.52us/ 46234.69ms (      0 GFLOPS    0|0      GB/s)
*** AMD      757 E[90m_[0m[34m3[0m[90m_[0m[36m4[0m[90m_[0m[33m4[0m                                        arg  2 mem  17.61 GB tm      3.52us/ 46234.69ms (      0 GFLOPS    0|0      GB/s)
*** AMD      758 E[90m_[0m[36m32[0m[90m_[0m[33m4[0m                                         arg  2 mem  17.61 GB tm      3.28us/ 46234.69ms (      0 GFLOPS    0|0      GB/s)
*** AMD      759 E[90m_[0m[34m320[0m[90m_[0m[36m32[0m[90m_[0m[33m4[0m                                     arg  2 mem  17.61 GB tm      3.64us/ 46234.70ms (      0 GFLOPS   68|68     GB/s)
*** AMD      760 E[90m_[0m[34m3[0m[90m_[0m[36m4[0m[90m_[0m[33m4[0m                                        arg  2 mem  17.61 GB tm      3.52us/ 46234.70ms (      0 GFLOPS    0|0      GB/s)
*** AMD      761 E[90m_[0m[34m3[0m[90m_[0m[36m4[0m[90m_[0m[33m4[0m                                        arg  2 mem  17.61 GB tm      3.56us/ 46234.70ms (      0 GFLOPS    0|0      GB/s)
*** AMD      762 E[90m_[0m[36m32[0m[90m_[0m[33m4[0m                                         arg  2 mem  17.61 GB tm      3.36us/ 46234.71ms (      0 GFLOPS    0|0      GB/s)
*** AMD      763 E[90m_[0m[34m320[0m[90m_[0m[36m32[0m[90m_[0m[33m4[0m                                     arg  2 mem  17.61 GB tm      3.56us/ 46234.71ms (      0 GFLOPS   69|69     GB/s)
*** AMD      764 E[90m_[0m[34m3[0m[90m_[0m[36m4[0m[90m_[0m[33m4[0m                                        arg  2 mem  17.61 GB tm      3.52us/ 46234.71ms (      0 GFLOPS    0|0      GB/s)
*** AMD      765 E[90m_[0m[34m3[0m[90m_[0m[36m4[0m[90m_[0m[33m4[0m                                        arg  2 mem  17.61 GB tm      3.56us/ 46234.72ms (      0 GFLOPS    0|0      GB/s)
*** AMD      766 E[90m_[0m[36m32[0m[90m_[0m[33m4[0m                                         arg  2 mem  17.61 GB tm      3.40us/ 46234.72ms (      0 GFLOPS    0|0      GB/s)
*** AMD      767 E[90m_[0m[34m320[0m[90m_[0m[36m32[0m[90m_[0m[33m4[0m                                     arg  2 mem  17.61 GB tm      3.60us/ 46234.73ms (      0 GFLOPS   68|68     GB/s)
*** AMD      768 E[90m_[0m[34m3[0m[90m_[0m[36m4[0m[90m_[0m[33m4[0m                                        arg  2 mem  17.61 GB tm      3.56us/ 46234.73ms (      0 GFLOPS    0|0      GB/s)
*** AMD      769 E[90m_[0m[34m3[0m[90m_[0m[36m4[0m[90m_[0m[33m4[0m                                        arg  2 mem  17.61 GB tm      3.52us/ 46234.73ms (      0 GFLOPS    0|0      GB/s)
*** AMD      770 E[90m_[0m[36m32[0m[90m_[0m[33m4[0m                                         arg  2 mem  17.61 GB tm      3.40us/ 46234.74ms (      0 GFLOPS    0|0      GB/s)
*** AMD      771 E[90m_[0m[34m320[0m[90m_[0m[36m32[0m[90m_[0m[33m4[0m                                     arg  2 mem  17.61 GB tm      3.60us/ 46234.74ms (      0 GFLOPS   68|68     GB/s)
*** AMD      772 E[90m_[0m[34m3[0m[90m_[0m[36m4[0m[90m_[0m[33m4[0m                                        arg  2 mem  17.61 GB tm      3.60us/ 46234.74ms (      0 GFLOPS    0|0      GB/s)
*** AMD      773 E[90m_[0m[34m3[0m[90m_[0m[36m4[0m[90m_[0m[33m4[0m                                        arg  2 mem  17.61 GB tm      3.56us/ 46234.75ms (      0 GFLOPS    0|0      GB/s)
*** AMD      774 E[90m_[0m[36m32[0m[90m_[0m[33m4[0m                                         arg  2 mem  17.61 GB tm      3.32us/ 46234.75ms (      0 GFLOPS    0|0      GB/s)
*** AMD      775 E[90m_[0m[34m320[0m[90m_[0m[36m32[0m[90m_[0m[33m4[0m                                     arg  2 mem  17.61 GB tm      3.60us/ 46234.75ms (      0 GFLOPS   68|68     GB/s)
*** AMD      776 E[90m_[0m[34m3[0m[90m_[0m[36m4[0m[90m_[0m[33m4[0m                                        arg  2 mem  17.61 GB tm      3.56us/ 46234.76ms (      0 GFLOPS    0|0      GB/s)
*** AMD      777 E[90m_[0m[34m3[0m[90m_[0m[36m4[0m[90m_[0m[33m4[0m                                        arg  2 mem  17.61 GB tm      3.60us/ 46234.76ms (      0 GFLOPS    0|0      GB/s)
*** AMD      778 E[90m_[0m[36m32[0m[90m_[0m[33m4[0m                                         arg  2 mem  17.61 GB tm      3.40us/ 46234.76ms (      0 GFLOPS    0|0      GB/s)
*** AMD      779 E[90m_[0m[34m320[0m[90m_[0m[36m32[0m[90m_[0m[33m4[0m                                     arg  2 mem  17.61 GB tm      3.60us/ 46234.77ms (      0 GFLOPS   68|68     GB/s)
*** AMD      780 E[90m_[0m[34m3[0m[90m_[0m[36m4[0m[90m_[0m[33m4[0m                                        arg  2 mem  17.61 GB tm      3.56us/ 46234.77ms (      0 GFLOPS    0|0      GB/s)
*** AMD      781 E[90m_[0m[34m3[0m[90m_[0m[36m4[0m[90m_[0m[33m4[0m                                        arg  2 mem  17.61 GB tm      3.52us/ 46234.77ms (      0 GFLOPS    0|0      GB/s)
*** AMD      782 E[90m_[0m[36m32[0m[90m_[0m[33m4[0m                                         arg  2 mem  17.61 GB tm      3.36us/ 46234.78ms (      0 GFLOPS    0|0      GB/s)
*** AMD      783 E[90m_[0m[34m320[0m[90m_[0m[36m32[0m[90m_[0m[33m4[0m                                     arg  2 mem  17.61 GB tm      3.60us/ 46234.78ms (      0 GFLOPS   68|68     GB/s)
*** AMD      784 E[90m_[0m[34m3[0m[90m_[0m[36m4[0m[90m_[0m[33m4[0m                                        arg  2 mem  17.61 GB tm      3.64us/ 46234.79ms (      0 GFLOPS    0|0      GB/s)
*** AMD      785 E[90m_[0m[34m3[0m[90m_[0m[36m4[0m[90m_[0m[33m4[0m                                        arg  2 mem  17.61 GB tm      3.52us/ 46234.79ms (      0 GFLOPS    0|0      GB/s)
*** AMD      786 E[90m_[0m[36m32[0m[90m_[0m[33m4[0m                                         arg  2 mem  17.61 GB tm      3.28us/ 46234.79ms (      0 GFLOPS    0|0      GB/s)
*** AMD      787 E[90m_[0m[34m320[0m[90m_[0m[36m32[0m[90m_[0m[33m4[0m                                     arg  2 mem  17.61 GB tm      3.56us/ 46234.80ms (      0 GFLOPS   69|69     GB/s)
*** AMD      788 E[90m_[0m[34m3[0m[90m_[0m[36m4[0m[90m_[0m[33m4[0m                                        arg  2 mem  17.61 GB tm      3.56us/ 46234.80ms (      0 GFLOPS    0|0      GB/s)
*** AMD      789 E[90m_[0m[34m3[0m[90m_[0m[36m4[0m[90m_[0m[33m4[0m                                        arg  2 mem  17.61 GB tm      3.56us/ 46234.80ms (      0 GFLOPS    0|0      GB/s)
*** AMD      790 E[90m_[0m[36m32[0m[90m_[0m[33m4[0m                                         arg  2 mem  17.61 GB tm      3.44us/ 46234.81ms (      0 GFLOPS    0|0      GB/s)
*** AMD      791 E[90m_[0m[34m320[0m[90m_[0m[36m32[0m[90m_[0m[33m4[0m                                     arg  2 mem  17.61 GB tm      3.56us/ 46234.81ms (      0 GFLOPS   69|69     GB/s)
*** AMD      792 E[90m_[0m[34m3[0m[90m_[0m[36m4[0m[90m_[0m[33m4[0m                                        arg  2 mem  17.61 GB tm      3.56us/ 46234.81ms (      0 GFLOPS    0|0      GB/s)
*** AMD      793 E[90m_[0m[34m3[0m[90m_[0m[36m4[0m[90m_[0m[33m4[0m                                        arg  2 mem  17.61 GB tm      3.56us/ 46234.82ms (      0 GFLOPS    0|0      GB/s)
*** AMD      794 E[90m_[0m[36m32[0m[90m_[0m[33m4[0m                                         arg  2 mem  17.61 GB tm      3.36us/ 46234.82ms (      0 GFLOPS    0|0      GB/s)
*** AMD      795 E[90m_[0m[34m320[0m[90m_[0m[36m32[0m[90m_[0m[33m4[0m                                     arg  2 mem  17.61 GB tm      3.56us/ 46234.82ms (      0 GFLOPS   69|69     GB/s)
*** AMD      796 E[90m_[0m[34m3[0m[90m_[0m[36m4[0m[90m_[0m[33m4[0m                                        arg  2 mem  17.61 GB tm      3.60us/ 46234.83ms (      0 GFLOPS    0|0      GB/s)
*** AMD      797 E[90m_[0m[34m3[0m[90m_[0m[36m4[0m[90m_[0m[33m4[0m                                        arg  2 mem  17.61 GB tm      3.56us/ 46234.83ms (      0 GFLOPS    0|0      GB/s)
*** AMD      798 E[90m_[0m[36m32[0m[90m_[0m[33m4[0m                                         arg  2 mem  17.61 GB tm      3.32us/ 46234.83ms (      0 GFLOPS    0|0      GB/s)
*** AMD      799 E[90m_[0m[34m320[0m[90m_[0m[36m32[0m[90m_[0m[33m4[0m                                     arg  2 mem  17.61 GB tm      3.60us/ 46234.84ms (      0 GFLOPS   68|68     GB/s)
*** AMD      800 E[90m_[0m[34m3[0m[90m_[0m[36m4[0m[90m_[0m[33m4[0m                                        arg  2 mem  17.61 GB tm      3.56us/ 46234.84ms (      0 GFLOPS    0|0      GB/s)
*** AMD      801 E[90m_[0m[34m3[0m[90m_[0m[36m4[0m[90m_[0m[33m4[0m                                        arg  2 mem  17.61 GB tm      3.52us/ 46234.85ms (      0 GFLOPS    0|0      GB/s)
*** AMD      802 E[90m_[0m[36m32[0m[90m_[0m[33m4[0m                                         arg  2 mem  17.61 GB tm      3.36us/ 46234.85ms (      0 GFLOPS    0|0      GB/s)
*** AMD      803 E[90m_[0m[34m320[0m[90m_[0m[36m32[0m[90m_[0m[33m4[0m                                     arg  2 mem  17.61 GB tm      3.68us/ 46234.85ms (      0 GFLOPS   67|67     GB/s)
*** AMD      804 E[90m_[0m[34m3[0m[90m_[0m[36m4[0m[90m_[0m[33m4[0m                                        arg  2 mem  17.61 GB tm      3.56us/ 46234.86ms (      0 GFLOPS    0|0      GB/s)
*** AMD      805 E[90m_[0m[34m3[0m[90m_[0m[36m4[0m[90m_[0m[33m4[0m                                        arg  2 mem  17.61 GB tm      3.52us/ 46234.86ms (      0 GFLOPS    0|0      GB/s)
*** AMD      806 E[90m_[0m[36m32[0m[90m_[0m[33m4[0m                                         arg  2 mem  17.61 GB tm      3.40us/ 46234.86ms (      0 GFLOPS    0|0      GB/s)
*** AMD      807 E[90m_[0m[34m320[0m[90m_[0m[36m32[0m[90m_[0m[33m4[0m                                     arg  2 mem  17.61 GB tm      3.60us/ 46234.87ms (      0 GFLOPS   68|68     GB/s)
*** AMD      808 E[90m_[0m[34m3[0m[90m_[0m[36m4[0m[90m_[0m[33m4[0m                                        arg  2 mem  17.61 GB tm      3.60us/ 46234.87ms (      0 GFLOPS    0|0      GB/s)
*** AMD      809 E[90m_[0m[34m3[0m[90m_[0m[36m4[0m[90m_[0m[33m4[0m                                        arg  2 mem  17.61 GB tm      3.68us/ 46234.87ms (      0 GFLOPS    0|0      GB/s)
*** AMD      810 E[90m_[0m[36m32[0m[90m_[0m[33m4[0m                                         arg  2 mem  17.61 GB tm      3.40us/ 46234.88ms (      0 GFLOPS    0|0      GB/s)
*** AMD      811 E[90m_[0m[34m320[0m[90m_[0m[36m32[0m[90m_[0m[33m4[0m                                     arg  2 mem  17.61 GB tm      3.64us/ 46234.88ms (      0 GFLOPS   68|68     GB/s)
*** AMD      812 E[90m_[0m[34m3[0m[90m_[0m[36m4[0m[90m_[0m[33m4[0m                                        arg  2 mem  17.61 GB tm      3.60us/ 46234.88ms (      0 GFLOPS    0|0      GB/s)
*** AMD      813 E[90m_[0m[34m3[0m[90m_[0m[36m4[0m[90m_[0m[33m4[0m                                        arg  2 mem  17.61 GB tm      3.52us/ 46234.89ms (      0 GFLOPS    0|0      GB/s)
*** AMD      814 E[90m_[0m[36m32[0m[90m_[0m[33m4[0m                                         arg  2 mem  17.61 GB tm      3.36us/ 46234.89ms (      0 GFLOPS    0|0      GB/s)
*** AMD      815 E[90m_[0m[34m320[0m[90m_[0m[36m32[0m[90m_[0m[33m4[0m                                     arg  2 mem  17.61 GB tm      3.56us/ 46234.89ms (      0 GFLOPS   69|69     GB/s)
*** AMD      816 E[90m_[0m[34m3[0m[90m_[0m[36m4[0m[90m_[0m[33m4[0m                                        arg  2 mem  17.61 GB tm      3.56us/ 46234.90ms (      0 GFLOPS    0|0      GB/s)
*** AMD      817 E[90m_[0m[34m3[0m[90m_[0m[36m4[0m[90m_[0m[33m4[0m                                        arg  2 mem  17.61 GB tm      3.60us/ 46234.90ms (      0 GFLOPS    0|0      GB/s)
*** AMD      818 E[90m_[0m[36m32[0m[90m_[0m[33m4[0m                                         arg  2 mem  17.61 GB tm      3.44us/ 46234.91ms (      0 GFLOPS    0|0      GB/s)
*** AMD      819 E[90m_[0m[34m320[0m[90m_[0m[36m32[0m[90m_[0m[33m4[0m                                     arg  2 mem  17.61 GB tm      3.68us/ 46234.91ms (      0 GFLOPS   67|67     GB/s)
*** AMD      820 E[90m_[0m[34m3[0m[90m_[0m[36m4[0m[90m_[0m[33m4[0m                                        arg  2 mem  17.61 GB tm      3.56us/ 46234.91ms (      0 GFLOPS    0|0      GB/s)
*** AMD      821 E[90m_[0m[34m3[0m[90m_[0m[36m4[0m[90m_[0m[33m4[0m                                        arg  2 mem  17.61 GB tm      3.56us/ 46234.92ms (      0 GFLOPS    0|0      GB/s)
*** AMD      822 E[90m_[0m[36m32[0m[90m_[0m[33m4[0m                                         arg  2 mem  17.61 GB tm      3.44us/ 46234.92ms (      0 GFLOPS    0|0      GB/s)
*** AMD      823 E[90m_[0m[34m320[0m[90m_[0m[36m32[0m[90m_[0m[33m4[0m                                     arg  2 mem  17.61 GB tm      3.72us/ 46234.92ms (      0 GFLOPS   66|66     GB/s)
*** AMD      824 E[90m_[0m[34m3[0m[90m_[0m[36m4[0m[90m_[0m[33m4[0m                                        arg  2 mem  17.61 GB tm      3.64us/ 46234.93ms (      0 GFLOPS    0|0      GB/s)
*** AMD      825 E[90m_[0m[34m3[0m[90m_[0m[36m4[0m[90m_[0m[33m4[0m                                        arg  2 mem  17.61 GB tm      3.60us/ 46234.93ms (      0 GFLOPS    0|0      GB/s)
*** AMD      826 E[90m_[0m[36m32[0m[90m_[0m[33m4[0m                                         arg  2 mem  17.61 GB tm      3.40us/ 46234.93ms (      0 GFLOPS    0|0      GB/s)
*** AMD      827 E[90m_[0m[34m320[0m[90m_[0m[36m32[0m[90m_[0m[33m4[0m                                     arg  2 mem  17.61 GB tm      3.64us/ 46234.94ms (      0 GFLOPS   68|68     GB/s)
*** AMD      828 E[90m_[0m[34m3[0m[90m_[0m[36m4[0m[90m_[0m[33m4[0m                                        arg  2 mem  17.61 GB tm      3.60us/ 46234.94ms (      0 GFLOPS    0|0      GB/s)
*** AMD      829 E[90m_[0m[34m3[0m[90m_[0m[36m4[0m[90m_[0m[33m4[0m                                        arg  2 mem  17.61 GB tm      3.60us/ 46234.94ms (      0 GFLOPS    0|0      GB/s)
*** AMD      830 E[90m_[0m[36m32[0m[90m_[0m[33m4[0m                                         arg  2 mem  17.61 GB tm      3.32us/ 46234.95ms (      0 GFLOPS    0|0      GB/s)
*** AMD      831 E[90m_[0m[34m320[0m[90m_[0m[36m32[0m[90m_[0m[33m4[0m                                     arg  2 mem  17.61 GB tm      3.60us/ 46234.95ms (      0 GFLOPS   68|68     GB/s)
*** AMD      832 E[90m_[0m[34m3[0m[90m_[0m[36m4[0m[90m_[0m[33m4[0m                                        arg  2 mem  17.61 GB tm      3.60us/ 46234.96ms (      0 GFLOPS    0|0      GB/s)
*** AMD      833 E[90m_[0m[34m3[0m[90m_[0m[36m4[0m[90m_[0m[33m4[0m                                        arg  2 mem  17.61 GB tm      3.52us/ 46234.96ms (      0 GFLOPS    0|0      GB/s)
*** AMD      834 E[90m_[0m[36m32[0m[90m_[0m[33m4[0m                                         arg  2 mem  17.61 GB tm      3.24us/ 46234.96ms (      0 GFLOPS    0|0      GB/s)
*** AMD      835 E[90m_[0m[34m320[0m[90m_[0m[36m32[0m[90m_[0m[33m4[0m                                     arg  2 mem  17.61 GB tm      3.60us/ 46234.97ms (      0 GFLOPS   68|68     GB/s)
*** AMD      836 E[90m_[0m[34m3[0m[90m_[0m[36m4[0m[90m_[0m[33m4[0m                                        arg  2 mem  17.61 GB tm      3.48us/ 46234.97ms (      0 GFLOPS    0|0      GB/s)
*** AMD      837 E[90m_[0m[34m3[0m[90m_[0m[36m4[0m[90m_[0m[33m4[0m                                        arg  2 mem  17.61 GB tm      3.52us/ 46234.97ms (      0 GFLOPS    0|0      GB/s)
*** AMD      838 E[90m_[0m[36m32[0m[90m_[0m[33m4[0m                                         arg  2 mem  17.61 GB tm      3.16us/ 46234.98ms (      0 GFLOPS    0|0      GB/s)
*** AMD      839 E[90m_[0m[34m320[0m[90m_[0m[36m32[0m[90m_[0m[33m4[0m                                     arg  2 mem  17.61 GB tm      3.64us/ 46234.98ms (      0 GFLOPS   68|68     GB/s)
*** AMD      840 E[90m_[0m[34m3[0m[90m_[0m[36m4[0m[90m_[0m[33m4[0m                                        arg  2 mem  17.61 GB tm      3.52us/ 46234.98ms (      0 GFLOPS    0|0      GB/s)
*** AMD      841 E[90m_[0m[34m3[0m[90m_[0m[36m4[0m[90m_[0m[33m4[0m                                        arg  2 mem  17.61 GB tm      3.44us/ 46234.99ms (      0 GFLOPS    0|0      GB/s)
*** AMD      842 E[90m_[0m[36m32[0m[90m_[0m[33m4[0m                                         arg  2 mem  17.61 GB tm      3.12us/ 46234.99ms (      0 GFLOPS    0|0      GB/s)
*** AMD      843 E[90m_[0m[34m320[0m[90m_[0m[36m32[0m[90m_[0m[33m4[0m                                     arg  2 mem  17.61 GB tm      3.60us/ 46234.99ms (      0 GFLOPS   68|68     GB/s)
*** AMD      844 E[90m_[0m[34m3[0m[90m_[0m[36m4[0m[90m_[0m[33m4[0m                                        arg  2 mem  17.61 GB tm      3.52us/ 46235.00ms (      0 GFLOPS    0|0      GB/s)
*** AMD      845 E[90m_[0m[34m3[0m[90m_[0m[36m4[0m[90m_[0m[33m4[0m                                        arg  2 mem  17.61 GB tm      3.48us/ 46235.00ms (      0 GFLOPS    0|0      GB/s)
*** AMD      846 E[90m_[0m[36m32[0m[90m_[0m[33m4[0m                                         arg  2 mem  17.61 GB tm      3.20us/ 46235.00ms (      0 GFLOPS    0|0      GB/s)
*** AMD      847 E[90m_[0m[34m320[0m[90m_[0m[36m32[0m[90m_[0m[33m4[0m                                     arg  2 mem  17.61 GB tm      3.56us/ 46235.01ms (      0 GFLOPS   69|69     GB/s)
*** AMD      848 E[90m_[0m[34m3[0m[90m_[0m[36m4[0m[90m_[0m[33m4[0m                                        arg  2 mem  17.61 GB tm      3.48us/ 46235.01ms (      0 GFLOPS    0|0      GB/s)
*** AMD      849 E[90m_[0m[34m3[0m[90m_[0m[36m4[0m[90m_[0m[33m4[0m                                        arg  2 mem  17.61 GB tm      3.52us/ 46235.01ms (      0 GFLOPS    0|0      GB/s)
*** AMD      850 E[90m_[0m[36m32[0m[90m_[0m[33m4[0m                                         arg  2 mem  17.61 GB tm      3.16us/ 46235.02ms (      0 GFLOPS    0|0      GB/s)
*** AMD      851 E[90m_[0m[34m320[0m[90m_[0m[36m32[0m[90m_[0m[33m4[0m                                     arg  2 mem  17.61 GB tm      3.72us/ 46235.02ms (      0 GFLOPS   66|66     GB/s)
*** AMD      852 E[90m_[0m[34m3[0m[90m_[0m[36m4[0m[90m_[0m[33m4[0m                                        arg  2 mem  17.61 GB tm      3.48us/ 46235.02ms (      0 GFLOPS    0|0      GB/s)
*** AMD      853 E[90m_[0m[34m3[0m[90m_[0m[36m4[0m[90m_[0m[33m4[0m                                        arg  2 mem  17.61 GB tm      3.48us/ 46235.03ms (      0 GFLOPS    0|0      GB/s)
*** AMD      854 E[90m_[0m[36m32[0m[90m_[0m[33m4[0m                                         arg  2 mem  17.61 GB tm      3.16us/ 46235.03ms (      0 GFLOPS    0|0      GB/s)
*** AMD      855 E[90m_[0m[34m320[0m[90m_[0m[36m32[0m[90m_[0m[33m4[0m                                     arg  2 mem  17.61 GB tm      3.64us/ 46235.03ms (      0 GFLOPS   68|68     GB/s)
*** AMD      856 E[90m_[0m[34m3[0m[90m_[0m[36m4[0m[90m_[0m[33m4[0m                                        arg  2 mem  17.61 GB tm      3.44us/ 46235.04ms (      0 GFLOPS    0|0      GB/s)
*** AMD      857 E[90m_[0m[34m3[0m[90m_[0m[36m4[0m[90m_[0m[33m4[0m                                        arg  2 mem  17.61 GB tm      3.48us/ 46235.04ms (      0 GFLOPS    0|0      GB/s)
*** AMD      858 E[90m_[0m[36m32[0m[90m_[0m[33m4[0m                                         arg  2 mem  17.61 GB tm      3.12us/ 46235.04ms (      0 GFLOPS    0|0      GB/s)
*** AMD      859 E[90m_[0m[34m320[0m[90m_[0m[36m32[0m[90m_[0m[33m4[0m                                     arg  2 mem  17.61 GB tm      3.68us/ 46235.05ms (      0 GFLOPS   67|67     GB/s)
*** AMD      860 E[90m_[0m[34m3[0m[90m_[0m[36m4[0m[90m_[0m[33m4[0m                                        arg  2 mem  17.61 GB tm      3.48us/ 46235.05ms (      0 GFLOPS    0|0      GB/s)
*** AMD      861 E[90m_[0m[34m3[0m[90m_[0m[36m4[0m[90m_[0m[33m4[0m                                        arg  2 mem  17.61 GB tm      3.44us/ 46235.06ms (      0 GFLOPS    0|0      GB/s)
*** AMD      862 E[90m_[0m[36m32[0m[90m_[0m[33m4[0m                                         arg  2 mem  17.61 GB tm      3.12us/ 46235.06ms (      0 GFLOPS    0|0      GB/s)
*** AMD      863 E[90m_[0m[34m320[0m[90m_[0m[36m32[0m[90m_[0m[33m4[0m                                     arg  2 mem  17.61 GB tm      3.48us/ 46235.06ms (      0 GFLOPS   71|71     GB/s)
*** AMD      864 E[90m_[0m[34m3[0m[90m_[0m[36m4[0m[90m_[0m[33m4[0m                                        arg  2 mem  17.61 GB tm      3.48us/ 46235.07ms (      0 GFLOPS    0|0      GB/s)
*** AMD      865 E[90m_[0m[34m3[0m[90m_[0m[36m4[0m[90m_[0m[33m4[0m                                        arg  2 mem  17.61 GB tm      3.48us/ 46235.07ms (      0 GFLOPS    0|0      GB/s)
*** AMD      866 E[90m_[0m[36m32[0m[90m_[0m[33m4[0m                                         arg  2 mem  17.61 GB tm      3.16us/ 46235.07ms (      0 GFLOPS    0|0      GB/s)
using model "Qwen3.8-27B" with 18,091,860,800 bytes and 62,621,740,864 params, max context 8192 on AMD
scheduled    33 kernels in    66.14 ms | CACHE MISS 245e67b2 |   37444 uops in cache | <frozen runpy>:88
memory reduced from 5.24 MB -> 5.24 MB, 2 -> 1 bufs
compiling:   0%|                                         | 0/27 [00:00<?, ?it/s]compiling gather_rows_256_2880                    :   4%| | 1/27 [00:00<00:00, 253.24it/s]compiling rmsnorm_quant_5120_float_b128           :   7%| | 2/27 [00:00<00:00, 308.78it/s]compiling E                                       :  11%| | 3/27 [00:00<00:00, 320.26it/s]compiling gemm_q8_10240_5120_t256_m64n64_wn4_pf0  :  22%|▏| 6/27 [00:00<00:00, 525.79it/s]compiling gdn_conv_10240_4_t256                   :  37%|▎| 10/27 [00:00<00:00, 641.64it/s]compiling gdn_step_48_16_128_128_t256_b128        :  44%|▍| 12/27 [00:00<00:00, 694.66it/s]compiling gemm_q8_5120_6144_t256_m64n64_wn4_pf0_res:  67%|▋| 18/27 [00:00<00:00, 899.28it/s]compiling E[90m_[0m[34m2[0m[90m_[0m[36m32[0m[90m_[0m[33m4[0m                                :  89%|▉| 24/27 [00:00<00:00, 176.23it/s]compiling E[90m_[0m[34m8192[0m[90m_[0m[36m32[0m[90m_[0m[33m3[0m                             :  93%|▉| 25/27 [00:00<00:00, 182.98it/s]compiling E[90m_[0m[34m1280[0m[90m_[0m[34m2[0m[90m_[0m[36m4[0m[90m_[0m[36m2[0m[90m_[0m[36m16[0m[90m_[0m[33m2[0m[90m_[0m[33m2[0m                     :  96%|▉| 26/27 [00:00<00:00, 139.38it/s]compiling E[90m_[0m[34m320[0m[90m_[0m[36m32[0m[90m_[0m[33m3[0m                              : 100%|█| 27/27 [00:00<00:00, 136.92it/s]compiling E[90m_[0m[34m320[0m[90m_[0m[36m32[0m[90m_[0m[33m3[0m                              : 100%|█| 27/27 [00:00<00:00, 136.83it/s]
scheduled    25 kernels in    11.60 ms | CACHE MISS e65358c0 |   37930 uops in cache | <frozen runpy>:88
compiling:   0%|                                          | 0/7 [00:00<?, ?it/s]compiling deq8_iq4xs_17408_5120                   :  14%|▏| 1/7 [00:00<00:00, 460.54it/s]compiling deq8_q8_0_48_5120                       :  57%|▌| 4/7 [00:00<00:00, 1441.84it/s]compiling deq8_iq4nl_5120_17408                   : 100%|█| 7/7 [00:00<00:00, 2144.10it/s]
scheduled    25 kernels in    10.66 ms | CACHE MISS bfdf5c98 |   38123 uops in cache | <frozen runpy>:88
compiling:   0%|                                          | 0/2 [00:00<?, ?it/s]compiling deq8_q4k_10240_5120                     :  50%|▌| 1/2 [00:00<00:00, 465.50it/s]compiling deq8_q5k_6144_5120                      : 100%|█| 2/2 [00:00<00:00, 812.23it/s]
scheduled    20 kernels in    39.21 ms | CACHE MISS 597d9c12 |   38515 uops in cache | <frozen runpy>:88
compiling:   0%|                                         | 0/12 [00:00<?, ?it/s]compiling deq8_q5k_17408_5120                     :   8%| | 1/12 [00:00<00:00, 347.91it/s]compiling deq8_q5k_12288_5120                     :  25%|▎| 3/12 [00:00<00:00, 830.70it/s]compiling gemm_q8_1024_5120_t256_m64n64_wn4_pf0   :  67%|▋| 8/12 [00:00<00:00, 1673.81it/s]compiling E[90m_[0m[34m2051[0m[90m_[0m[34m2[0m[90m_[0m[36m4[0m[90m_[0m[36m16[0m[90m_[0m[33m2[0m                         : 100%|█| 12/12 [00:00<00:00, 156.19it/s]
scheduled    25 kernels in    11.13 ms | CACHE MISS 5e989fdf |   38411 uops in cache | <frozen runpy>:88
compiling:   0%|                                          | 0/3 [00:00<?, ?it/s]compiling deq8_q5k_5120_6144                      :  33%|▎| 1/3 [00:00<00:00, 645.85it/s]compiling deq8_q4k_17408_5120                     : 100%|█| 3/3 [00:00<00:00, 1331.65it/s]
scheduled    25 kernels in    10.82 ms | CACHE MISS 784e664a |   38531 uops in cache | <frozen runpy>:88
compiling:   0%|                                          | 0/1 [00:00<?, ?it/s]compiling deq8_q5k_10240_5120                     : 100%|█| 1/1 [00:00<00:00, 2617.22it/s]compiling deq8_q5k_10240_5120                     : 100%|█| 1/1 [00:00<00:00, 2431.24it/s]
scheduled    25 kernels in    10.83 ms | CACHE MISS c3b1c6f5 |   38658 uops in cache | <frozen runpy>:88
compiling:   0%|                                          | 0/2 [00:00<?, ?it/s]compiling deq8_q6k_10240_5120                     :  50%|▌| 1/2 [00:00<00:00, 373.56it/s]compiling deq8_q4k_5120_17408                     : 100%|█| 2/2 [00:00<00:00, 731.51it/s]
scheduled    19 kernels in     7.71 ms | CACHE MISS 1c91a442 |   38806 uops in cache | <frozen runpy>:88
compiling:   0%|                                          | 0/3 [00:00<?, ?it/s]compiling deq8_q5k_5120_6144                      :  33%|▎| 1/3 [00:00<00:00, 601.40it/s]compiling deq8_q4k_12288_5120                     : 100%|█| 3/3 [00:00<00:00, 1369.78it/s]
scheduled    25 kernels in    10.87 ms | CACHE MISS 66ee7eec |   38466 uops in cache | <frozen runpy>:88
scheduled    25 kernels in    10.62 ms | CACHE MISS 2b95b246 |   38579 uops in cache | <frozen runpy>:88
scheduled    25 kernels in    10.80 ms | CACHE MISS d678bab1 |   38691 uops in cache | <frozen runpy>:88
scheduled    19 kernels in     7.70 ms | CACHE MISS 43e32189 |   38848 uops in cache | <frozen runpy>:88
compiling:   0%|                                          | 0/3 [00:00<?, ?it/s]compiling deq8_q5k_12288_5120                     :  33%|▎| 1/3 [00:00<00:00, 585.69it/s]compiling deq8_q6k_1024_5120                      : 100%|█| 3/3 [00:00<00:00, 1080.91it/s]
scheduled    25 kernels in    10.75 ms | CACHE MISS bc893116 |   38507 uops in cache | <frozen runpy>:88
scheduled    25 kernels in    10.65 ms | CACHE MISS 42befc01 |   38623 uops in cache | <frozen runpy>:88
compiling:   0%|                                          | 0/1 [00:00<?, ?it/s]compiling deq8_q3k_17408_5120                     : 100%|█| 1/1 [00:00<00:00, 2226.46it/s]compiling deq8_q3k_17408_5120                     : 100%|█| 1/1 [00:00<00:00, 2073.54it/s]
scheduled    25 kernels in    10.93 ms | CACHE MISS 69c0af0e |   38764 uops in cache | <frozen runpy>:88
compiling:   0%|                                          | 0/3 [00:00<?, ?it/s]compiling deq8_q3k_17408_5120                     :  33%|▎| 1/3 [00:00<00:00, 455.75it/s]compiling deq8_q4k_5120_6144                      : 100%|█| 3/3 [00:00<00:00, 934.59it/s]
scheduled    19 kernels in     7.76 ms | CACHE MISS eccab3d4 |   38870 uops in cache | <frozen runpy>:88
compiling:   0%|                                          | 0/2 [00:00<?, ?it/s]compiling deq8_iq4xs_5120_6144                    :  50%|▌| 1/2 [00:00<00:00, 479.22it/s]compiling deq8_q4k_12288_5120                     : 100%|█| 2/2 [00:00<00:00, 801.57it/s]
scheduled    25 kernels in    10.85 ms | CACHE MISS 8ed8a787 |   38530 uops in cache | <frozen runpy>:88
compiling:   0%|                                          | 0/1 [00:00<?, ?it/s]compiling deq8_q4k_6144_5120                      : 100%|█| 1/1 [00:00<00:00, 2481.17it/s]compiling deq8_q4k_6144_5120                      : 100%|█| 1/1 [00:00<00:00, 2293.06it/s]
scheduled    25 kernels in    10.94 ms | CACHE MISS a3e44c7d |   38652 uops in cache | <frozen runpy>:88
compiling:   0%|                                          | 0/2 [00:00<?, ?it/s]compiling deq8_iq4xs_6144_5120                    :  50%|▌| 1/2 [00:00<00:00, 545.73it/s]compiling deq8_iq4nl_17408_5120                   : 100%|█| 2/2 [00:00<00:00, 985.92it/s]
scheduled    25 kernels in     2.24 ms |  cache hit 2b95b246 |   38767 uops in cache | <frozen runpy>:88
scheduled    19 kernels in     7.50 ms | CACHE MISS 9b4576cb |   38861 uops in cache | <frozen runpy>:88
scheduled    25 kernels in    10.69 ms | CACHE MISS b0e9f651 |   38515 uops in cache | <frozen runpy>:88
scheduled    25 kernels in    10.72 ms | CACHE MISS 2f4f36e5 |   38631 uops in cache | <frozen runpy>:88
compiling:   0%|                                          | 0/1 [00:00<?, ?it/s]compiling deq8_iq4nl_10240_5120                   : 100%|█| 1/1 [00:00<00:00, 2110.31it/s]compiling deq8_iq4nl_10240_5120                   : 100%|█| 1/1 [00:00<00:00, 1981.39it/s]
scheduled    25 kernels in     9.91 ms | CACHE MISS 535faf81 |   38745 uops in cache | <frozen runpy>:88
scheduled    19 kernels in     7.65 ms | CACHE MISS b29ae14b |   38846 uops in cache | <frozen runpy>:88
compiling:   0%|                                          | 0/1 [00:00<?, ?it/s]compiling deq8_q5k_17408_5120                     : 100%|█| 1/1 [00:00<00:00, 2630.01it/s]compiling deq8_q5k_17408_5120                     : 100%|█| 1/1 [00:00<00:00, 2427.93it/s]
scheduled    25 kernels in    10.80 ms | CACHE MISS 978dd7e5 |   38501 uops in cache | <frozen runpy>:88
scheduled    25 kernels in    10.64 ms | CACHE MISS a25ef891 |   38613 uops in cache | <frozen runpy>:88
scheduled    25 kernels in    10.54 ms | CACHE MISS 8289fd51 |   38725 uops in cache | <frozen runpy>:88
scheduled    19 kernels in     7.77 ms | CACHE MISS ba81912b |   38822 uops in cache | <frozen runpy>:88
compiling:   0%|                                          | 0/1 [00:00<?, ?it/s]compiling deq8_iq4xs_12288_5120                   : 100%|█| 1/1 [00:00<00:00, 2572.40it/s]compiling deq8_iq4xs_12288_5120                   : 100%|█| 1/1 [00:00<00:00, 2359.45it/s]
scheduled    25 kernels in    11.06 ms | CACHE MISS dbc2b6e3 |   38486 uops in cache | <frozen runpy>:88
compiling:   0%|                                          | 0/2 [00:00<?, ?it/s]compiling deq8_iq4nl_17408_5120                   :  50%|▌| 1/2 [00:00<00:00, 420.34it/s]compiling deq8_q6k_6144_5120                      : 100%|█| 2/2 [00:00<00:00, 825.12it/s]
scheduled    25 kernels in     2.21 ms |  cache hit 2b95b246 |   38600 uops in cache | <frozen runpy>:88
scheduled    25 kernels in    10.41 ms | CACHE MISS 2897119d |   38712 uops in cache | <frozen runpy>:88
scheduled    19 kernels in     7.54 ms | CACHE MISS e7bda914 |   38806 uops in cache | <frozen runpy>:88
scheduled    25 kernels in    10.90 ms | CACHE MISS 017475c0 |   38460 uops in cache | <frozen runpy>:88
scheduled    25 kernels in    10.68 ms | CACHE MISS 1431143d |   38572 uops in cache | <frozen runpy>:88
scheduled    25 kernels in    10.58 ms | CACHE MISS 93eb13ed |   38684 uops in cache | <frozen runpy>:88
scheduled    19 kernels in     7.61 ms | CACHE MISS 4f183c4e |   38778 uops in cache | <frozen runpy>:88
scheduled    25 kernels in     2.29 ms |  cache hit b0e9f651 |   38431 uops in cache | <frozen runpy>:88
scheduled    25 kernels in    10.90 ms | CACHE MISS 193ea85d |   38549 uops in cache | <frozen runpy>:88
compiling:   0%|                                          | 0/1 [00:00<?, ?it/s]compiling deq8_iq4xs_10240_5120                   : 100%|█| 1/1 [00:00<00:00, 2100.68it/s]compiling deq8_iq4xs_10240_5120                   : 100%|█| 1/1 [00:00<00:00, 1937.18it/s]
scheduled    25 kernels in    10.84 ms | CACHE MISS 15be88d5 |   38663 uops in cache | <frozen runpy>:88
scheduled    19 kernels in     7.63 ms | CACHE MISS c86a553c |   38755 uops in cache | <frozen runpy>:88
scheduled    25 kernels in    10.61 ms | CACHE MISS 9e2df60a |   38409 uops in cache | <frozen runpy>:88
scheduled    25 kernels in    10.66 ms | CACHE MISS d12a9915 |   38521 uops in cache | <frozen runpy>:88
scheduled    25 kernels in     2.24 ms |  cache hit d12a9915 |   38632 uops in cache | <frozen runpy>:88
scheduled    19 kernels in     7.66 ms | CACHE MISS 09c0e143 |   38724 uops in cache | <frozen runpy>:88
scheduled    25 kernels in    10.70 ms | CACHE MISS d13e5c7c |   38378 uops in cache | <frozen runpy>:88
scheduled    25 kernels in    10.60 ms | CACHE MISS 5f6c0318 |   38490 uops in cache | <frozen runpy>:88
scheduled    25 kernels in    10.70 ms | CACHE MISS df44424d |   38602 uops in cache | <frozen runpy>:88
scheduled    19 kernels in     7.62 ms | CACHE MISS 516907cd |   38696 uops in cache | <frozen runpy>:88
scheduled    25 kernels in    10.65 ms | CACHE MISS 6cef1396 |   38350 uops in cache | <frozen runpy>:88
scheduled    25 kernels in    10.78 ms | CACHE MISS d065410a |   38462 uops in cache | <frozen runpy>:88
scheduled    25 kernels in    10.64 ms | CACHE MISS 85f565c1 |   38574 uops in cache | <frozen runpy>:88
scheduled    19 kernels in     7.65 ms | CACHE MISS a181fd6f |   38666 uops in cache | <frozen runpy>:88
scheduled    25 kernels in    10.94 ms | CACHE MISS 124ed4eb |   38320 uops in cache | <frozen runpy>:88
scheduled    25 kernels in     2.26 ms |  cache hit d12a9915 |   38431 uops in cache | <frozen runpy>:88
scheduled    25 kernels in     2.24 ms |  cache hit d12a9915 |   38542 uops in cache | <frozen runpy>:88
scheduled    19 kernels in     7.70 ms | CACHE MISS a74b75cc |   38634 uops in cache | <frozen runpy>:88
scheduled    25 kernels in    10.83 ms | CACHE MISS 721485f5 |   38294 uops in cache | <frozen runpy>:88
compiling:   0%|                                          | 0/1 [00:00<?, ?it/s]compiling deq8_q6k_5120_17408                     : 100%|█| 1/1 [00:00<00:00, 2112.14it/s]compiling deq8_q6k_5120_17408                     : 100%|█| 1/1 [00:00<00:00, 1968.19it/s]
scheduled    25 kernels in    10.86 ms | CACHE MISS 6787267e |   38408 uops in cache | <frozen runpy>:88
scheduled    25 kernels in    10.95 ms | CACHE MISS 0606021d |   38525 uops in cache | <frozen runpy>:88
compiling:   0%|                                          | 0/1 [00:00<?, ?it/s]compiling deq8_q6k_17408_5120                     : 100%|█| 1/1 [00:00<00:00, 1977.61it/s]compiling deq8_q6k_17408_5120                     : 100%|█| 1/1 [00:00<00:00, 1845.18it/s]
scheduled    19 kernels in     7.67 ms | CACHE MISS 3bbb7941 |   38625 uops in cache | <frozen runpy>:88
compiling:   0%|                                          | 0/1 [00:00<?, ?it/s]compiling deq8_q6k_17408_5120                     : 100%|█| 1/1 [00:00<00:00, 2034.14it/s]compiling deq8_q6k_17408_5120                     : 100%|█| 1/1 [00:00<00:00, 1911.91it/s]
scheduled    25 kernels in    10.90 ms | CACHE MISS c1077b09 |   38280 uops in cache | <frozen runpy>:88
scheduled    25 kernels in     2.20 ms |  cache hit 8289fd51 |   38391 uops in cache | <frozen runpy>:88
scheduled    25 kernels in     2.27 ms |  cache hit a25ef891 |   38502 uops in cache | <frozen runpy>:88
scheduled    19 kernels in     7.44 ms | CACHE MISS 33ec0428 |   38594 uops in cache | <frozen runpy>:88
scheduled  1333 kernels in  7002.57 ms | CACHE MISS a194dde1 |   52371 uops in cache | <frozen runpy>:88
memory reduced from 44.92 MB -> 11.50 MB, 734 -> 1 bufs
compiling:   0%|                                         | 0/60 [00:00<?, ?it/s]compiling rmsnorm_quant_5120_float                :   2%| | 1/60 [00:00<00:00, 258.31it/s]compiling gemv_q6k_248320_5120_t1_r2_u2_w128_g31040:   3%| | 2/60 [00:00<00:00, 505.47it/s]compiling E[90m_[0m[33m2[0m                                     :   8%| | 5/60 [00:00<00:00, 228.76it/s]compiling E[90m_[0m[33m3[0m                                     :  10%| | 6/60 [00:00<00:00, 215.23it/s]compiling E[90m_[0m[33m2[0m                                     :  13%|▏| 8/60 [00:00<00:00, 245.11it/s]compiling E[90m_[0m[34m40[0m[90m_[0m[36m32[0m[90m_[0m[33m4[0m                               :  17%|▏| 10/60 [00:00<00:00, 210.01it/s]compiling r[90m_[0m[34m2[0m[90m_[0m[36m32[0m[90m_[0m[33m4[0m[90m_[0m[31m970[0m                            :  20%|▏| 12/60 [00:00<00:00, 184.05it/s]compiling E[90m_[0m[33m2[0m                                     :  22%|▏| 13/60 [00:00<00:00, 154.98it/s]compiling E[90m_[0m[34m1940[0m[90m_[0m[36m32[0m[90m_[0m[33m4[0m                             :  23%|▏| 14/60 [00:00<00:00, 165.89it/s]compiling r[90m_[0m[35m20[0m                                    :  25%|▎| 15/60 [00:00<00:00, 157.69it/s]compiling E[90m_[0m[33m2[0m                                     :  27%|▎| 16/60 [00:00<00:00, 168.00it/s]compiling E[90m_[0m[33m2[0m                                     :  28%|▎| 17/60 [00:00<00:00, 178.38it/s]compiling r[90m_[0m[34m2[0m[90m_[0m[36m32[0m[90m_[0m[33m4[0m[90m_[0m[31m970[0m                            :  30%|▎| 18/60 [00:00<00:00, 178.00it/s]compiling r[90m_[0m[34m2[0m[90m_[0m[36m32[0m[90m_[0m[33m4[0m[90m_[0m[31m970[0m                            :  32%|▎| 19/60 [00:00<00:00, 183.80it/s]compiling E[90m_[0m[33m2[0m                                     :  33%|▎| 20/60 [00:00<00:00, 185.30it/s]compiling r[90m_[0m[35m20[0m                                    :  35%|▎| 21/60 [00:00<00:00, 188.36it/s]compiling E[90m_[0m[34m2[0m[90m_[0m[36m32[0m[90m_[0m[33m4[0m                                :  37%|▎| 22/60 [00:00<00:00, 177.54it/s]compiling E                                       :  38%|▍| 23/60 [00:00<00:00, 178.68it/s]compiling E[90m_[0m[34m1940[0m[90m_[0m[36m32[0m[90m_[0m[33m4[0m                             :  40%|▍| 24/60 [00:00<00:00, 168.64it/s]compiling quant_x_2621440_float_b128              :  42%|▍| 25/60 [00:00<00:00, 174.82it/s]compiling r[90m_[0m[91m16[0m[90m_[0m[31m16[0m                                 :  43%|▍| 26/60 [00:00<00:00, 181.53it/s]compiling gemm_q8_5120_10240_t256_m64n64_wn4_pf0  :  45%|▍| 27/60 [00:00<00:00, 184.77it/s]compiling deq8_q6k_5120_10240                     :  47%|▍| 28/60 [00:00<00:00, 190.20it/s]compiling deq8_q6k_12288_5120                     :  48%|▍| 29/60 [00:00<00:00, 195.07it/s]compiling r[90m_[0m[34m1940[0m[90m_[0m[36m32[0m[90m_[0m[33m4[0m[90m_[0m[31m16[0m[90m_[0m[35m4[0m                        :  50%|▌| 30/60 [00:00<00:00, 201.60it/s]compiling deq8_q8_0_1024_5120                     :  53%|▌| 32/60 [00:00<00:00, 214.70it/s]compiling deq8_q6k_17408_5120                     :  57%|▌| 34/60 [00:00<00:00, 227.45it/s]compiling r[90m_[0m[34m2[0m[90m_[0m[36m32[0m[90m_[0m[33m4[0m[90m_[0m[31m970[0m                            :  60%|▌| 36/60 [00:00<00:00, 233.19it/s]compiling quant_x_10240_float                     :  63%|▋| 38/60 [00:00<00:00, 234.04it/s]compiling gemv_multi_q6k12288_q8_01024_q8_01024_5120_t1_r2u2g768_r1u2g128_r1u2g128:  67%|▋| 40/60 [00:00<00:00, 240.88it/s]compiling E[90m_[0m[34m30[0m[90m_[0m[36m32[0m[90m_[0m[33m3[0m                               :  70%|▋| 42/60 [00:00<00:00, 251.49it/s]compiling r[90m_[0m[34m2[0m[90m_[0m[36m32[0m[90m_[0m[33m4[0m[90m_[0m[31m970[0m                            :  73%|▋| 44/60 [00:00<00:00, 257.03it/s]compiling attn_merge_mq_24_256_8204_256_1         :  77%|▊| 46/60 [00:00<00:00, 266.70it/s]compiling gemv_q6k_5120_6144_t1_r1_u2_w128_g1280_res:  80%|▊| 48/60 [00:00<00:00, 274.97it/s]compiling gemv_q6k_5120_17408_t1_r1_u2_w128_g1280_res:  83%|▊| 50/60 [00:00<00:00, 286.07it/s]compiling E[90m_[0m[34m3880[0m[90m_[0m[36m32[0m[90m_[0m[33m2[0m                             :  87%|▊| 52/60 [00:00<00:00, 294.04it/s]compiling E[90m_[0m[34m1940[0m[90m_[0m[36m32[0m[90m_[0m[33m4[0m                             :  90%|▉| 54/60 [00:00<00:00, 289.99it/s]compiling E[90m_[0m[33m4[0m                                     :  93%|▉| 56/60 [00:00<00:00, 289.97it/s]compiling r[90m_[0m[34m3[0m[90m_[0m[91m16[0m[90m_[0m[31m16[0m                               :  97%|▉| 58/60 [00:00<00:00, 283.02it/s]compiling r[90m_[0m[31m20[0m[90m_[0m[35m20[0m                                 : 100%|█| 60/60 [00:00<00:00, 171.41it/s]compiling r[90m_[0m[31m20[0m[90m_[0m[35m20[0m                                 : 100%|█| 60/60 [00:00<00:00, 171.37it/s]
scheduled   907 kernels in  1069.35 ms | CACHE MISS 6b767786 |   59767 uops in cache | <frozen runpy>:88
memory reduced from 50.32 MB -> 16.89 MB, 229 -> 1 bufs
compiling:   0%|                                         | 0/93 [00:00<?, ?it/s]compiling gather_rows_4_2880                      :   1%| | 1/93 [00:00<00:00, 470.20it/s]compiling gemv_q8_0_5120_6144_t4_r2_u2_w128_g640_res:   4%| | 4/93 [00:00<00:00, 851.13it/s]compiling gemv_q6k_5120_6144_t4_r2_u2_w128_g640_res:   9%| | 8/93 [00:00<00:00, 839.44it/s]compiling attn_prep_24_4_256_64_8204_11_k4jv4     :  17%|▏| 16/93 [00:00<00:00, 884.70it/s]compiling gemv_q5k_5120_6144_t4_r2_u2_w128_g640_res:  26%|▎| 24/93 [00:00<00:00, 1003.39it/s]compiling gemv_multi_q3k17408_iq4xs17408_5120_t4_r2u2g1088_r2u2g1088:  32%|▎| 30/93 [00:00<00:00, 977.46it/s]compiling gemv_multi_q5k10240_iq4xs6144_q8_048_q8_048_5120_t4_r2u2g640_r2u2g384_r2u2g3_r2u2g3:  39%|▍| 36/93 [00:00<00:00, 830.69it/s]compiling gemv_multi_q4k17408_q4k17408_5120_t4_r2u2g1088_r2u2g1088:  43%|▍| 40/93 [00:00<00:00, 691.31it/s]compiling gemv_multi_q5k17408_q5k17408_5120_t4_r2u2g1088_r2u2g1088:  45%|▍| 42/93 [00:00<00:00, 642.16it/s]compiling gemv_multi_q5k17408_iq4nl17408_5120_t4_r2u2g1088_r2u2g1088:  52%|▌| 48/93 [00:00<00:00, 314.84it/s]compiling gemv_multi_iq4xs10240_q5k6144_q8_048_q8_048_5120_t4_r2u2g640_r2u2g384_r2u2g3_r2u2g3:  55%|▌| 51/93 [00:00<00:00, 313.47it/s]compiling gemv_multi_q4k10240_iq4xs6144_q8_048_q8_048_5120_t4_r2u2g640_r2u2g384_r2u2g3_r2u2g3:  58%|▌| 54/93 [00:00<00:00, 255.38it/s]compiling gemv_q6k_5120_17408_t4_r2_u2_w128_g640_res:  60%|▌| 56/93 [00:00<00:00, 253.14it/s]compiling gemv_multi_q6k17408_q6k17408_5120_t4_r2u2g1088_r2u2g1088:  62%|▌| 58/93 [00:00<00:00, 247.62it/s]compiling E[90m_[0m[34m20[0m[90m_[0m[34m2[0m[90m_[0m[36m4[0m[90m_[0m[36m2[0m[90m_[0m[36m16[0m[90m_[0m[33m2[0m[90m_[0m[33m2[0m                       :  65%|▋| 60/93 [00:00<00:00, 251.64it/s]compiling r[90m_[0m[34m8[0m[90m_[0m[36m32[0m[90m_[0m[33m4[0m[90m_[0m[31m970[0m                            :  67%|▋| 62/93 [00:00<00:00, 168.56it/s]compiling r[90m_[0m[34m8[0m[90m_[0m[36m32[0m[90m_[0m[33m4[0m[90m_[0m[31m970[0m                            :  68%|▋| 63/93 [00:00<00:00, 143.06it/s]compiling r[90m_[0m[36m4[0m[90m_[0m[35m20[0m                                  :  69%|▋| 64/93 [00:00<00:00, 118.32it/s]compiling r[90m_[0m[34m4[0m[90m_[0m[91m16[0m[90m_[0m[31m16[0m                               :  70%|▋| 65/93 [00:00<00:00, 108.84it/s]compiling r[90m_[0m[34m8[0m[90m_[0m[36m32[0m[90m_[0m[33m4[0m[90m_[0m[31m970[0m                            :  71%|▋| 66/93 [00:00<00:00, 101.92it/s]compiling E[90m_[0m[34m1940[0m[90m_[0m[36m32[0m[90m_[0m[33m4[0m[90m_[0m[33m4[0m                           :  72%|▋| 67/93 [00:00<00:00, 102.71it/s]compiling E[90m_[0m[33m3[0m                                     :  73%|▋| 68/93 [00:00<00:00, 102.02it/s]compiling E[90m_[0m[33m3[0m                                     :  74%|▋| 69/93 [00:00<00:00, 102.29it/s]compiling E[90m_[0m[34m320[0m[90m_[0m[36m4[0m[90m_[0m[36m16[0m[90m_[0m[33m2[0m                            :  75%|▊| 70/93 [00:00<00:00, 101.25it/s]compiling quant_x_40960_float                     :  76%|▊| 71/93 [00:00<00:00, 102.46it/s]compiling gemv_q6k_5120_10240_t4_r2_u2_w128_g640  :  77%|▊| 72/93 [00:00<00:00, 103.59it/s]compiling gemv_multi_q6k12288_q8_01024_q8_01024_5120_t4_r2u2g768_r2u2g64_r2u2g64:  78%|▊| 73/93 [00:00<00:00, 104.82it/s]compiling r[90m_[0m[33m3[0m[90m_[0m[35m3[0m[90m_[0m[35m3[0m                                 :  80%|▊| 74/93 [00:00<00:00, 105.25it/s]compiling r[90m_[0m[34m8[0m[90m_[0m[36m32[0m[90m_[0m[33m4[0m[90m_[0m[31m970[0m                            :  81%|▊| 75/93 [00:00<00:00, 104.56it/s]compiling E[90m_[0m[34m40[0m[90m_[0m[36m32[0m[90m_[0m[33m4[0m                               :  82%|▊| 76/93 [00:00<00:00, 103.07it/s]compiling r[90m_[0m[35m3[0m[90m_[0m[35m3[0m                                   :  83%|▊| 77/93 [00:00<00:00, 104.41it/s]compiling r[90m_[0m[36m4[0m[90m_[0m[35m20[0m                                  :  84%|▊| 78/93 [00:00<00:00, 103.68it/s]compiling E[90m_[0m[33m7[0m                                     :  85%|▊| 79/93 [00:00<00:00, 105.00it/s]compiling r[90m_[0m[34m8[0m[90m_[0m[36m32[0m[90m_[0m[33m4[0m[90m_[0m[31m970[0m                            :  86%|▊| 80/93 [00:00<00:00, 104.73it/s]compiling E[90m_[0m[33m5[0m                                     :  87%|▊| 81/93 [00:00<00:00, 104.37it/s]compiling E[90m_[0m[34m1940[0m[90m_[0m[36m32[0m[90m_[0m[33m4[0m                             :  88%|▉| 82/93 [00:00<00:00, 105.41it/s]compiling r[90m_[0m[34m2[0m[90m_[0m[36m32[0m[90m_[0m[33m4[0m[90m_[0m[31m970[0m                            :  89%|▉| 83/93 [00:00<00:00, 106.26it/s]compiling E[90m_[0m[33m4[0m                                     :  90%|▉| 84/93 [00:00<00:00, 107.38it/s]compiling E[90m_[0m[33m7[0m                                     :  91%|▉| 85/93 [00:00<00:00, 107.64it/s]compiling E[90m_[0m[34m1940[0m[90m_[0m[36m32[0m[90m_[0m[33m4[0m                             :  92%|▉| 86/93 [00:00<00:00, 108.72it/s]compiling E[90m_[0m[33m6[0m                                     :  94%|▉| 87/93 [00:00<00:00, 109.21it/s]compiling E[90m_[0m[34m1940[0m[90m_[0m[36m32[0m[90m_[0m[33m4[0m[90m_[0m[33m4[0m                           :  95%|▉| 88/93 [00:00<00:00, 105.08it/s]compiling r[90m_[0m[34m4[0m[90m_[0m[34m20[0m[90m_[0m[91m16[0m[90m_[0m[31m16[0m                            :  96%|▉| 89/93 [00:00<00:00, 102.32it/s]compiling r[90m_[0m[34m2[0m[90m_[0m[36m32[0m[90m_[0m[33m4[0m[90m_[0m[31m970[0m                            :  97%|▉| 90/93 [00:00<00:00, 96.49it/s]compiling r[90m_[0m[34m4[0m[90m_[0m[36m4[0m[90m_[0m[36m16[0m[90m_[0m[33m4[0m[90m_[0m[31m970[0m                          :  98%|▉| 91/93 [00:00<00:00, 94.76it/s]compiling E[90m_[0m[34m1940[0m[90m_[0m[36m32[0m[90m_[0m[33m4[0m[90m_[0m[33m4[0m                           :  99%|▉| 92/93 [00:00<00:00, 94.93it/s]compiling r[90m_[0m[33m4[0m[90m_[0m[31m20[0m[90m_[0m[35m20[0m                               : 100%|█| 93/93 [00:05<00:00, 15.54it/s]compiling r[90m_[0m[33m4[0m[90m_[0m[31m20[0m[90m_[0m[35m20[0m                               : 100%|█| 93/93 [00:05<00:00, 15.54it/s]
scheduled  1640 kernels in  1671.92 ms | CACHE MISS cd99894e |   72102 uops in cache | <frozen runpy>:88
JIT captured 1 linears with 3 inputs
memory reduced from 7671.99 MB -> 70.99 MB, 2037 -> 1 bufs
compiling:   0%|                                          | 0/5 [00:00<?, ?it/s]compiling E[90m_[0m[33m2[0m                                     :  20%|▏| 1/5 [00:00<00:00, 96.07it/s]compiling E[90m_[0m[34m2[0m[90m_[0m[36m32[0m[90m_[0m[33m4[0m                                :  40%|▍| 2/5 [00:00<00:00, 153.65it/s]compiling E[90m_[0m[33m3[0m                                     :  60%|▌| 3/5 [00:00<00:00, 218.44it/s]compiling E[90m_[0m[33m3[0m                                     :  80%|▊| 4/5 [00:00<00:00, 219.36it/s]compiling E[90m_[0m[34m2[0m[90m_[0m[36m32[0m[90m_[0m[33m4[0m                                : 100%|█| 5/5 [00:00<00:00, 214.80it/s]
scheduled   907 kernels in    40.46 ms |  cache hit 6b767786 |   71574 uops in cache | <frozen runpy>:88
JIT captured 1 linears with 3 inputs
memory reduced from 242.46 MB -> 24.47 MB, 2082 -> 1 bufs
scheduled     2 kernels in     3.10 ms | CACHE MISS 0e9565f2 |   59018 uops in cache | <frozen runpy>:88
scheduled   908 kernels in  1077.27 ms | CACHE MISS 3bd62728 |   78266 uops in cache | <frozen runpy>:88
memory reduced from 57.38 MB -> 20.87 MB, 230 -> 1 bufs
compiling:   0%|                                         | 0/87 [00:00<?, ?it/s]compiling gather_rows_5_2880                      :   1%| | 1/87 [00:00<00:00, 327.28it/s]compiling gdn_conv_10240_4_t5                     :   3%| | 3/87 [00:00<00:00, 659.05it/s]compiling silumul_quant_17408_float_t5            :   7%| | 6/87 [00:00<00:00, 850.78it/s]compiling gemv_multi_q5k10240_q5k6144_q8_048_q8_048_5120_t5_r2u2g640_r2u2g384_r2u2g3_r2u2g3:   9%| | 8/87 [00:00<00:00, 956.02it/s]compiling gemv_iq4xs_5120_17408_t5_r2_u2_w128_g640_res:  10%| | 9/87 [00:00<00:00, 1010.45it/s]compiling gemv_q6k_5120_6144_t5_r2_u2_w128_g640_res:  11%| | 10/87 [00:00<00:00, 1087.97it/s]compiling gemv_multi_iq4xs17408_q4k17408_5120_t5_r2u2g1088_r2u2g1088:  23%|▏| 20/87 [00:00<00:00, 1214.84it/s]compiling gemv_q4k_5120_17408_t5_r2_u2_w128_g640_res:  28%|▎| 24/87 [00:00<00:00, 1281.23it/s]compiling gemv_multi_q5k10240_iq4xs6144_q8_048_q8_048_5120_t5_r2u2g640_r2u2g384_r2u2g3_r2u2g3:  41%|▍| 36/87 [00:00<00:00, 1315.16it/s]compiling E[90m_[0m[33m3[0m                                     :  45%|▍| 39/87 [00:00<00:00, 1341.74it/s]compiling E[90m_[0m[34m150[0m[90m_[0m[36m32[0m[90m_[0m[33m3[0m                              :  60%|▌| 52/87 [00:00<00:00, 1259.98it/s]compiling r[90m_[0m[34m5[0m[90m_[0m[91m16[0m[90m_[0m[31m16[0m                               :  69%|▋| 60/87 [00:00<00:00, 469.89it/s]compiling r[90m_[0m[34m5[0m[90m_[0m[35m20[0m                                  :  74%|▋| 64/87 [00:00<00:00, 402.42it/s]compiling r[90m_[0m[34m8[0m[90m_[0m[36m32[0m[90m_[0m[33m5[0m[90m_[0m[31m970[0m                            :  78%|▊| 68/87 [00:00<00:00, 364.97it/s]compiling r[90m_[0m[34m5[0m[90m_[0m[91m16[0m[90m_[0m[31m16[0m                               :  79%|▊| 69/87 [00:00<00:00, 339.19it/s]compiling gemv_multi_q6k12288_q8_01024_q8_01024_5120_t5_r2u2g768_r2u2g64_r2u2g64:  83%|▊| 72/87 [00:00<00:00, 335.46it/s]compiling E[90m_[0m[34m5[0m[90m_[0m[34m320[0m[90m_[0m[36m16[0m[90m_[0m[33m2[0m                            :  86%|▊| 75/87 [00:00<00:00, 341.61it/s]compiling E[90m_[0m[34m1940[0m[90m_[0m[36m32[0m[90m_[0m[33m5[0m[90m_[0m[33m4[0m                           :  90%|▉| 78/87 [00:00<00:00, 329.25it/s]compiling E[90m_[0m[33m7[0m                                     :  93%|▉| 81/87 [00:00<00:00, 313.91it/s]compiling r[90m_[0m[35m3[0m[90m_[0m[35m3[0m                                   :  97%|▉| 84/87 [00:00<00:00, 316.48it/s]compiling r[90m_[0m[33m5[0m[90m_[0m[31m20[0m[90m_[0m[35m20[0m                               : 100%|█| 87/87 [00:02<00:00, 40.84it/s]compiling r[90m_[0m[33m5[0m[90m_[0m[31m20[0m[90m_[0m[35m20[0m                               : 100%|█| 87/87 [00:02<00:00, 40.84it/s]
scheduled   908 kernels in  1013.26 ms | CACHE MISS 43cf7d27 |   87659 uops in cache | <frozen runpy>:88
memory reduced from 64.43 MB -> 24.84 MB, 230 -> 1 bufs
compiling:   0%|                                         | 0/87 [00:00<?, ?it/s]compiling gather_rows_6_2880                      :   1%| | 1/87 [00:00<00:00, 409.29it/s]compiling gemv_multi_iq4xs17408_q3k17408_5120_t6_r2u2g1088_r2u2g1088:   5%| | 4/87 [00:00<00:00, 343.14it/s]compiling silumul_quant_17408_float_t6            :   7%| | 6/87 [00:00<00:00, 508.70it/s]compiling gemv_multi_q4k10240_q4k6144_q8_048_q8_048_5120_t6_r2u2g640_r2u2g384_r2u2g3_r2u2g3:  11%| | 10/87 [00:00<00:00, 535.36it/s]compiling gemv_multi_q4k10240_q5k6144_q8_048_q8_048_5120_t6_r2u2g640_r2u2g384_r2u2g3_r2u2g3:  17%|▏| 15/87 [00:00<00:00, 620.95it/s]compiling attn_prep_24_4_256_64_8204_11_k4jv4     :  21%|▏| 18/87 [00:00<00:00, 690.93it/s]compiling gemv_q4k_5120_17408_t6_r2_u2_w128_g640_res:  28%|▎| 24/87 [00:00<00:00, 727.85it/s]compiling gemv_multi_q3k17408_iq4xs17408_5120_t6_r2u2g1088_r2u2g1088:  32%|▎| 28/87 [00:00<00:00, 764.07it/s]compiling gemv_multi_q5k10240_iq4xs6144_q8_048_q8_048_5120_t6_r2u2g640_r2u2g384_r2u2g3_r2u2g3:  40%|▍| 35/87 [00:00<00:00, 733.06it/s]compiling gemv_multi_iq4xs12288_q6k1024_q8_01024_5120_t6_r2u2g768_r2u2g64_r2u2g64:  48%|▍| 42/87 [00:00<00:00, 488.18it/s]compiling gemv_multi_q5k17408_iq4nl17408_5120_t6_r2u2g1088_r2u2g1088:  51%|▌| 44/87 [00:00<00:00, 438.75it/s]compiling E[90m_[0m[34m23280[0m[90m_[0m[36m32[0m[90m_[0m[33m2[0m                            :  55%|▌| 48/87 [00:00<00:00, 361.04it/s]compiling gemv_multi_q4k10240_iq4xs6144_q8_048_q8_048_5120_t6_r2u2g640_r2u2g384_r2u2g3_r2u2g3:  59%|▌| 51/87 [00:00<00:00, 273.67it/s]compiling gemv_multi_iq4xs12288_q6k1024_q5k1024_5120_t6_r2u2g768_r2u2g64_r2u2g64:  60%|▌| 52/87 [00:00<00:00, 274.42it/s]compiling E[90m_[0m[34m30[0m[90m_[0m[34m2[0m[90m_[0m[36m4[0m[90m_[0m[36m2[0m[90m_[0m[36m16[0m[90m_[0m[33m2[0m[90m_[0m[33m2[0m                       :  62%|▌| 54/87 [00:00<00:00, 283.60it/s]compiling gemv_multi_q6k17408_q6k17408_5120_t6_r2u2g1088_r2u2g1088:  64%|▋| 56/87 [00:00<00:00, 283.49it/s]compiling gdn_conv_10240_4_t6                     :  67%|▋| 58/87 [00:00<00:00, 289.88it/s]compiling r[90m_[0m[34m6[0m[90m_[0m[91m16[0m[90m_[0m[31m16[0m                               :  69%|▋| 60/87 [00:00<00:00, 247.52it/s]compiling r[90m_[0m[34m16[0m[90m_[0m[36m32[0m[90m_[0m[33m3[0m[90m_[0m[31m970[0m                           :  71%|▋| 62/87 [00:00<00:00, 218.97it/s]compiling r[90m_[0m[34m6[0m[90m_[0m[34m20[0m[90m_[0m[91m16[0m[90m_[0m[31m16[0m                            :  74%|▋| 64/87 [00:00<00:00, 161.12it/s]compiling r[90m_[0m[34m8[0m[90m_[0m[36m32[0m[90m_[0m[33m6[0m[90m_[0m[31m970[0m                            :  75%|▋| 65/87 [00:00<00:00, 140.89it/s]compiling E[90m_[0m[34m1940[0m[90m_[0m[36m32[0m[90m_[0m[33m6[0m[90m_[0m[33m4[0m                           :  76%|▊| 66/87 [00:00<00:00, 128.28it/s]compiling r[90m_[0m[34m2[0m[90m_[0m[34m4[0m[90m_[0m[36m3[0m[90m_[0m[36m16[0m[90m_[0m[33m4[0m[90m_[0m[31m970[0m                        :  77%|▊| 67/87 [00:00<00:00, 119.17it/s]compiling r[90m_[0m[34m8[0m[90m_[0m[36m32[0m[90m_[0m[33m6[0m[90m_[0m[31m970[0m                            :  78%|▊| 68/87 [00:00<00:00, 118.74it/s]compiling E[90m_[0m[34m1940[0m[90m_[0m[36m32[0m[90m_[0m[33m6[0m[90m_[0m[33m4[0m                           :  79%|▊| 69/87 [00:00<00:00, 114.18it/s]compiling quant_x_61440_float                     :  80%|▊| 70/87 [00:00<00:00, 114.77it/s]compiling E[90m_[0m[34m2[0m[90m_[0m[34m320[0m[90m_[0m[36m3[0m[90m_[0m[36m16[0m[90m_[0m[33m2[0m                          :  82%|▊| 71/87 [00:00<00:00, 116.30it/s]compiling gemv_q6k_5120_10240_t6_r2_u2_w128_g640  :  83%|▊| 72/87 [00:00<00:00, 116.76it/s]compiling gemv_multi_q6k12288_q8_01024_q8_01024_5120_t6_r2u2g768_r2u2g64_r2u2g64:  84%|▊| 73/87 [00:00<00:00, 117.33it/s]compiling E[90m_[0m[34m3[0m[90m_[0m[36m3[0m                                   :  85%|▊| 74/87 [00:00<00:00, 114.80it/s]compiling r[90m_[0m[35m3[0m[90m_[0m[35m3[0m                                   :  86%|▊| 75/87 [00:00<00:00, 115.74it/s]compiling E[90m_[0m[33m5[0m                                     :  87%|▊| 76/87 [00:00<00:00, 113.47it/s]compiling E[90m_[0m[33m6[0m                                     :  89%|▉| 77/87 [00:00<00:00, 113.72it/s]compiling E[90m_[0m[33m7[0m                                     :  90%|▉| 78/87 [00:00<00:00, 113.74it/s]compiling E[90m_[0m[34m40[0m[90m_[0m[36m32[0m[90m_[0m[33m4[0m                               :  91%|▉| 79/87 [00:00<00:00, 112.91it/s]compiling r[90m_[0m[34m2[0m[90m_[0m[36m3[0m[90m_[0m[35m20[0m                                :  92%|▉| 80/87 [00:00<00:00, 112.27it/s]compiling E[90m_[0m[33m4[0m                                     :  93%|▉| 81/87 [00:00<00:00, 105.06it/s]compiling E[90m_[0m[33m6[0m                                     :  94%|▉| 82/87 [00:00<00:00, 105.63it/s]compiling r[90m_[0m[34m2[0m[90m_[0m[36m3[0m[90m_[0m[35m20[0m                                :  95%|▉| 83/87 [00:00<00:00, 105.87it/s]compiling r[90m_[0m[34m6[0m[90m_[0m[91m16[0m[90m_[0m[31m16[0m                               :  97%|▉| 84/87 [00:00<00:00, 105.08it/s]compiling r[90m_[0m[33m3[0m[90m_[0m[35m3[0m[90m_[0m[35m3[0m                                 :  98%|▉| 85/87 [00:00<00:00, 100.44it/s]compiling E[90m_[0m[34m1940[0m[90m_[0m[36m32[0m[90m_[0m[33m6[0m[90m_[0m[33m4[0m                           :  99%|▉| 86/87 [00:00<00:00, 88.67it/s]compiling r[90m_[0m[33m6[0m[90m_[0m[31m20[0m[90m_[0m[35m20[0m                               : 100%|█| 87/87 [00:02<00:00, 36.75it/s]compiling r[90m_[0m[33m6[0m[90m_[0m[31m20[0m[90m_[0m[35m20[0m                               : 100%|█| 87/87 [00:02<00:00, 36.75it/s]
scheduled   908 kernels in  1032.74 ms | CACHE MISS c7966687 |   97828 uops in cache | <frozen runpy>:88
memory reduced from 71.49 MB -> 28.81 MB, 230 -> 1 bufs
compiling:   0%|                                         | 0/87 [00:00<?, ?it/s]compiling gather_rows_7_2880                      :   1%| | 1/87 [00:00<00:00, 397.64it/s]compiling gdn_conv_10240_4_t7                     :   3%| | 3/87 [00:00<00:00, 687.03it/s]compiling silumul_quant_17408_float_t7            :   7%| | 6/87 [00:00<00:00, 564.99it/s]compiling gemv_q6k_5120_6144_t7_r2_u2_w128_g640_res:  11%| | 10/87 [00:00<00:00, 709.31it/s]compiling gemv_multi_q5k12288_q4k1024_q5k1024_5120_t7_r2u2g768_r2u2g64_r2u2g64:  16%|▏| 14/87 [00:00<00:00, 778.99it/s]compiling gemv_multi_q4k17408_q5k17408_5120_t7_r2u2g1088_r2u2g1088:  24%|▏| 21/87 [00:00<00:00, 962.64it/s]compiling gemv_multi_q6k10240_q4k6144_q8_048_q8_048_5120_t7_r2u2g640_r2u2g384_r2u2g3_r2u2g3:  31%|▎| 27/87 [00:00<00:00, 963.91it/s]compiling gemv_multi_q4k12288_q6k1024_q8_01024_5120_t7_r2u2g768_r2u2g64_r2u2g64:  41%|▍| 36/87 [00:00<00:00, 1032.05it/s]compiling gemv_multi_q4k12288_q6k1024_q6k1024_5120_t7_r2u2g768_r2u2g64_r2u2g64:  46%|▍| 40/87 [00:00<00:00, 1032.73it/s]compiling gemv_multi_iq4xs10240_q5k6144_q8_048_q8_048_5120_t7_r2u2g640_r2u2g384_r2u2g3_r2u2g3:  57%|▌| 50/87 [00:00<00:00, 1036.49it/s]compiling r[90m_[0m[34m8[0m[90m_[0m[36m32[0m[90m_[0m[33m7[0m[90m_[0m[31m970[0m                            :  69%|▋| 60/87 [00:00<00:00, 455.71it/s]compiling r[90m_[0m[34m14[0m[90m_[0m[36m32[0m[90m_[0m[33m4[0m[90m_[0m[31m970[0m                           :  74%|▋| 64/87 [00:00<00:00, 352.22it/s]compiling r[90m_[0m[34m7[0m[90m_[0m[35m20[0m                                  :  76%|▊| 66/87 [00:00<00:00, 331.19it/s]compiling quant_x_71680_float                     :  79%|▊| 69/87 [00:00<00:00, 315.41it/s]compiling E[90m_[0m[34m7[0m[90m_[0m[34m320[0m[90m_[0m[36m16[0m[90m_[0m[33m2[0m                            :  83%|▊| 72/87 [00:00<00:00, 313.12it/s]compiling E[90m_[0m[34m5[0m[90m_[0m[36m2[0m                                   :  86%|▊| 75/87 [00:00<00:00, 280.74it/s]compiling r[90m_[0m[35m3[0m[90m_[0m[35m3[0m                                   :  87%|▊| 76/87 [00:00<00:00, 284.15it/s]compiling E[90m_[0m[34m35[0m[90m_[0m[34m2[0m[90m_[0m[36m4[0m[90m_[0m[36m2[0m[90m_[0m[36m16[0m[90m_[0m[33m2[0m[90m_[0m[33m2[0m                       :  90%|▉| 78/87 [00:00<00:00, 279.20it/s]compiling E[90m_[0m[33m5[0m                                     :  92%|▉| 80/87 [00:00<00:00, 284.30it/s]compiling E[90m_[0m[33m7[0m                                     :  94%|▉| 82/87 [00:00<00:00, 286.33it/s]compiling E[90m_[0m[33m6[0m                                     :  97%|▉| 84/87 [00:00<00:00, 286.89it/s]compiling E[90m_[0m[34m1940[0m[90m_[0m[36m32[0m[90m_[0m[33m7[0m[90m_[0m[33m4[0m                           :  99%|▉| 86/87 [00:00<00:00, 201.30it/s]compiling r[90m_[0m[33m7[0m[90m_[0m[31m20[0m[90m_[0m[35m20[0m                               : 100%|█| 87/87 [00:02<00:00, 39.12it/s]
amd: scratch regrow for private_segment 148 B/thread: 0x200001000000+24M -> 0x2000ab000000+28M realloced=True kept_old=True
scheduled   908 kernels in    40.89 ms |  cache hit 3bd62728 |  104280 uops in cache | <frozen runpy>:88
JIT captured 1 linears with 3 inputs
memory reduced from 295.39 MB -> 29.60 MB, 2083 -> 1 bufs
scheduled   908 kernels in    39.95 ms |  cache hit 43cf7d27 |  106015 uops in cache | <frozen runpy>:88
JIT captured 1 linears with 3 inputs
memory reduced from 348.29 MB -> 34.72 MB, 2083 -> 1 bufs
scheduled   908 kernels in    39.12 ms |  cache hit c7966687 |  107739 uops in cache | <frozen runpy>:88
JIT captured 1 linears with 3 inputs
memory reduced from 401.22 MB -> 39.85 MB, 2083 -> 1 bufs
*** started server on http://127.0.0.1:8082 at 350.49 s
/v1/chat/completions  [90m--[0m  prep:    0 ms  [90m--[0m  in:[32m    0[0m +   25  [90m--[0m  prefill:   9 tok/s  [90m--[0m  gen:  67 tok/s  [90m--[0m  accept: 0.68 (3.05 tok/step)  [90m--[0m  out:  500  [90m--[0m  total: 10.26s
/v1/chat/completions  [90m--[0m  prep:    0 ms  [90m--[0m  in:[32m    0[0m +   26  [90m--[0m  [33mmiss: live@3/437 ckpt@3/24[0m  [90m--[0m  prefill:  23 tok/s  [90m--[0m  gen:  67 tok/s  [90m--[0m  accept: 0.66 (2.97 tok/step)  [90m--[0m  out:  500  [90m--[0m  total:  8.66s
/v1/chat/completions  [90m--[0m  prep:    0 ms  [90m--[0m  in:[32m    0[0m +   23  [90m--[0m  [33mmiss: live@3/358 ckpt@3/25[0m  [90m--[0m  prefill:  20 tok/s  [90m--[0m  gen:  65 tok/s  [90m--[0m  accept: 0.64 (2.92 tok/step)  [90m--[0m  out:  500  [90m--[0m  total:  8.78s
/v1/chat/completions  [90m--[0m  prep:    0 ms  [90m--[0m  in:[32m    0[0m +   23  [90m--[0m  [33mmiss: live@3/220 ckpt@3/22[0m  [90m--[0m  prefill:  20 tok/s  [90m--[0m  gen:  59 tok/s  [90m--[0m  accept: 0.53 (2.60 tok/step)  [90m--[0m  out:  500  [90m--[0m  total:  9.65s
/v1/chat/completions  [90m--[0m  prep:    0 ms  [90m--[0m  in:[32m    0[0m +   32  [90m--[0m  [33mmiss: live@3/354 ckpt@3/22[0m  [90m--[0m  prefill:  28 tok/s  [90m--[0m  gen:  53 tok/s  [90m--[0m  accept: 0.44 (2.31 tok/step)  [90m--[0m  out:  500  [90m--[0m  total: 10.53s
/v1/chat/completions  [90m--[0m  prep:    0 ms  [90m--[0m  in:[32m    0[0m +   29  [90m--[0m  [33mmiss: live@3/36 ckpt@3/31[0m  [90m--[0m  prefill:  25 tok/s  [90m--[0m  gen:  66 tok/s  [90m--[0m  accept: 0.65 (2.94 tok/step)  [90m--[0m  out:  500  [90m--[0m  total:  8.68s
/usr/lib/python3.13/multiprocessing/resource_tracker.py:301: UserWarning: resource_tracker: There appear to be 6 leaked semaphore objects to clean up at shutdown: {'/mp-5ca3g87c', '/mp-igrdllz8', '/mp-k44obbz9', '/mp-wvvhqzgi', '/mp-66l4q9zq', '/mp-klx_an6n'}
  warnings.warn(
am usb:2-9: product string: 'custom ed4e39b7-CLEAN'
opened device CPU from pid:633072
am usb:2-9: Malformed state. Issuing a full reset.
am usb:2-9: mode1 reset
am usb:2-9: AM_SOC initialized
am usb:2-9: AM_GMC initialized
am usb:2-9: AM_IH initialized
am usb:2-9: loading sos component: PSP_FW_TYPE_PSP_KDB
am usb:2-9: loading sos component: PSP_FW_TYPE_PSP_KDB
am usb:2-9: loading sos component: PSP_FW_TYPE_PSP_SYS_DRV
am usb:2-9: loading sos component: PSP_FW_TYPE_PSP_SOS
am usb:2-9: loading fw: GFX_FW_TYPE_SMU
am usb:2-9: loading fw: GFX_FW_TYPE_SDMA_UCODE_TH1
am usb:2-9: loading fw: GFX_FW_TYPE_SDMA_UCODE_TH0
am usb:2-9: loading fw: GFX_FW_TYPE_RS64_MEC
am usb:2-9: loading fw: GFX_FW_TYPE_RS64_MEC_P0_STACK
am usb:2-9: loading fw: GFX_FW_TYPE_IMU_I
am usb:2-9: loading fw: GFX_FW_TYPE_IMU_D
am usb:2-9: loading fw: GFX_FW_TYPE_RLC_IRAM
am usb:2-9: loading fw: GFX_FW_TYPE_RLC_DRAM_BOOT
am usb:2-9: loading fw: GFX_FW_TYPE_RLC_P
am usb:2-9: loading fw: GFX_FW_TYPE_RLC_V
am usb:2-9: loading fw: GFX_FW_TYPE_RLC_G
am usb:2-9: AM_PSP initialized
am usb:2-9: AM_SMU initialized
am usb:2-9: AM_GFX initialized
am usb:2-9: AM_SDMA initialized
am usb:2-9: boot done
AMDDevice: opening 0 with target (11, 0, 0) arch gfx1100
amd: scratch regrow for private_segment 128 B/thread: 0x200001000000+24M realloced=True kept_old=False
opened device AMD from pid:633072
opened device DISK:/home/jacob/models/Qwen3.8-27B-UD-Q4_K_XL.gguf from pid:633072
[32m*** AMD        1[0m [33mcopy   16.34 GB,     AMD <- DISK:/h[0m            arg  2 mem  17.55 GB tm [33m    45.60s [0m/ 45603.66ms (      0 GFLOPS    0|0      GB/s)
llm cache: uploaded weights in 47339.17 ms
opened device PYTHON from pid:633072
llm cache: unpickled model in 7342.29 ms
scheduled   192 kernels in   151.44 ms | CACHE MISS 66da3371 |   58796 uops in cache | <frozen runpy>:88
compiling:   0%|                                          | 0/4 [00:00<?, ?it/s]compiling E[90m_[0m[34m320[0m[90m_[0m[36m32[0m[90m_[0m[33m3[0m                              :  25%|▎| 1/4 [00:00<00:00,  3.51it/s]compiling E[90m_[0m[34m8192[0m[90m_[0m[36m32[0m[90m_[0m[33m3[0m                             :  50%|▌| 2/4 [00:00<00:00,  6.74it/s]compiling E[90m_[0m[34m8192[0m[90m_[0m[36m32[0m[90m_[0m[33m3[0m                             :  75%|▊| 3/4 [00:00<00:00,  8.64it/s]compiling E[90m_[0m[34m320[0m[90m_[0m[36m32[0m[90m_[0m[33m3[0m                              : 100%|█| 4/4 [00:00<00:00, 11.01it/s]compiling E[90m_[0m[34m320[0m[90m_[0m[36m32[0m[90m_[0m[33m3[0m                              : 100%|█| 4/4 [00:00<00:00, 11.01it/s]
[32m*** AMD        2[0m E[90m_[0m[34m320[0m[90m_[0m[36m32[0m[90m_[0m[33m3[0m                                     arg  1 mem  17.64 GB tm      4.68us/ 45603.67ms (      0 GFLOPS   26|26     GB/s)
[32m*** AMD        3[0m E[90m_[0m[34m8192[0m[90m_[0m[36m32[0m[90m_[0m[33m3[0m                                    arg  1 mem  17.64 GB tm      4.08us/ 45603.67ms (      0 GFLOPS  771|771    GB/s)
*** AMD        4 E[90m_[0m[34m320[0m[90m_[0m[36m32[0m[90m_[0m[33m3[0m                                     arg  1 mem  17.64 GB tm      3.32us/ 45603.68ms (      0 GFLOPS   37|37     GB/s)
*** AMD        5 E[90m_[0m[34m8192[0m[90m_[0m[36m32[0m[90m_[0m[33m3[0m                                    arg  1 mem  17.65 GB tm      3.96us/ 45603.68ms (      0 GFLOPS  794|794    GB/s)
*** AMD        6 E[90m_[0m[34m320[0m[90m_[0m[36m32[0m[90m_[0m[33m3[0m                                     arg  1 mem  17.65 GB tm      3.32us/ 45603.68ms (      0 GFLOPS   37|37     GB/s)
*** AMD        7 E[90m_[0m[34m8192[0m[90m_[0m[36m32[0m[90m_[0m[33m3[0m                                    arg  1 mem  17.65 GB tm      4.12us/ 45603.69ms (      0 GFLOPS  764|764    GB/s)
*** AMD        8 E[90m_[0m[34m320[0m[90m_[0m[36m32[0m[90m_[0m[33m3[0m                                     arg  1 mem  17.65 GB tm      3.32us/ 45603.69ms (      0 GFLOPS   37|37     GB/s)
*** AMD        9 E[90m_[0m[34m8192[0m[90m_[0m[36m32[0m[90m_[0m[33m3[0m                                    arg  1 mem  17.65 GB tm      4.04us/ 45603.70ms (      0 GFLOPS  779|779    GB/s)
*** AMD       10 E[90m_[0m[34m320[0m[90m_[0m[36m32[0m[90m_[0m[33m3[0m                                     arg  1 mem  17.65 GB tm      3.24us/ 45603.70ms (      0 GFLOPS   38|38     GB/s)
*** AMD       11 E[90m_[0m[34m8192[0m[90m_[0m[36m32[0m[90m_[0m[33m3[0m                                    arg  1 mem  17.66 GB tm      4.24us/ 45603.70ms (      0 GFLOPS  742|742    GB/s)
*** AMD       12 E[90m_[0m[34m320[0m[90m_[0m[36m32[0m[90m_[0m[33m3[0m                                     arg  1 mem  17.66 GB tm      3.28us/ 45603.71ms (      0 GFLOPS   37|37     GB/s)
*** AMD       13 E[90m_[0m[34m8192[0m[90m_[0m[36m32[0m[90m_[0m[33m3[0m                                    arg  1 mem  17.66 GB tm      4.08us/ 45603.71ms (      0 GFLOPS  771|771    GB/s)
*** AMD       14 E[90m_[0m[34m320[0m[90m_[0m[36m32[0m[90m_[0m[33m3[0m                                     arg  1 mem  17.66 GB tm      3.24us/ 45603.71ms (      0 GFLOPS   38|38     GB/s)
*** AMD       15 E[90m_[0m[34m8192[0m[90m_[0m[36m32[0m[90m_[0m[33m3[0m                                    arg  1 mem  17.66 GB tm      4.16us/ 45603.72ms (      0 GFLOPS  756|756    GB/s)
*** AMD       16 E[90m_[0m[34m320[0m[90m_[0m[36m32[0m[90m_[0m[33m3[0m                                     arg  1 mem  17.66 GB tm      3.20us/ 45603.72ms (      0 GFLOPS   38|38     GB/s)
*** AMD       17 E[90m_[0m[34m8192[0m[90m_[0m[36m32[0m[90m_[0m[33m3[0m                                    arg  1 mem  17.67 GB tm      4.00us/ 45603.73ms (      0 GFLOPS  786|786    GB/s)
*** AMD       18 E[90m_[0m[34m320[0m[90m_[0m[36m32[0m[90m_[0m[33m3[0m                                     arg  1 mem  17.67 GB tm      3.20us/ 45603.73ms (      0 GFLOPS   38|38     GB/s)
*** AMD       19 E[90m_[0m[34m8192[0m[90m_[0m[36m32[0m[90m_[0m[33m3[0m                                    arg  1 mem  17.67 GB tm      4.32us/ 45603.73ms (      0 GFLOPS  728|728    GB/s)
*** AMD       20 E[90m_[0m[34m320[0m[90m_[0m[36m32[0m[90m_[0m[33m3[0m                                     arg  1 mem  17.67 GB tm      3.24us/ 45603.74ms (      0 GFLOPS   38|38     GB/s)
*** AMD       21 E[90m_[0m[34m8192[0m[90m_[0m[36m32[0m[90m_[0m[33m3[0m                                    arg  1 mem  17.67 GB tm      4.08us/ 45603.74ms (      0 GFLOPS  771|771    GB/s)
*** AMD       22 E[90m_[0m[34m320[0m[90m_[0m[36m32[0m[90m_[0m[33m3[0m                                     arg  1 mem  17.67 GB tm      3.24us/ 45603.74ms (      0 GFLOPS   38|38     GB/s)
*** AMD       23 E[90m_[0m[34m8192[0m[90m_[0m[36m32[0m[90m_[0m[33m3[0m                                    arg  1 mem  17.68 GB tm      4.16us/ 45603.75ms (      0 GFLOPS  756|756    GB/s)
*** AMD       24 E[90m_[0m[34m320[0m[90m_[0m[36m32[0m[90m_[0m[33m3[0m                                     arg  1 mem  17.68 GB tm      3.24us/ 45603.75ms (      0 GFLOPS   38|38     GB/s)
*** AMD       25 E[90m_[0m[34m8192[0m[90m_[0m[36m32[0m[90m_[0m[33m3[0m                                    arg  1 mem  17.68 GB tm      4.04us/ 45603.75ms (      0 GFLOPS  779|779    GB/s)
*** AMD       26 E[90m_[0m[34m320[0m[90m_[0m[36m32[0m[90m_[0m[33m3[0m                                     arg  1 mem  17.68 GB tm      3.24us/ 45603.76ms (      0 GFLOPS   38|38     GB/s)
*** AMD       27 E[90m_[0m[34m8192[0m[90m_[0m[36m32[0m[90m_[0m[33m3[0m                                    arg  1 mem  17.68 GB tm      4.28us/ 45603.76ms (      0 GFLOPS  735|735    GB/s)
*** AMD       28 E[90m_[0m[34m320[0m[90m_[0m[36m32[0m[90m_[0m[33m3[0m                                     arg  1 mem  17.68 GB tm      3.24us/ 45603.77ms (      0 GFLOPS   38|38     GB/s)
*** AMD       29 E[90m_[0m[34m8192[0m[90m_[0m[36m32[0m[90m_[0m[33m3[0m                                    arg  1 mem  17.69 GB tm      4.04us/ 45603.77ms (      0 GFLOPS  779|779    GB/s)
*** AMD       30 E[90m_[0m[34m320[0m[90m_[0m[36m32[0m[90m_[0m[33m3[0m                                     arg  1 mem  17.69 GB tm      3.28us/ 45603.77ms (      0 GFLOPS   37|37     GB/s)
*** AMD       31 E[90m_[0m[34m8192[0m[90m_[0m[36m32[0m[90m_[0m[33m3[0m                                    arg  1 mem  17.69 GB tm      4.12us/ 45603.78ms (      0 GFLOPS  764|764    GB/s)
*** AMD       32 E[90m_[0m[34m320[0m[90m_[0m[36m32[0m[90m_[0m[33m3[0m                                     arg  1 mem  17.69 GB tm      3.20us/ 45603.78ms (      0 GFLOPS   38|38     GB/s)
*** AMD       33 E[90m_[0m[34m8192[0m[90m_[0m[36m32[0m[90m_[0m[33m3[0m                                    arg  1 mem  17.69 GB tm      4.04us/ 45603.78ms (      0 GFLOPS  779|779    GB/s)
*** AMD       34 E[90m_[0m[34m320[0m[90m_[0m[36m32[0m[90m_[0m[33m3[0m                                     arg  1 mem  17.69 GB tm      3.32us/ 45603.79ms (      0 GFLOPS   37|37     GB/s)
*** AMD       35 E[90m_[0m[34m8192[0m[90m_[0m[36m32[0m[90m_[0m[33m3[0m                                    arg  1 mem  17.70 GB tm      4.36us/ 45603.79ms (      0 GFLOPS  721|721    GB/s)
*** AMD       36 E[90m_[0m[34m320[0m[90m_[0m[36m32[0m[90m_[0m[33m3[0m                                     arg  1 mem  17.70 GB tm      3.28us/ 45603.80ms (      0 GFLOPS   37|37     GB/s)
*** AMD       37 E[90m_[0m[34m8192[0m[90m_[0m[36m32[0m[90m_[0m[33m3[0m                                    arg  1 mem  17.70 GB tm      3.96us/ 45603.80ms (      0 GFLOPS  794|794    GB/s)
*** AMD       38 E[90m_[0m[34m320[0m[90m_[0m[36m32[0m[90m_[0m[33m3[0m                                     arg  1 mem  17.70 GB tm      3.28us/ 45603.80ms (      0 GFLOPS   37|37     GB/s)
*** AMD       39 E[90m_[0m[34m8192[0m[90m_[0m[36m32[0m[90m_[0m[33m3[0m                                    arg  1 mem  17.70 GB tm      4.28us/ 45603.81ms (      0 GFLOPS  735|735    GB/s)
*** AMD       40 E[90m_[0m[34m320[0m[90m_[0m[36m32[0m[90m_[0m[33m3[0m                                     arg  1 mem  17.70 GB tm      3.24us/ 45603.81ms (      0 GFLOPS   38|38     GB/s)
*** AMD       41 E[90m_[0m[34m8192[0m[90m_[0m[36m32[0m[90m_[0m[33m3[0m                                    arg  1 mem  17.71 GB tm      4.00us/ 45603.81ms (      0 GFLOPS  786|786    GB/s)
*** AMD       42 E[90m_[0m[34m320[0m[90m_[0m[36m32[0m[90m_[0m[33m3[0m                                     arg  1 mem  17.71 GB tm      3.32us/ 45603.82ms (      0 GFLOPS   37|37     GB/s)
*** AMD       43 E[90m_[0m[34m8192[0m[90m_[0m[36m32[0m[90m_[0m[33m3[0m                                    arg  1 mem  17.71 GB tm      4.32us/ 45603.82ms (      0 GFLOPS  728|728    GB/s)
*** AMD       44 E[90m_[0m[34m320[0m[90m_[0m[36m32[0m[90m_[0m[33m3[0m                                     arg  1 mem  17.71 GB tm      3.28us/ 45603.82ms (      0 GFLOPS   37|37     GB/s)
*** AMD       45 E[90m_[0m[34m8192[0m[90m_[0m[36m32[0m[90m_[0m[33m3[0m                                    arg  1 mem  17.71 GB tm      4.00us/ 45603.83ms (      0 GFLOPS  786|786    GB/s)
*** AMD       46 E[90m_[0m[34m320[0m[90m_[0m[36m32[0m[90m_[0m[33m3[0m                                     arg  1 mem  17.71 GB tm      3.28us/ 45603.83ms (      0 GFLOPS   37|37     GB/s)
*** AMD       47 E[90m_[0m[34m8192[0m[90m_[0m[36m32[0m[90m_[0m[33m3[0m                                    arg  1 mem  17.71 GB tm      4.16us/ 45603.84ms (      0 GFLOPS  756|756    GB/s)
*** AMD       48 E[90m_[0m[34m320[0m[90m_[0m[36m32[0m[90m_[0m[33m3[0m                                     arg  1 mem  17.72 GB tm      3.32us/ 45603.84ms (      0 GFLOPS   37|37     GB/s)
*** AMD       49 E[90m_[0m[34m8192[0m[90m_[0m[36m32[0m[90m_[0m[33m3[0m                                    arg  1 mem  17.72 GB tm      4.04us/ 45603.84ms (      0 GFLOPS  779|779    GB/s)
*** AMD       50 E[90m_[0m[34m320[0m[90m_[0m[36m32[0m[90m_[0m[33m3[0m                                     arg  1 mem  17.72 GB tm      3.28us/ 45603.85ms (      0 GFLOPS   37|37     GB/s)
*** AMD       51 E[90m_[0m[34m8192[0m[90m_[0m[36m32[0m[90m_[0m[33m3[0m                                    arg  1 mem  17.72 GB tm      4.36us/ 45603.85ms (      0 GFLOPS  721|721    GB/s)
*** AMD       52 E[90m_[0m[34m320[0m[90m_[0m[36m32[0m[90m_[0m[33m3[0m                                     arg  1 mem  17.72 GB tm      3.24us/ 45603.85ms (      0 GFLOPS   38|38     GB/s)
*** AMD       53 E[90m_[0m[34m8192[0m[90m_[0m[36m32[0m[90m_[0m[33m3[0m                                    arg  1 mem  17.72 GB tm      4.00us/ 45603.86ms (      0 GFLOPS  786|786    GB/s)
*** AMD       54 E[90m_[0m[34m320[0m[90m_[0m[36m32[0m[90m_[0m[33m3[0m                                     arg  1 mem  17.72 GB tm      3.28us/ 45603.86ms (      0 GFLOPS   37|37     GB/s)
*** AMD       55 E[90m_[0m[34m8192[0m[90m_[0m[36m32[0m[90m_[0m[33m3[0m                                    arg  1 mem  17.73 GB tm      4.16us/ 45603.87ms (      0 GFLOPS  756|756    GB/s)
*** AMD       56 E[90m_[0m[34m320[0m[90m_[0m[36m32[0m[90m_[0m[33m3[0m                                     arg  1 mem  17.73 GB tm      3.24us/ 45603.87ms (      0 GFLOPS   38|38     GB/s)
*** AMD       57 E[90m_[0m[34m8192[0m[90m_[0m[36m32[0m[90m_[0m[33m3[0m                                    arg  1 mem  17.73 GB tm      3.96us/ 45603.87ms (      0 GFLOPS  794|794    GB/s)
*** AMD       58 E[90m_[0m[34m320[0m[90m_[0m[36m32[0m[90m_[0m[33m3[0m                                     arg  1 mem  17.73 GB tm      3.28us/ 45603.88ms (      0 GFLOPS   37|37     GB/s)
*** AMD       59 E[90m_[0m[34m8192[0m[90m_[0m[36m32[0m[90m_[0m[33m3[0m                                    arg  1 mem  17.73 GB tm      4.32us/ 45603.88ms (      0 GFLOPS  728|728    GB/s)
*** AMD       60 E[90m_[0m[34m320[0m[90m_[0m[36m32[0m[90m_[0m[33m3[0m                                     arg  1 mem  17.73 GB tm      3.24us/ 45603.88ms (      0 GFLOPS   38|38     GB/s)
*** AMD       61 E[90m_[0m[34m8192[0m[90m_[0m[36m32[0m[90m_[0m[33m3[0m                                    arg  1 mem  17.74 GB tm      4.08us/ 45603.89ms (      0 GFLOPS  771|771    GB/s)
*** AMD       62 E[90m_[0m[34m320[0m[90m_[0m[36m32[0m[90m_[0m[33m3[0m                                     arg  1 mem  17.74 GB tm      3.28us/ 45603.89ms (      0 GFLOPS   37|37     GB/s)
*** AMD       63 E[90m_[0m[34m8192[0m[90m_[0m[36m32[0m[90m_[0m[33m3[0m                                    arg  1 mem  17.74 GB tm      4.16us/ 45603.90ms (      0 GFLOPS  756|756    GB/s)
*** AMD       64 E[90m_[0m[34m320[0m[90m_[0m[36m32[0m[90m_[0m[33m3[0m                                     arg  1 mem  17.74 GB tm      3.48us/ 45603.90ms (      0 GFLOPS   35|35     GB/s)
*** AMD       65 E[90m_[0m[34m8192[0m[90m_[0m[36m32[0m[90m_[0m[33m3[0m                                    arg  1 mem  17.74 GB tm      4.08us/ 45603.90ms (      0 GFLOPS  771|771    GB/s)
*** AMD       66 E[90m_[0m[34m320[0m[90m_[0m[36m32[0m[90m_[0m[33m3[0m                                     arg  1 mem  17.74 GB tm      3.28us/ 45603.91ms (      0 GFLOPS   37|37     GB/s)
*** AMD       67 E[90m_[0m[34m8192[0m[90m_[0m[36m32[0m[90m_[0m[33m3[0m                                    arg  1 mem  17.75 GB tm      4.28us/ 45603.91ms (      0 GFLOPS  735|735    GB/s)
*** AMD       68 E[90m_[0m[34m320[0m[90m_[0m[36m32[0m[90m_[0m[33m3[0m                                     arg  1 mem  17.75 GB tm      3.28us/ 45603.91ms (      0 GFLOPS   37|37     GB/s)
*** AMD       69 E[90m_[0m[34m8192[0m[90m_[0m[36m32[0m[90m_[0m[33m3[0m                                    arg  1 mem  17.75 GB tm      4.00us/ 45603.92ms (      0 GFLOPS  786|786    GB/s)
*** AMD       70 E[90m_[0m[34m320[0m[90m_[0m[36m32[0m[90m_[0m[33m3[0m                                     arg  1 mem  17.75 GB tm      3.28us/ 45603.92ms (      0 GFLOPS   37|37     GB/s)
*** AMD       71 E[90m_[0m[34m8192[0m[90m_[0m[36m32[0m[90m_[0m[33m3[0m                                    arg  1 mem  17.75 GB tm      4.16us/ 45603.93ms (      0 GFLOPS  756|756    GB/s)
*** AMD       72 E[90m_[0m[34m320[0m[90m_[0m[36m32[0m[90m_[0m[33m3[0m                                     arg  1 mem  17.75 GB tm      3.24us/ 45603.93ms (      0 GFLOPS   38|38     GB/s)
*** AMD       73 E[90m_[0m[34m8192[0m[90m_[0m[36m32[0m[90m_[0m[33m3[0m                                    arg  1 mem  17.76 GB tm      4.04us/ 45603.93ms (      0 GFLOPS  779|779    GB/s)
*** AMD       74 E[90m_[0m[34m320[0m[90m_[0m[36m32[0m[90m_[0m[33m3[0m                                     arg  1 mem  17.76 GB tm      3.28us/ 45603.94ms (      0 GFLOPS   37|37     GB/s)
*** AMD       75 E[90m_[0m[34m8192[0m[90m_[0m[36m32[0m[90m_[0m[33m3[0m                                    arg  1 mem  17.76 GB tm      4.28us/ 45603.94ms (      0 GFLOPS  735|735    GB/s)
*** AMD       76 E[90m_[0m[34m320[0m[90m_[0m[36m32[0m[90m_[0m[33m3[0m                                     arg  1 mem  17.76 GB tm      3.32us/ 45603.94ms (      0 GFLOPS   37|37     GB/s)
*** AMD       77 E[90m_[0m[34m8192[0m[90m_[0m[36m32[0m[90m_[0m[33m3[0m                                    arg  1 mem  17.76 GB tm      4.04us/ 45603.95ms (      0 GFLOPS  779|779    GB/s)
*** AMD       78 E[90m_[0m[34m320[0m[90m_[0m[36m32[0m[90m_[0m[33m3[0m                                     arg  1 mem  17.76 GB tm      3.28us/ 45603.95ms (      0 GFLOPS   37|37     GB/s)
*** AMD       79 E[90m_[0m[34m8192[0m[90m_[0m[36m32[0m[90m_[0m[33m3[0m                                    arg  1 mem  17.77 GB tm      4.12us/ 45603.95ms (      0 GFLOPS  764|764    GB/s)
*** AMD       80 E[90m_[0m[34m320[0m[90m_[0m[36m32[0m[90m_[0m[33m3[0m                                     arg  1 mem  17.77 GB tm      3.28us/ 45603.96ms (      0 GFLOPS   37|37     GB/s)
*** AMD       81 E[90m_[0m[34m8192[0m[90m_[0m[36m32[0m[90m_[0m[33m3[0m                                    arg  1 mem  17.77 GB tm      4.00us/ 45603.96ms (      0 GFLOPS  786|786    GB/s)
*** AMD       82 E[90m_[0m[34m320[0m[90m_[0m[36m32[0m[90m_[0m[33m3[0m                                     arg  1 mem  17.77 GB tm      3.28us/ 45603.97ms (      0 GFLOPS   37|37     GB/s)
*** AMD       83 E[90m_[0m[34m8192[0m[90m_[0m[36m32[0m[90m_[0m[33m3[0m                                    arg  1 mem  17.77 GB tm      4.20us/ 45603.97ms (      0 GFLOPS  749|749    GB/s)
*** AMD       84 E[90m_[0m[34m320[0m[90m_[0m[36m32[0m[90m_[0m[33m3[0m                                     arg  1 mem  17.77 GB tm      3.28us/ 45603.97ms (      0 GFLOPS   37|37     GB/s)
*** AMD       85 E[90m_[0m[34m8192[0m[90m_[0m[36m32[0m[90m_[0m[33m3[0m                                    arg  1 mem  17.78 GB tm      4.04us/ 45603.98ms (      0 GFLOPS  779|779    GB/s)
*** AMD       86 E[90m_[0m[34m320[0m[90m_[0m[36m32[0m[90m_[0m[33m3[0m                                     arg  1 mem  17.78 GB tm      3.28us/ 45603.98ms (      0 GFLOPS   37|37     GB/s)
*** AMD       87 E[90m_[0m[34m8192[0m[90m_[0m[36m32[0m[90m_[0m[33m3[0m                                    arg  1 mem  17.78 GB tm      4.20us/ 45603.98ms (      0 GFLOPS  749|749    GB/s)
*** AMD       88 E[90m_[0m[34m320[0m[90m_[0m[36m32[0m[90m_[0m[33m3[0m                                     arg  1 mem  17.78 GB tm      3.28us/ 45603.99ms (      0 GFLOPS   37|37     GB/s)
*** AMD       89 E[90m_[0m[34m8192[0m[90m_[0m[36m32[0m[90m_[0m[33m3[0m                                    arg  1 mem  17.78 GB tm      4.08us/ 45603.99ms (      0 GFLOPS  771|771    GB/s)
*** AMD       90 E[90m_[0m[34m320[0m[90m_[0m[36m32[0m[90m_[0m[33m3[0m                                     arg  1 mem  17.78 GB tm      3.28us/ 45604.00ms (      0 GFLOPS   37|37     GB/s)
*** AMD       91 E[90m_[0m[34m8192[0m[90m_[0m[36m32[0m[90m_[0m[33m3[0m                                    arg  1 mem  17.79 GB tm      4.28us/ 45604.00ms (      0 GFLOPS  735|735    GB/s)
*** AMD       92 E[90m_[0m[34m320[0m[90m_[0m[36m32[0m[90m_[0m[33m3[0m                                     arg  1 mem  17.79 GB tm      3.32us/ 45604.00ms (      0 GFLOPS   37|37     GB/s)
*** AMD       93 E[90m_[0m[34m8192[0m[90m_[0m[36m32[0m[90m_[0m[33m3[0m                                    arg  1 mem  17.79 GB tm      4.04us/ 45604.01ms (      0 GFLOPS  779|779    GB/s)
*** AMD       94 E[90m_[0m[34m320[0m[90m_[0m[36m32[0m[90m_[0m[33m3[0m                                     arg  1 mem  17.79 GB tm      3.28us/ 45604.01ms (      0 GFLOPS   37|37     GB/s)
*** AMD       95 E[90m_[0m[34m8192[0m[90m_[0m[36m32[0m[90m_[0m[33m3[0m                                    arg  1 mem  17.79 GB tm      4.12us/ 45604.01ms (      0 GFLOPS  764|764    GB/s)
*** AMD       96 E[90m_[0m[34m320[0m[90m_[0m[36m32[0m[90m_[0m[33m3[0m                                     arg  1 mem  17.79 GB tm      3.28us/ 45604.02ms (      0 GFLOPS   37|37     GB/s)
*** AMD       97 E[90m_[0m[34m8192[0m[90m_[0m[36m32[0m[90m_[0m[33m3[0m                                    arg  1 mem  17.80 GB tm      4.00us/ 45604.02ms (      0 GFLOPS  786|786    GB/s)
[32m*** AMD       98[0m E[90m_[0m[34m320[0m[90m_[0m[36m32[0m[90m_[0m[33m3[0m                                     arg  2 mem  17.80 GB tm      3.44us/ 45604.02ms (      0 GFLOPS   71|71     GB/s)
[32m*** AMD       99[0m E[90m_[0m[34m8192[0m[90m_[0m[36m32[0m[90m_[0m[33m3[0m                                    arg  2 mem  17.80 GB tm      9.20us/ 45604.03ms (      0 GFLOPS  684|684    GB/s)
*** AMD      100 E[90m_[0m[34m320[0m[90m_[0m[36m32[0m[90m_[0m[33m3[0m                                     arg  2 mem  17.80 GB tm      3.72us/ 45604.04ms (      0 GFLOPS   66|66     GB/s)
*** AMD      101 E[90m_[0m[34m8192[0m[90m_[0m[36m32[0m[90m_[0m[33m3[0m                                    arg  2 mem  17.80 GB tm      8.76us/ 45604.05ms (      0 GFLOPS  718|718    GB/s)
*** AMD      102 E[90m_[0m[34m320[0m[90m_[0m[36m32[0m[90m_[0m[33m3[0m                                     arg  2 mem  17.80 GB tm      3.72us/ 45604.05ms (      0 GFLOPS   66|66     GB/s)
*** AMD      103 E[90m_[0m[34m8192[0m[90m_[0m[36m32[0m[90m_[0m[33m3[0m                                    arg  2 mem  17.81 GB tm      9.40us/ 45604.06ms (      0 GFLOPS  669|669    GB/s)
*** AMD      104 E[90m_[0m[34m320[0m[90m_[0m[36m32[0m[90m_[0m[33m3[0m                                     arg  2 mem  17.81 GB tm      3.64us/ 45604.06ms (      0 GFLOPS   68|68     GB/s)
*** AMD      105 E[90m_[0m[34m8192[0m[90m_[0m[36m32[0m[90m_[0m[33m3[0m                                    arg  2 mem  17.81 GB tm      9.28us/ 45604.07ms (      0 GFLOPS  678|678    GB/s)
*** AMD      106 E[90m_[0m[34m320[0m[90m_[0m[36m32[0m[90m_[0m[33m3[0m                                     arg  2 mem  17.81 GB tm      3.76us/ 45604.08ms (      0 GFLOPS   65|65     GB/s)
*** AMD      107 E[90m_[0m[34m8192[0m[90m_[0m[36m32[0m[90m_[0m[33m3[0m                                    arg  2 mem  17.81 GB tm      9.52us/ 45604.09ms (      0 GFLOPS  661|661    GB/s)
*** AMD      108 E[90m_[0m[34m320[0m[90m_[0m[36m32[0m[90m_[0m[33m3[0m                                     arg  2 mem  17.81 GB tm      3.84us/ 45604.09ms (      0 GFLOPS   64|64     GB/s)
*** AMD      109 E[90m_[0m[34m8192[0m[90m_[0m[36m32[0m[90m_[0m[33m3[0m                                    arg  2 mem  17.82 GB tm     10.12us/ 45604.10ms (      0 GFLOPS  622|622    GB/s)
*** AMD      110 E[90m_[0m[34m320[0m[90m_[0m[36m32[0m[90m_[0m[33m3[0m                                     arg  2 mem  17.82 GB tm      3.84us/ 45604.10ms (      0 GFLOPS   64|64     GB/s)
*** AMD      111 E[90m_[0m[34m8192[0m[90m_[0m[36m32[0m[90m_[0m[33m3[0m                                    arg  2 mem  17.82 GB tm     10.60us/ 45604.11ms (      0 GFLOPS  594|594    GB/s)
*** AMD      112 E[90m_[0m[34m320[0m[90m_[0m[36m32[0m[90m_[0m[33m3[0m                                     arg  2 mem  17.82 GB tm      3.84us/ 45604.12ms (      0 GFLOPS   64|64     GB/s)
*** AMD      113 E[90m_[0m[34m8192[0m[90m_[0m[36m32[0m[90m_[0m[33m3[0m                                    arg  2 mem  17.82 GB tm      8.92us/ 45604.13ms (      0 GFLOPS  705|705    GB/s)
*** AMD      114 E[90m_[0m[34m320[0m[90m_[0m[36m32[0m[90m_[0m[33m3[0m                                     arg  2 mem  17.82 GB tm      3.80us/ 45604.13ms (      0 GFLOPS   65|65     GB/s)
*** AMD      115 E[90m_[0m[34m8192[0m[90m_[0m[36m32[0m[90m_[0m[33m3[0m                                    arg  2 mem  17.83 GB tm     10.84us/ 45604.14ms (      0 GFLOPS  580|580    GB/s)
*** AMD      116 E[90m_[0m[34m320[0m[90m_[0m[36m32[0m[90m_[0m[33m3[0m                                     arg  2 mem  17.83 GB tm      3.92us/ 45604.15ms (      0 GFLOPS   63|63     GB/s)
*** AMD      117 E[90m_[0m[34m8192[0m[90m_[0m[36m32[0m[90m_[0m[33m3[0m                                    arg  2 mem  17.83 GB tm     10.20us/ 45604.16ms (      0 GFLOPS  617|617    GB/s)
*** AMD      118 E[90m_[0m[34m320[0m[90m_[0m[36m32[0m[90m_[0m[33m3[0m                                     arg  2 mem  17.83 GB tm      3.84us/ 45604.16ms (      0 GFLOPS   64|64     GB/s)
*** AMD      119 E[90m_[0m[34m8192[0m[90m_[0m[36m32[0m[90m_[0m[33m3[0m                                    arg  2 mem  17.83 GB tm     10.60us/ 45604.17ms (      0 GFLOPS  594|594    GB/s)
*** AMD      120 E[90m_[0m[34m320[0m[90m_[0m[36m32[0m[90m_[0m[33m3[0m                                     arg  2 mem  17.83 GB tm      3.84us/ 45604.17ms (      0 GFLOPS   64|64     GB/s)
*** AMD      121 E[90m_[0m[34m8192[0m[90m_[0m[36m32[0m[90m_[0m[33m3[0m                                    arg  2 mem  17.84 GB tm     10.64us/ 45604.18ms (      0 GFLOPS  591|591    GB/s)
*** AMD      122 E[90m_[0m[34m320[0m[90m_[0m[36m32[0m[90m_[0m[33m3[0m                                     arg  2 mem  17.84 GB tm      3.84us/ 45604.19ms (      0 GFLOPS   64|64     GB/s)
*** AMD      123 E[90m_[0m[34m8192[0m[90m_[0m[36m32[0m[90m_[0m[33m3[0m                                    arg  2 mem  17.84 GB tm     11.20us/ 45604.20ms (      0 GFLOPS  562|562    GB/s)
*** AMD      124 E[90m_[0m[34m320[0m[90m_[0m[36m32[0m[90m_[0m[33m3[0m                                     arg  2 mem  17.84 GB tm      3.96us/ 45604.20ms (      0 GFLOPS   62|62     GB/s)
*** AMD      125 E[90m_[0m[34m8192[0m[90m_[0m[36m32[0m[90m_[0m[33m3[0m                                    arg  2 mem  17.84 GB tm     11.00us/ 45604.21ms (      0 GFLOPS  572|572    GB/s)
*** AMD      126 E[90m_[0m[34m320[0m[90m_[0m[36m32[0m[90m_[0m[33m3[0m                                     arg  2 mem  17.84 GB tm      3.88us/ 45604.22ms (      0 GFLOPS   63|63     GB/s)
*** AMD      127 E[90m_[0m[34m8192[0m[90m_[0m[36m32[0m[90m_[0m[33m3[0m                                    arg  2 mem  17.85 GB tm      9.24us/ 45604.23ms (      0 GFLOPS  681|681    GB/s)
*** AMD      128 E[90m_[0m[34m320[0m[90m_[0m[36m32[0m[90m_[0m[33m3[0m                                     arg  2 mem  17.85 GB tm      3.92us/ 45604.23ms (      0 GFLOPS   63|63     GB/s)
*** AMD      129 E[90m_[0m[34m8192[0m[90m_[0m[36m32[0m[90m_[0m[33m3[0m                                    arg  2 mem  17.85 GB tm      9.08us/ 45604.24ms (      0 GFLOPS  693|693    GB/s)
*** AMD      130 E[90m_[0m[34m320[0m[90m_[0m[36m32[0m[90m_[0m[33m3[0m                                     arg  2 mem  17.85 GB tm      3.88us/ 45604.24ms (      0 GFLOPS   63|63     GB/s)
*** AMD      131 E[90m_[0m[34m8192[0m[90m_[0m[36m32[0m[90m_[0m[33m3[0m                                    arg  2 mem  17.85 GB tm      9.72us/ 45604.25ms (      0 GFLOPS  647|647    GB/s)
*** AMD      132 E[90m_[0m[34m320[0m[90m_[0m[36m32[0m[90m_[0m[33m3[0m                                     arg  2 mem  17.85 GB tm      3.84us/ 45604.26ms (      0 GFLOPS   64|64     GB/s)
*** AMD      133 E[90m_[0m[34m8192[0m[90m_[0m[36m32[0m[90m_[0m[33m3[0m                                    arg  2 mem  17.86 GB tm      7.88us/ 45604.27ms (      0 GFLOPS  798|798    GB/s)
*** AMD      134 E[90m_[0m[34m320[0m[90m_[0m[36m32[0m[90m_[0m[33m3[0m                                     arg  2 mem  17.86 GB tm      3.88us/ 45604.27ms (      0 GFLOPS   63|63     GB/s)
*** AMD      135 E[90m_[0m[34m8192[0m[90m_[0m[36m32[0m[90m_[0m[33m3[0m                                    arg  2 mem  17.86 GB tm      8.48us/ 45604.28ms (      0 GFLOPS  742|742    GB/s)
*** AMD      136 E[90m_[0m[34m320[0m[90m_[0m[36m32[0m[90m_[0m[33m3[0m                                     arg  2 mem  17.86 GB tm      3.88us/ 45604.28ms (      0 GFLOPS   63|63     GB/s)
*** AMD      137 E[90m_[0m[34m8192[0m[90m_[0m[36m32[0m[90m_[0m[33m3[0m                                    arg  2 mem  17.86 GB tm      8.44us/ 45604.29ms (      0 GFLOPS  745|745    GB/s)
*** AMD      138 E[90m_[0m[34m320[0m[90m_[0m[36m32[0m[90m_[0m[33m3[0m                                     arg  2 mem  17.86 GB tm      3.88us/ 45604.29ms (      0 GFLOPS   63|63     GB/s)
*** AMD      139 E[90m_[0m[34m8192[0m[90m_[0m[36m32[0m[90m_[0m[33m3[0m                                    arg  2 mem  17.87 GB tm      8.36us/ 45604.30ms (      0 GFLOPS  753|753    GB/s)
*** AMD      140 E[90m_[0m[34m320[0m[90m_[0m[36m32[0m[90m_[0m[33m3[0m                                     arg  2 mem  17.87 GB tm      4.00us/ 45604.31ms (      0 GFLOPS   61|61     GB/s)
*** AMD      141 E[90m_[0m[34m8192[0m[90m_[0m[36m32[0m[90m_[0m[33m3[0m                                    arg  2 mem  17.87 GB tm      7.68us/ 45604.31ms (      0 GFLOPS  819|819    GB/s)
*** AMD      142 E[90m_[0m[34m320[0m[90m_[0m[36m32[0m[90m_[0m[33m3[0m                                     arg  2 mem  17.87 GB tm      3.84us/ 45604.32ms (      0 GFLOPS   64|64     GB/s)
*** AMD      143 E[90m_[0m[34m8192[0m[90m_[0m[36m32[0m[90m_[0m[33m3[0m                                    arg  2 mem  17.87 GB tm      8.60us/ 45604.33ms (      0 GFLOPS  732|732    GB/s)
*** AMD      144 E[90m_[0m[34m320[0m[90m_[0m[36m32[0m[90m_[0m[33m3[0m                                     arg  2 mem  17.87 GB tm      3.88us/ 45604.33ms (      0 GFLOPS   63|63     GB/s)
*** AMD      145 E[90m_[0m[34m8192[0m[90m_[0m[36m32[0m[90m_[0m[33m3[0m                                    arg  2 mem  17.88 GB tm      7.96us/ 45604.34ms (      0 GFLOPS  790|790    GB/s)
*** AMD      146 E[90m_[0m[34m320[0m[90m_[0m[36m32[0m[90m_[0m[33m3[0m                                     arg  2 mem  17.88 GB tm      3.88us/ 45604.34ms (      0 GFLOPS   63|63     GB/s)
*** AMD      147 E[90m_[0m[34m8192[0m[90m_[0m[36m32[0m[90m_[0m[33m3[0m                                    arg  2 mem  17.88 GB tm      8.72us/ 45604.35ms (      0 GFLOPS  721|721    GB/s)
*** AMD      148 E[90m_[0m[34m320[0m[90m_[0m[36m32[0m[90m_[0m[33m3[0m                                     arg  2 mem  17.88 GB tm      3.88us/ 45604.36ms (      0 GFLOPS   63|63     GB/s)
*** AMD      149 E[90m_[0m[34m8192[0m[90m_[0m[36m32[0m[90m_[0m[33m3[0m                                    arg  2 mem  17.88 GB tm      8.00us/ 45604.36ms (      0 GFLOPS  786|786    GB/s)
*** AMD      150 E[90m_[0m[34m320[0m[90m_[0m[36m32[0m[90m_[0m[33m3[0m                                     arg  2 mem  17.88 GB tm      3.84us/ 45604.37ms (      0 GFLOPS   64|64     GB/s)
*** AMD      151 E[90m_[0m[34m8192[0m[90m_[0m[36m32[0m[90m_[0m[33m3[0m                                    arg  2 mem  17.88 GB tm      8.56us/ 45604.38ms (      0 GFLOPS  735|735    GB/s)
*** AMD      152 E[90m_[0m[34m320[0m[90m_[0m[36m32[0m[90m_[0m[33m3[0m                                     arg  2 mem  17.88 GB tm      3.88us/ 45604.38ms (      0 GFLOPS   63|63     GB/s)
*** AMD      153 E[90m_[0m[34m8192[0m[90m_[0m[36m32[0m[90m_[0m[33m3[0m                                    arg  2 mem  17.89 GB tm      7.88us/ 45604.39ms (      0 GFLOPS  798|798    GB/s)
*** AMD      154 E[90m_[0m[34m320[0m[90m_[0m[36m32[0m[90m_[0m[33m3[0m                                     arg  2 mem  17.89 GB tm      3.92us/ 45604.39ms (      0 GFLOPS   63|63     GB/s)
*** AMD      155 E[90m_[0m[34m8192[0m[90m_[0m[36m32[0m[90m_[0m[33m3[0m                                    arg  2 mem  17.89 GB tm      8.96us/ 45604.40ms (      0 GFLOPS  702|702    GB/s)
*** AMD      156 E[90m_[0m[34m320[0m[90m_[0m[36m32[0m[90m_[0m[33m3[0m                                     arg  2 mem  17.89 GB tm      3.96us/ 45604.40ms (      0 GFLOPS   62|62     GB/s)
*** AMD      157 E[90m_[0m[34m8192[0m[90m_[0m[36m32[0m[90m_[0m[33m3[0m                                    arg  2 mem  17.89 GB tm      8.44us/ 45604.41ms (      0 GFLOPS  745|745    GB/s)
*** AMD      158 E[90m_[0m[34m320[0m[90m_[0m[36m32[0m[90m_[0m[33m3[0m                                     arg  2 mem  17.89 GB tm      3.88us/ 45604.42ms (      0 GFLOPS   63|63     GB/s)
*** AMD      159 E[90m_[0m[34m8192[0m[90m_[0m[36m32[0m[90m_[0m[33m3[0m                                    arg  2 mem  17.90 GB tm      8.68us/ 45604.43ms (      0 GFLOPS  725|725    GB/s)
*** AMD      160 E[90m_[0m[34m320[0m[90m_[0m[36m32[0m[90m_[0m[33m3[0m                                     arg  2 mem  17.90 GB tm      3.84us/ 45604.43ms (      0 GFLOPS   64|64     GB/s)
*** AMD      161 E[90m_[0m[34m8192[0m[90m_[0m[36m32[0m[90m_[0m[33m3[0m                                    arg  2 mem  17.90 GB tm      8.36us/ 45604.44ms (      0 GFLOPS  753|753    GB/s)
*** AMD      162 E[90m_[0m[34m320[0m[90m_[0m[36m32[0m[90m_[0m[33m3[0m                                     arg  2 mem  17.90 GB tm      3.88us/ 45604.44ms (      0 GFLOPS   63|63     GB/s)
*** AMD      163 E[90m_[0m[34m8192[0m[90m_[0m[36m32[0m[90m_[0m[33m3[0m                                    arg  2 mem  17.90 GB tm      8.92us/ 45604.45ms (      0 GFLOPS  705|705    GB/s)
*** AMD      164 E[90m_[0m[34m320[0m[90m_[0m[36m32[0m[90m_[0m[33m3[0m                                     arg  2 mem  17.90 GB tm      3.80us/ 45604.45ms (      0 GFLOPS   65|65     GB/s)
*** AMD      165 E[90m_[0m[34m8192[0m[90m_[0m[36m32[0m[90m_[0m[33m3[0m                                    arg  2 mem  17.91 GB tm      7.84us/ 45604.46ms (      0 GFLOPS  802|802    GB/s)
*** AMD      166 E[90m_[0m[34m320[0m[90m_[0m[36m32[0m[90m_[0m[33m3[0m                                     arg  2 mem  17.91 GB tm      3.84us/ 45604.47ms (      0 GFLOPS   64|64     GB/s)
*** AMD      167 E[90m_[0m[34m8192[0m[90m_[0m[36m32[0m[90m_[0m[33m3[0m                                    arg  2 mem  17.91 GB tm      8.16us/ 45604.47ms (      0 GFLOPS  771|771    GB/s)
*** AMD      168 E[90m_[0m[34m320[0m[90m_[0m[36m32[0m[90m_[0m[33m3[0m                                     arg  2 mem  17.91 GB tm      3.92us/ 45604.48ms (      0 GFLOPS   63|63     GB/s)
*** AMD      169 E[90m_[0m[34m8192[0m[90m_[0m[36m32[0m[90m_[0m[33m3[0m                                    arg  2 mem  17.91 GB tm      8.76us/ 45604.49ms (      0 GFLOPS  718|718    GB/s)
*** AMD      170 E[90m_[0m[34m320[0m[90m_[0m[36m32[0m[90m_[0m[33m3[0m                                     arg  2 mem  17.91 GB tm      3.88us/ 45604.49ms (      0 GFLOPS   63|63     GB/s)
*** AMD      171 E[90m_[0m[34m8192[0m[90m_[0m[36m32[0m[90m_[0m[33m3[0m                                    arg  2 mem  17.92 GB tm      8.84us/ 45604.50ms (      0 GFLOPS  712|712    GB/s)
*** AMD      172 E[90m_[0m[34m320[0m[90m_[0m[36m32[0m[90m_[0m[33m3[0m                                     arg  2 mem  17.92 GB tm      4.08us/ 45604.50ms (      0 GFLOPS   60|60     GB/s)
*** AMD      173 E[90m_[0m[34m8192[0m[90m_[0m[36m32[0m[90m_[0m[33m3[0m                                    arg  2 mem  17.92 GB tm      8.96us/ 45604.51ms (      0 GFLOPS  702|702    GB/s)
*** AMD      174 E[90m_[0m[34m320[0m[90m_[0m[36m32[0m[90m_[0m[33m3[0m                                     arg  2 mem  17.92 GB tm      3.84us/ 45604.52ms (      0 GFLOPS   64|64     GB/s)
*** AMD      175 E[90m_[0m[34m8192[0m[90m_[0m[36m32[0m[90m_[0m[33m3[0m                                    arg  2 mem  17.92 GB tm      8.28us/ 45604.52ms (      0 GFLOPS  760|760    GB/s)
*** AMD      176 E[90m_[0m[34m320[0m[90m_[0m[36m32[0m[90m_[0m[33m3[0m                                     arg  2 mem  17.92 GB tm      3.96us/ 45604.53ms (      0 GFLOPS   62|62     GB/s)
*** AMD      177 E[90m_[0m[34m8192[0m[90m_[0m[36m32[0m[90m_[0m[33m3[0m                                    arg  2 mem  17.93 GB tm      8.44us/ 45604.54ms (      0 GFLOPS  745|745    GB/s)
*** AMD      178 E[90m_[0m[34m320[0m[90m_[0m[36m32[0m[90m_[0m[33m3[0m                                     arg  2 mem  17.93 GB tm      3.84us/ 45604.54ms (      0 GFLOPS   64|64     GB/s)
*** AMD      179 E[90m_[0m[34m8192[0m[90m_[0m[36m32[0m[90m_[0m[33m3[0m                                    arg  2 mem  17.93 GB tm      9.68us/ 45604.55ms (      0 GFLOPS  650|650    GB/s)
*** AMD      180 E[90m_[0m[34m320[0m[90m_[0m[36m32[0m[90m_[0m[33m3[0m                                     arg  2 mem  17.93 GB tm      3.84us/ 45604.55ms (      0 GFLOPS   64|64     GB/s)
*** AMD      181 E[90m_[0m[34m8192[0m[90m_[0m[36m32[0m[90m_[0m[33m3[0m                                    arg  2 mem  17.93 GB tm      7.84us/ 45604.56ms (      0 GFLOPS  802|802    GB/s)
*** AMD      182 E[90m_[0m[34m320[0m[90m_[0m[36m32[0m[90m_[0m[33m3[0m                                     arg  2 mem  17.93 GB tm      3.96us/ 45604.57ms (      0 GFLOPS   62|62     GB/s)
*** AMD      183 E[90m_[0m[34m8192[0m[90m_[0m[36m32[0m[90m_[0m[33m3[0m                                    arg  2 mem  17.94 GB tm      8.12us/ 45604.57ms (      0 GFLOPS  775|775    GB/s)
*** AMD      184 E[90m_[0m[34m320[0m[90m_[0m[36m32[0m[90m_[0m[33m3[0m                                     arg  2 mem  17.94 GB tm      4.04us/ 45604.58ms (      0 GFLOPS   61|61     GB/s)
*** AMD      185 E[90m_[0m[34m8192[0m[90m_[0m[36m32[0m[90m_[0m[33m3[0m                                    arg  2 mem  17.94 GB tm      8.84us/ 45604.59ms (      0 GFLOPS  712|712    GB/s)
*** AMD      186 E[90m_[0m[34m320[0m[90m_[0m[36m32[0m[90m_[0m[33m3[0m                                     arg  2 mem  17.94 GB tm      4.04us/ 45604.59ms (      0 GFLOPS   61|61     GB/s)
*** AMD      187 E[90m_[0m[34m8192[0m[90m_[0m[36m32[0m[90m_[0m[33m3[0m                                    arg  2 mem  17.94 GB tm      8.04us/ 45604.60ms (      0 GFLOPS  783|783    GB/s)
*** AMD      188 E[90m_[0m[34m320[0m[90m_[0m[36m32[0m[90m_[0m[33m3[0m                                     arg  2 mem  17.94 GB tm      3.88us/ 45604.60ms (      0 GFLOPS   63|63     GB/s)
*** AMD      189 E[90m_[0m[34m8192[0m[90m_[0m[36m32[0m[90m_[0m[33m3[0m                                    arg  2 mem  17.95 GB tm      8.20us/ 45604.61ms (      0 GFLOPS  767|767    GB/s)
*** AMD      190 E[90m_[0m[34m320[0m[90m_[0m[36m32[0m[90m_[0m[33m3[0m                                     arg  2 mem  17.95 GB tm      3.84us/ 45604.62ms (      0 GFLOPS   64|64     GB/s)
*** AMD      191 E[90m_[0m[34m8192[0m[90m_[0m[36m32[0m[90m_[0m[33m3[0m                                    arg  2 mem  17.95 GB tm      8.44us/ 45604.62ms (      0 GFLOPS  745|745    GB/s)
*** AMD      192 E[90m_[0m[34m320[0m[90m_[0m[36m32[0m[90m_[0m[33m3[0m                                     arg  2 mem  17.95 GB tm      3.84us/ 45604.63ms (      0 GFLOPS   64|64     GB/s)
*** AMD      193 E[90m_[0m[34m8192[0m[90m_[0m[36m32[0m[90m_[0m[33m3[0m                                    arg  2 mem  17.95 GB tm      7.68us/ 45604.64ms (      0 GFLOPS  819|819    GB/s)
llm cache: loaded warmed-up model from /home/jacob/.cache/tinygrad/llm/4a6eb00e7c4b42c8.pkl
using model "Qwen3.8-27B" with 17,935,038,024 bytes and 62,621,758,466 params, max context 8192 on AMD
scheduled     2 kernels in     3.73 ms | CACHE MISS 0e9565f2 |   58144 uops in cache | <frozen runpy>:88
amd: scratch regrow for private_segment 148 B/thread: 0x200001000000+24M -> 0x200061000000+28M realloced=True kept_old=True
*** started server on http://127.0.0.1:8082 at 101.29 s
/v1/chat/completions  [90m--[0m  prep:    0 ms  [90m--[0m  in:[32m    0[0m +   25  [90m--[0m  prefill:   9 tok/s  [90m--[0m  gen:  68 tok/s  [90m--[0m  accept: 0.71 (3.14 tok/step)  [90m--[0m  out:  500  [90m--[0m  total: 10.12s
/v1/chat/completions  [90m--[0m  prep:    0 ms  [90m--[0m  in:[32m    0[0m +   26  [90m--[0m  [33mmiss: live@3/395 ckpt@3/24[0m  [90m--[0m  prefill:  23 tok/s  [90m--[0m  gen:  65 tok/s  [90m--[0m  accept: 0.63 (2.90 tok/step)  [90m--[0m  out:  500  [90m--[0m  total:  8.89s
/v1/chat/completions  [90m--[0m  prep:    0 ms  [90m--[0m  in:[32m    0[0m +   23  [90m--[0m  [33mmiss: live@3/252 ckpt@3/25[0m  [90m--[0m  prefill:  20 tok/s  [90m--[0m  gen:  65 tok/s  [90m--[0m  accept: 0.64 (2.92 tok/step)  [90m--[0m  out:  500  [90m--[0m  total:  8.81s
/v1/chat/completions  [90m--[0m  prep:    0 ms  [90m--[0m  in:[32m    0[0m +   23  [90m--[0m  [33mmiss: live@3/229 ckpt@3/22[0m  [90m--[0m  prefill:  20 tok/s  [90m--[0m  gen:  59 tok/s  [90m--[0m  accept: 0.54 (2.62 tok/step)  [90m--[0m  out:  500  [90m--[0m  total:  9.61s
/v1/chat/completions  [90m--[0m  prep:    0 ms  [90m--[0m  in:[32m    0[0m +   32  [90m--[0m  [33mmiss: live@3/347 ckpt@3/22[0m  [90m--[0m  prefill:  28 tok/s  [90m--[0m  gen:  54 tok/s  [90m--[0m  accept: 0.45 (2.34 tok/step)  [90m--[0m  out:  500  [90m--[0m  total: 10.47s
/v1/chat/completions  [90m--[0m  prep:    0 ms  [90m--[0m  in:[32m    0[0m +   29  [90m--[0m  [33mmiss: live@3/101 ckpt@3/31[0m  [90m--[0m  prefill:  25 tok/s  [90m--[0m  gen:  61 tok/s  [90m--[0m  accept: 0.58 (2.73 tok/step)  [90m--[0m  out:  500  [90m--[0m  total:  9.29s
/usr/lib/python3.13/multiprocessing/resource_tracker.py:301: UserWarning: resource_tracker: There appear to be 6 leaked semaphore objects to clean up at shutdown: {'/mp-cy9pqu47', '/mp-6_p8c9zm', '/mp-ru1tg3h7', '/mp-lzs3j484', '/mp-kq98jjoh', '/mp-0y_dok1s'}
  warnings.warn(
